{"type": "FeatureCollection", "crs": {"type": "name", "properties": {"name": "urn:ogc:def:crs:OGC:1.3:CRS84"}}, "features": [{"type": "Feature", "id": "01045", "geometry": {"type": "Polygon", "coordinates": [[[-85.435, 31.286], [-85.439, 31.287], [-85.486, 31.258], [-85.49, 31.246], [-85.501, 31.246], [-85.516, 31.252], [-85.531, 31.252], [-85.543, 31.254], [-85.552, 31.257], [-85.561, 31.26], [-85.572, 31.263], [-85.582, 31.264], [-85.592, 31.268], [-85.603, 31.272], [-85.614, 31.273], [-85.624, 31.274], [-85.631, 31.273], [-85.65, 31.272], [-85.662, 31.269], [-85.671, 31.259], [-85.677, 31.241], [-85.69, 31.227], [-85.692, 31.217], [-85.695, 31.208], [-85.701, 31.202], [-85.707, 31.197], [-85.711, 31.195], [-85.722, 31.195], [-85.727, 31.195], [-85.736, 31.196], [-85.74, 31.196], [-85.742, 31.196], [-85.75, 31.196], [-85.754, 31.196], [-85.766, 31.196], [-85.772, 31.196], [-85.779, 31.196], [-85.781, 31.196], [-85.791, 31.196], [-85.791, 31.196], [-85.791, 31.222], [-85.791, 31.232], [-85.792, 31.249], [-85.791, 31.281], [-85.791, 31.293], [-85.791, 31.293], [-85.791, 31.294], [-85.791, 31.296], [-85.791, 31.296], [-85.791, 31.298], [-85.79, 31.32], [-85.79, 31.337], [-85.79, 31.342], [-85.79, 31.343], [-85.79, 31.359], [-85.79, 31.385], [-85.79, 31.414], [-85.79, 31.415], [-85.79, 31.432], [-85.79, 31.473], [-85.789, 31.486], [-85.789, 31.495], [-85.789, 31.499], [-85.789, 31.535], [-85.789, 31.58], [-85.789, 31.613], [-85.789, 31.618], [-85.788, 31.618], [-85.788, 31.618], [-85.787, 31.618], [-85.786, 31.618], [-85.785, 31.618], [-85.781, 31.618], [-85.78, 31.618], [-85.78, 31.618], [-85.779, 31.618], [-85.777, 31.618], [-85.777, 31.618], [-85.777, 31.618], [-85.773, 31.618], [-85.771, 31.618], [-85.77, 31.618], [-85.77, 31.618], [-85.768, 31.618], [-85.767, 31.618], [-85.766, 31.618], [-85.765, 31.618], [-85.765, 31.618], [-85.762, 31.618], [-85.754, 31.618], [-85.751, 31.618], [-85.75, 31.618], [-85.748, 31.618], [-85.748, 31.618], [-85.747, 31.618], [-85.73, 31.618], [-85.73, 31.618], [-85.73, 31.618], [-85.726, 31.618], [-85.726, 31.618], [-85.709, 31.618], [-85.691, 31.618], [-85.652, 31.618], [-85.646, 31.618], [-85.625, 31.618], [-85.624, 31.618], [-85.616, 31.618], [-85.607, 31.618], [-85.605, 31.618], [-85.595, 31.618], [-85.568, 31.618], [-85.563, 31.618], [-85.558, 31.618], [-85.536, 31.619], [-85.513, 31.62], [-85.492, 31.62], [-85.463, 31.62], [-85.428, 31.62], [-85.428, 31.62], [-85.425, 31.62], [-85.416, 31.619], [-85.416, 31.606], [-85.416, 31.588], [-85.416, 31.561], [-85.416, 31.548], [-85.415, 31.535], [-85.415, 31.525], [-85.415, 31.5], [-85.416, 31.49], [-85.417, 31.465], [-85.418, 31.448], [-85.418, 31.444], [-85.418, 31.423], [-85.418, 31.414], [-85.417, 31.413], [-85.418, 31.407], [-85.417, 31.406], [-85.417, 31.402], [-85.417, 31.384], [-85.417, 31.38], [-85.417, 31.366], [-85.417, 31.348], [-85.417, 31.337], [-85.417, 31.336], [-85.418, 31.332], [-85.417, 31.326], [-85.417, 31.315], [-85.417, 31.315]]]}, "properties": {"county_fips": "01045", "county_name": "Dale", "state": "AL"}}, {"type": "Feature", "id": "01061", "geometry": {"type": "Polygon", "coordinates": [[[-85.533, 31.198], [-85.518, 31.198], [-85.513, 31.199], [-85.508, 31.199], [-85.5, 31.199], [-85.49, 31.2], [-85.488, 31.2], [-85.486, 31.191], [-85.486, 31.19], [-85.486, 31.187], [-85.486, 31.165], [-85.485, 31.149], [-85.485, 31.125], [-85.485, 31.114], [-85.486, 31.105], [-85.486, 31.082], [-85.486, 31.077], [-85.486, 31.054], [-85.487, 31.031], [-85.488, 31.006], [-85.488, 31.001], [-85.488, 30.997], [-85.489, 30.997], [-85.492, 30.997], [-85.493, 30.997], [-85.493, 30.997], [-85.494, 30.997], [-85.497, 30.997], [-85.498, 30.997], [-85.5, 30.997], [-85.513, 30.997], [-85.534, 30.997], [-85.549, 30.996], [-85.568, 30.996], [-85.576, 30.996], [-85.583, 30.996], [-85.614, 30.996], [-85.644, 30.996], [-85.66, 30.996], [-85.681, 30.996], [-85.684, 30.996], [-85.692, 30.996], [-85.75, 30.995], [-85.769, 30.995], [-85.83, 30.994], [-85.84, 30.994], [-85.878, 30.994], [-85.911, 30.993], [-85.932, 30.993], [-85.94, 30.993], [-85.965, 30.993], [-85.978, 30.993], [-85.986, 30.993], [-86.007, 30.993], [-86.032, 30.993], [-86.035, 30.993], [-86.036, 30.993], [-86.054, 30.993], [-86.056, 30.993], [-86.061, 30.993], [-86.062, 30.993], [-86.063, 30.993], [-86.064, 30.993], [-86.079, 30.993], [-86.102, 30.993], [-86.117, 30.993], [-86.125, 30.993], [-86.131, 30.993], [-86.145, 30.993], [-86.164, 30.994], [-86.165, 30.994], [-86.166, 30.994], [-86.166, 30.994], [-86.169, 30.994], [-86.171, 30.994], [-86.172, 30.994], [-86.175, 30.994], [-86.175, 30.994], [-86.176, 30.994], [-86.179, 30.994], [-86.18, 30.994], [-86.181, 30.994], [-86.187, 30.994], [-86.188, 31.0], [-86.187, 31.002], [-86.189, 31.003], [-86.19, 31.003], [-86.19, 31.006], [-86.19, 31.008], [-86.191, 31.017], [-86.191, 31.018], [-86.191, 31.022], [-86.191, 31.024], [-86.191, 31.026], [-86.191, 31.032], [-86.191, 31.033], [-86.191, 31.034], [-86.191, 31.042], [-86.192, 31.057], [-86.192, 31.066], [-86.192, 31.077], [-86.192, 31.082], [-86.192, 31.09], [-86.193, 31.104], [-86.193, 31.119], [-86.193, 31.138], [-86.193, 31.167], [-86.193, 31.19], [-86.193, 31.192], [-86.193, 31.192], [-86.188, 31.192], [-86.172, 31.192], [-86.161, 31.193], [-86.152, 31.193], [-86.125, 31.193], [-86.125, 31.182], [-86.117, 31.182], [-86.102, 31.193], [-86.089, 31.193], [-86.076, 31.194], [-86.059, 31.194], [-86.046, 31.194], [-86.041, 31.195], [-86.032, 31.195], [-86.0, 31.196], [-85.986, 31.196], [-85.95, 31.196], [-85.949, 31.196], [-85.949, 31.196], [-85.929, 31.196], [-85.907, 31.196], [-85.875, 31.196], [-85.858, 31.196], [-85.843, 31.196], [-85.799, 31.196], [-85.791, 31.196], [-85.791, 31.196], [-85.791, 31.196], [-85.781, 31.196], [-85.779, 31.196], [-85.772, 31.196], [-85.766, 31.196], [-85.754, 31.196], [-85.75, 31.196], [-85.742, 31.196], [-85.74, 31.196], [-85.736, 31.196], [-85.727, 31.195], [-85.722, 31.195], [-85.711, 31.195], [-85.66, 31.195], [-85.62, 31.195], [-85.6, 31.195], [-85.575, 31.195], [-85.539, 31.198]]]}, "properties": {"county_fips": "01061", "county_name": "Geneva", "state": "AL"}}, {"type": "Feature", "id": "01067", "geometry": {"type": "Polygon", "coordinates": [[[-85.08, 31.412], [-85.078, 31.405], [-85.08, 31.395], [-85.082, 31.385], [-85.086, 31.379], [-85.088, 31.372], [-85.092, 31.355], [-85.086, 31.353], [-85.086, 31.349], [-85.089, 31.336], [-85.084, 31.328], [-85.084, 31.317], [-85.088, 31.31], [-85.088, 31.309], [-85.088, 31.309], [-85.11, 31.308], [-85.111, 31.308], [-85.129, 31.308], [-85.148, 31.308], [-85.172, 31.308], [-85.196, 31.308], [-85.205, 31.309], [-85.229, 31.309], [-85.234, 31.309], [-85.247, 31.31], [-85.25, 31.311], [-85.252, 31.311], [-85.255, 31.31], [-85.262, 31.31], [-85.279, 31.311], [-85.295, 31.311], [-85.317, 31.312], [-85.327, 31.313], [-85.351, 31.314], [-85.351, 31.314], [-85.362, 31.314], [-85.378, 31.315], [-85.391, 31.315], [-85.404, 31.315], [-85.41, 31.315], [-85.417, 31.315], [-85.417, 31.315], [-85.417, 31.326], [-85.418, 31.332], [-85.417, 31.336], [-85.417, 31.337], [-85.417, 31.348], [-85.417, 31.366], [-85.417, 31.38], [-85.417, 31.384], [-85.417, 31.402], [-85.417, 31.406], [-85.418, 31.407], [-85.417, 31.413], [-85.418, 31.414], [-85.418, 31.423], [-85.418, 31.444], [-85.418, 31.448], [-85.417, 31.465], [-85.416, 31.49], [-85.415, 31.5], [-85.415, 31.525], [-85.415, 31.535], [-85.416, 31.548], [-85.416, 31.561], [-85.416, 31.588], [-85.416, 31.606], [-85.416, 31.619], [-85.416, 31.62], [-85.416, 31.65], [-85.416, 31.678], [-85.416, 31.707], [-85.352, 31.706], [-85.276, 31.704], [-85.214, 31.706], [-85.211, 31.717], [-85.211, 31.726], [-85.208, 31.735], [-85.201, 31.743], [-85.19, 31.747], [-85.185, 31.751], [-85.179, 31.754], [-85.174, 31.756], [-85.168, 31.761], [-85.161, 31.767], [-85.16, 31.771], [-85.155, 31.773], [-85.151, 31.773], [-85.145, 31.772], [-85.143, 31.77], [-85.143, 31.768], [-85.139, 31.77], [-85.133, 31.766], [-85.127, 31.763], [-85.127, 31.763], [-85.128, 31.762], [-85.127, 31.753], [-85.125, 31.75], [-85.121, 31.739], [-85.122, 31.728], [-85.125, 31.719], [-85.127, 31.712], [-85.126, 31.704], [-85.126, 31.697], [-85.117, 31.689], [-85.103, 31.671], [-85.09, 31.659], [-85.078, 31.651], [-85.085, 31.646], [-85.086, 31.638], [-85.078, 31.634], [-85.069, 31.626], [-85.058, 31.619], [-85.06, 31.608], [-85.056, 31.603], [-85.058, 31.586], [-85.055, 31.577], [-85.056, 31.567], [-85.045, 31.548], [-85.046, 31.531], [-85.045, 31.518], [-85.045, 31.517], [-85.051, 31.509], [-85.058, 31.498], [-85.062, 31.488], [-85.065, 31.485], [-85.068, 31.477], [-85.071, 31.463], [-85.069, 31.454], [-85.066, 31.443], [-85.066, 31.433], [-85.068, 31.427], [-85.072, 31.429], [-85.076, 31.422], [-85.08, 31.412]]]}, "properties": {"county_fips": "01067", "county_name": "Henry", "state": "AL"}}, {"type": "Feature", "id": "01069", "geometry": {"type": "Polygon", "coordinates": [[[-85.435, 31.286], [-85.417, 31.315], [-85.41, 31.315], [-85.404, 31.315], [-85.391, 31.315], [-85.378, 31.315], [-85.362, 31.314], [-85.351, 31.314], [-85.351, 31.314], [-85.327, 31.313], [-85.317, 31.312], [-85.295, 31.311], [-85.279, 31.311], [-85.262, 31.31], [-85.255, 31.31], [-85.252, 31.311], [-85.25, 31.311], [-85.247, 31.31], [-85.234, 31.309], [-85.229, 31.309], [-85.205, 31.309], [-85.196, 31.308], [-85.172, 31.308], [-85.148, 31.308], [-85.129, 31.308], [-85.111, 31.308], [-85.11, 31.308], [-85.088, 31.309], [-85.088, 31.309], [-85.088, 31.308], [-85.093, 31.29], [-85.098, 31.285], [-85.112, 31.281], [-85.112, 31.274], [-85.112, 31.26], [-85.107, 31.25], [-85.102, 31.238], [-85.099, 31.232], [-85.097, 31.226], [-85.098, 31.213], [-85.106, 31.205], [-85.108, 31.193], [-85.107, 31.186], [-85.099, 31.181], [-85.1, 31.165], [-85.084, 31.16], [-85.075, 31.154], [-85.065, 31.144], [-85.061, 31.134], [-85.056, 31.125], [-85.052, 31.119], [-85.04, 31.112], [-85.034, 31.102], [-85.027, 31.088], [-85.029, 31.076], [-85.029, 31.076], [-85.029, 31.075], [-85.028, 31.074], [-85.028, 31.073], [-85.026, 31.071], [-85.023, 31.067], [-85.022, 31.066], [-85.019, 31.061], [-85.018, 31.059], [-85.017, 31.058], [-85.016, 31.058], [-85.015, 31.057], [-85.013, 31.056], [-85.011, 31.053], [-85.01, 31.048], [-85.009, 31.044], [-85.009, 31.036], [-85.009, 31.032], [-85.005, 31.025], [-85.005, 31.02], [-85.004, 31.019], [-85.002, 31.017], [-85.0, 31.015], [-85.0, 31.014], [-85.0, 31.009], [-85.002, 31.003], [-85.002, 31.001], [-85.002, 31.001], [-85.003, 31.001], [-85.024, 31.001], [-85.028, 31.001], [-85.034, 31.001], [-85.059, 31.001], [-85.062, 31.001], [-85.075, 31.001], [-85.094, 31.001], [-85.11, 31.001], [-85.123, 31.001], [-85.142, 31.001], [-85.149, 31.001], [-85.164, 31.001], [-85.176, 31.001], [-85.189, 31.001], [-85.229, 31.001], [-85.253, 31.001], [-85.272, 31.0], [-85.291, 31.0], [-85.311, 31.0], [-85.349, 30.999], [-85.384, 30.999], [-85.407, 30.998], [-85.414, 30.998], [-85.465, 30.997], [-85.486, 30.997], [-85.488, 30.997], [-85.488, 31.001], [-85.488, 31.006], [-85.487, 31.031], [-85.486, 31.054], [-85.486, 31.077], [-85.486, 31.082], [-85.486, 31.105], [-85.485, 31.114], [-85.485, 31.125], [-85.485, 31.149], [-85.486, 31.165], [-85.486, 31.187], [-85.486, 31.19], [-85.486, 31.191], [-85.488, 31.2], [-85.49, 31.2], [-85.5, 31.199], [-85.508, 31.199], [-85.513, 31.199], [-85.518, 31.198], [-85.533, 31.198], [-85.539, 31.198], [-85.575, 31.195], [-85.6, 31.195], [-85.62, 31.195], [-85.66, 31.195], [-85.711, 31.195], [-85.707, 31.197], [-85.701, 31.202], [-85.695, 31.208], [-85.692, 31.217], [-85.69, 31.227], [-85.677, 31.241], [-85.671, 31.259], [-85.662, 31.269], [-85.65, 31.272], [-85.631, 31.273], [-85.624, 31.274], [-85.614, 31.273], [-85.603, 31.272], [-85.592, 31.268], [-85.582, 31.264], [-85.572, 31.263], [-85.561, 31.26], [-85.552, 31.257], [-85.543, 31.254], [-85.531, 31.252], [-85.516, 31.252], [-85.501, 31.246], [-85.49, 31.246], [-85.486, 31.258], [-85.439, 31.287]]]}, "properties": {"county_fips": "01069", "county_name": "Houston", "state": "AL"}}, {"type": "Feature", "id": "12001", "geometry": {"type": "Polygon", "coordinates": [[[-82.656, 29.639], [-82.657, 29.65], [-82.657, 29.684], [-82.657, 29.692], [-82.657, 29.706], [-82.657, 29.732], [-82.657, 29.739], [-82.657, 29.744], [-82.657, 29.749], [-82.657, 29.755], [-82.657, 29.765], [-82.657, 29.771], [-82.658, 29.788], [-82.658, 29.801], [-82.658, 29.811], [-82.658, 29.825], [-82.659, 29.83], [-82.658, 29.83], [-82.648, 29.827], [-82.639, 29.83], [-82.632, 29.841], [-82.629, 29.849], [-82.617, 29.848], [-82.622, 29.855], [-82.614, 29.855], [-82.609, 29.853], [-82.603, 29.855], [-82.599, 29.859], [-82.593, 29.862], [-82.587, 29.867], [-82.59, 29.873], [-82.589, 29.888], [-82.576, 29.907], [-82.579, 29.914], [-82.576, 29.917], [-82.57, 29.917], [-82.566, 29.92], [-82.564, 29.921], [-82.562, 29.923], [-82.555, 29.928], [-82.542, 29.925], [-82.532, 29.931], [-82.53, 29.941], [-82.53, 29.941], [-82.529, 29.941], [-82.526, 29.944], [-82.523, 29.945], [-82.521, 29.943], [-82.515, 29.944], [-82.511, 29.945], [-82.505, 29.943], [-82.501, 29.942], [-82.498, 29.939], [-82.493, 29.94], [-82.488, 29.94], [-82.484, 29.938], [-82.481, 29.936], [-82.477, 29.935], [-82.476, 29.932], [-82.47, 29.926], [-82.468, 29.928], [-82.462, 29.931], [-82.457, 29.928], [-82.45, 29.929], [-82.442, 29.929], [-82.438, 29.93], [-82.434, 29.929], [-82.429, 29.925], [-82.423, 29.92], [-82.419, 29.923], [-82.419, 29.923], [-82.419, 29.923], [-82.412, 29.92], [-82.407, 29.914], [-82.405, 29.905], [-82.404, 29.896], [-82.398, 29.887], [-82.389, 29.884], [-82.379, 29.881], [-82.364, 29.881], [-82.357, 29.878], [-82.343, 29.877], [-82.327, 29.871], [-82.297, 29.853], [-82.286, 29.848], [-82.275, 29.844], [-82.267, 29.847], [-82.255, 29.849], [-82.21, 29.845], [-82.186, 29.844], [-82.168, 29.839], [-82.102, 29.784], [-82.082, 29.778], [-82.087, 29.762], [-82.065, 29.754], [-82.055, 29.739], [-82.056, 29.719], [-82.056, 29.718], [-82.055, 29.718], [-82.053, 29.717], [-82.051, 29.716], [-82.05, 29.714], [-82.049, 29.713], [-82.049, 29.713], [-82.05, 29.71], [-82.055, 29.671], [-82.056, 29.658], [-82.056, 29.642], [-82.056, 29.625], [-82.055, 29.608], [-82.055, 29.594], [-82.055, 29.574], [-82.055, 29.567], [-82.055, 29.566], [-82.056, 29.563], [-82.056, 29.557], [-82.056, 29.547], [-82.056, 29.53], [-82.056, 29.526], [-82.056, 29.523], [-82.056, 29.516], [-82.056, 29.502], [-82.056, 29.492], [-82.056, 29.471], [-82.056, 29.471], [-82.056, 29.471], [-82.074, 29.435], [-82.088, 29.427], [-82.099, 29.422], [-82.103, 29.438], [-82.118, 29.429], [-82.131, 29.433], [-82.143, 29.427], [-82.145, 29.418], [-82.15, 29.423], [-82.156, 29.426], [-82.168, 29.427], [-82.174, 29.422], [-82.194, 29.422], [-82.207, 29.427], [-82.213, 29.438], [-82.212, 29.45], [-82.212, 29.465], [-82.193, 29.453], [-82.188, 29.46], [-82.191, 29.463], [-82.204, 29.472], [-82.211, 29.471], [-82.211, 29.481], [-82.25, 29.484], [-82.394, 29.485], [-82.407, 29.485], [-82.407, 29.485], [-82.45, 29.485], [-82.491, 29.485], [-82.507, 29.479], [-82.525, 29.479], [-82.539, 29.48], [-82.544, 29.48], [-82.552, 29.48], [-82.557, 29.491], [-82.557, 29.532], [-82.557, 29.537], [-82.564, 29.538], [-82.569, 29.538], [-82.599, 29.538], [-82.611, 29.537], [-82.623, 29.537], [-82.624, 29.536], [-82.629, 29.536], [-82.634, 29.536], [-82.638, 29.536], [-82.656, 29.547], [-82.656, 29.553], [-82.656, 29.555], [-82.656, 29.559], [-82.656, 29.561], [-82.656, 29.565], [-82.656, 29.565], [-82.656, 29.579], [-82.656, 29.584], [-82.656, 29.59], [-82.656, 29.596], [-82.656, 29.602], [-82.656, 29.607], [-82.656, 29.614], [-82.656, 29.622], [-82.656, 29.628], [-82.656, 29.638]]]}, "properties": {"county_fips": "12001", "county_name": "Alachua", "state": "FL"}}, {"type": "Feature", "id": "12003", "geometry": {"type": "Polygon", "coordinates": [[[-82.121, 30.365], [-82.111, 30.367], [-82.101, 30.363], [-82.101, 30.363], [-82.078, 30.36], [-82.058, 30.359], [-82.05, 30.362], [-82.05, 30.362], [-82.05, 30.362], [-82.05, 30.361], [-82.05, 30.338], [-82.05, 30.332], [-82.05, 30.318], [-82.05, 30.313], [-82.05, 30.311], [-82.05, 30.311], [-82.05, 30.307], [-82.05, 30.297], [-82.05, 30.293], [-82.05, 30.293], [-82.05, 30.293], [-82.05, 30.293], [-82.05, 30.292], [-82.05, 30.292], [-82.05, 30.29], [-82.05, 30.288], [-82.05, 30.284], [-82.05, 30.282], [-82.05, 30.282], [-82.05, 30.281], [-82.05, 30.281], [-82.05, 30.28], [-82.049, 30.275], [-82.049, 30.273], [-82.049, 30.273], [-82.049, 30.273], [-82.049, 30.273], [-82.049, 30.272], [-82.049, 30.269], [-82.049, 30.264], [-82.049, 30.243], [-82.049, 30.243], [-82.049, 30.241], [-82.049, 30.241], [-82.049, 30.24], [-82.049, 30.237], [-82.049, 30.236], [-82.049, 30.228], [-82.049, 30.226], [-82.049, 30.218], [-82.049, 30.205], [-82.049, 30.201], [-82.049, 30.201], [-82.049, 30.201], [-82.049, 30.2], [-82.049, 30.195], [-82.049, 30.194], [-82.049, 30.193], [-82.049, 30.19], [-82.049, 30.189], [-82.049, 30.187], [-82.049, 30.166], [-82.049, 30.157], [-82.049, 30.154], [-82.049, 30.149], [-82.049, 30.145], [-82.049, 30.145], [-82.049, 30.144], [-82.049, 30.143], [-82.055, 30.143], [-82.055, 30.143], [-82.066, 30.143], [-82.067, 30.143], [-82.067, 30.143], [-82.067, 30.143], [-82.099, 30.143], [-82.108, 30.143], [-82.115, 30.143], [-82.125, 30.143], [-82.128, 30.143], [-82.143, 30.143], [-82.143, 30.143], [-82.185, 30.143], [-82.187, 30.143], [-82.216, 30.143], [-82.267, 30.142], [-82.29, 30.142], [-82.302, 30.142], [-82.311, 30.141], [-82.312, 30.141], [-82.313, 30.141], [-82.319, 30.141], [-82.324, 30.141], [-82.351, 30.141], [-82.354, 30.141], [-82.355, 30.141], [-82.363, 30.139], [-82.372, 30.139], [-82.381, 30.139], [-82.391, 30.139], [-82.392, 30.139], [-82.4, 30.139], [-82.405, 30.139], [-82.408, 30.139], [-82.416, 30.138], [-82.438, 30.138], [-82.447, 30.138], [-82.458, 30.136], [-82.458, 30.14], [-82.459, 30.144], [-82.458, 30.158], [-82.458, 30.162], [-82.458, 30.171], [-82.458, 30.18], [-82.458, 30.202], [-82.458, 30.216], [-82.458, 30.236], [-82.458, 30.248], [-82.458, 30.257], [-82.458, 30.287], [-82.458, 30.322], [-82.458, 30.363], [-82.458, 30.398], [-82.458, 30.443], [-82.457, 30.443], [-82.457, 30.45], [-82.457, 30.458], [-82.458, 30.487], [-82.458, 30.495], [-82.458, 30.497], [-82.458, 30.5], [-82.459, 30.534], [-82.459, 30.569], [-82.459, 30.581], [-82.46, 30.584], [-82.46, 30.584], [-82.454, 30.584], [-82.453, 30.584], [-82.448, 30.584], [-82.432, 30.583], [-82.429, 30.582], [-82.425, 30.582], [-82.422, 30.582], [-82.422, 30.582], [-82.419, 30.582], [-82.407, 30.581], [-82.407, 30.581], [-82.394, 30.58], [-82.388, 30.58], [-82.385, 30.58], [-82.375, 30.579], [-82.368, 30.579], [-82.367, 30.579], [-82.364, 30.578], [-82.358, 30.578], [-82.322, 30.576], [-82.309, 30.575], [-82.307, 30.575], [-82.302, 30.574], [-82.296, 30.574], [-82.292, 30.574], [-82.284, 30.573], [-82.278, 30.573], [-82.266, 30.572], [-82.258, 30.572], [-82.247, 30.571], [-82.243, 30.57], [-82.239, 30.57], [-82.233, 30.57], [-82.229, 30.569], [-82.216, 30.569], [-82.215, 30.568], [-82.23, 30.561], [-82.235, 30.53], [-82.227, 30.511], [-82.212, 30.499], [-82.203, 30.488], [-82.203, 30.471], [-82.206, 30.464], [-82.205, 30.456], [-82.204, 30.446], [-82.207, 30.435], [-82.21, 30.426], [-82.207, 30.416], [-82.204, 30.403], [-82.198, 30.391], [-82.192, 30.378], [-82.18, 30.372], [-82.172, 30.361], [-82.162, 30.357], [-82.146, 30.362], [-82.132, 30.363]]]}, "properties": {"county_fips": "12003", "county_name": "Baker", "state": "FL"}}, {"type": "Feature", "id": "12005", "geometry": {"type": "Polygon", "coordinates": [[[-85.996, 30.28], [-85.996, 30.282], [-85.995, 30.284], [-85.995, 30.294], [-85.994, 30.3], [-85.995, 30.309], [-85.995, 30.311], [-85.995, 30.311], [-85.995, 30.312], [-85.994, 30.322], [-85.994, 30.33], [-85.994, 30.339], [-85.994, 30.349], [-85.993, 30.356], [-85.993, 30.358], [-85.993, 30.371], [-85.993, 30.375], [-85.993, 30.388], [-85.993, 30.389], [-85.993, 30.389], [-85.977, 30.398], [-85.967, 30.407], [-85.952, 30.412], [-85.93, 30.414], [-85.909, 30.407], [-85.896, 30.41], [-85.882, 30.411], [-85.87, 30.42], [-85.861, 30.436], [-85.828, 30.441], [-85.776, 30.44], [-85.717, 30.439], [-85.686, 30.439], [-85.67, 30.439], [-85.622, 30.438], [-85.57, 30.438], [-85.536, 30.437], [-85.488, 30.438], [-85.488, 30.45], [-85.488, 30.459], [-85.487, 30.488], [-85.487, 30.499], [-85.486, 30.516], [-85.486, 30.568], [-85.436, 30.568], [-85.435, 30.568], [-85.43, 30.568], [-85.429, 30.567], [-85.426, 30.568], [-85.415, 30.567], [-85.415, 30.567], [-85.407, 30.567], [-85.402, 30.567], [-85.401, 30.567], [-85.401, 30.567], [-85.399, 30.567], [-85.397, 30.567], [-85.397, 30.567], [-85.396, 30.567], [-85.396, 30.567], [-85.396, 30.567], [-85.388, 30.567], [-85.388, 30.567], [-85.388, 30.567], [-85.386, 30.567], [-85.385, 30.567], [-85.385, 30.567], [-85.385, 30.567], [-85.384, 30.567], [-85.384, 30.567], [-85.384, 30.564], [-85.384, 30.555], [-85.385, 30.544], [-85.385, 30.523], [-85.386, 30.484], [-85.386, 30.465], [-85.387, 30.445], [-85.387, 30.443], [-85.387, 30.441], [-85.387, 30.44], [-85.387, 30.434], [-85.387, 30.429], [-85.388, 30.417], [-85.388, 30.401], [-85.388, 30.383], [-85.388, 30.37], [-85.389, 30.358], [-85.389, 30.348], [-85.388, 30.321], [-85.389, 30.305], [-85.389, 30.293], [-85.389, 30.266], [-85.39, 30.245], [-85.39, 30.231], [-85.39, 30.219], [-85.39, 30.201], [-85.39, 30.201], [-85.39, 30.201], [-85.39, 30.189], [-85.39, 30.172], [-85.39, 30.145], [-85.39, 30.121], [-85.39, 30.107], [-85.39, 30.098], [-85.39, 30.091], [-85.39, 30.083], [-85.391, 30.06], [-85.391, 30.053], [-85.391, 30.051], [-85.391, 30.03], [-85.391, 30.027], [-85.391, 30.025], [-85.391, 30.014], [-85.391, 30.001], [-85.39, 29.988], [-85.39, 29.974], [-85.389, 29.951], [-85.389, 29.944], [-85.389, 29.94], [-85.389, 29.936], [-85.389, 29.93], [-85.388, 29.927], [-85.446, 29.901], [-85.459, 29.907], [-85.461, 29.906], [-85.463, 29.906], [-85.465, 29.906], [-85.466, 29.906], [-85.468, 29.906], [-85.471, 29.906], [-85.474, 29.906], [-85.477, 29.907], [-85.482, 29.907], [-85.485, 29.908], [-85.49, 29.908], [-85.495, 29.91], [-85.5, 29.911], [-85.505, 29.912], [-85.513, 29.915], [-85.521, 29.918], [-85.526, 29.92], [-85.531, 29.923], [-85.535, 29.926], [-85.54, 29.928], [-85.543, 29.931], [-85.549, 29.934], [-85.553, 29.936], [-85.557, 29.939], [-85.56, 29.941], [-85.563, 29.944], [-85.566, 29.946], [-85.569, 29.948], [-85.572, 29.95], [-85.575, 29.952], [-85.578, 29.955], [-85.582, 29.958], [-85.585, 29.96], [-85.588, 29.963], [-85.59, 29.965], [-85.593, 29.969], [-85.597, 29.972], [-85.601, 29.977], [-85.603, 29.98], [-85.606, 29.983], [-85.608, 29.986], [-85.61, 29.989], [-85.613, 29.991], [-85.615, 29.993], [-85.617, 29.995], [-85.619, 29.997], [-85.621, 30.0], [-85.624, 30.002], [-85.626, 30.005], [-85.63, 30.01], [-85.635, 30.016], [-85.643, 30.019], [-85.651, 30.024], [-85.66, 30.026], [-85.666, 30.027], [-85.676, 30.031], [-85.689, 30.035], [-85.699, 30.039], [-85.71, 30.043], [-85.719, 30.048], [-85.726, 30.052], [-85.737, 30.058], [-85.744, 30.062], [-85.75, 30.066], [-85.757, 30.07], [-85.768, 30.076], [-85.784, 30.091], [-85.784, 30.092], [-85.79, 30.098], [-85.795, 30.102], [-85.799, 30.106], [-85.807, 30.112], [-85.813, 30.116], [-85.817, 30.119], [-85.82, 30.121], [-85.826, 30.125], [-85.834, 30.13], [-85.847, 30.136], [-85.875, 30.153], [-85.879, 30.156], [-85.885, 30.16], [-85.89, 30.162], [-85.895, 30.164], [-85.902, 30.167], [-85.905, 30.169], [-85.913, 30.173], [-85.922, 30.177], [-85.928, 30.18], [-85.937, 30.187], [-85.943, 30.189], [-85.947, 30.191], [-85.953, 30.193], [-85.958, 30.195], [-85.964, 30.198], [-85.969, 30.2], [-85.976, 30.203], [-85.982, 30.206], [-85.989, 30.209], [-85.994, 30.21], [-85.995, 30.211], [-86.0, 30.213], [-85.999, 30.235], [-85.996, 30.269], [-85.996, 30.272], [-85.996, 30.275], [-85.996, 30.276], [-85.996, 30.276], [-85.996, 30.28]]]}, "properties": {"county_fips": "12005", "county_name": "Bay", "state": "FL"}}, {"type": "Feature", "id": "12007", "geometry": {"type": "Polygon", "coordinates": [[[-82.047, 29.793], [-82.046, 29.789], [-82.046, 29.782], [-82.046, 29.777], [-82.046, 29.768], [-82.046, 29.758], [-82.047, 29.736], [-82.048, 29.73], [-82.049, 29.722], [-82.049, 29.719], [-82.051, 29.719], [-82.054, 29.718], [-82.056, 29.718], [-82.056, 29.719], [-82.055, 29.739], [-82.065, 29.754], [-82.087, 29.762], [-82.082, 29.778], [-82.102, 29.784], [-82.168, 29.839], [-82.186, 29.844], [-82.21, 29.845], [-82.255, 29.849], [-82.267, 29.847], [-82.275, 29.844], [-82.286, 29.848], [-82.297, 29.853], [-82.327, 29.871], [-82.343, 29.877], [-82.357, 29.878], [-82.364, 29.881], [-82.379, 29.881], [-82.389, 29.884], [-82.398, 29.887], [-82.404, 29.896], [-82.405, 29.905], [-82.407, 29.914], [-82.412, 29.92], [-82.419, 29.923], [-82.419, 29.923], [-82.419, 29.923], [-82.399, 29.927], [-82.371, 29.935], [-82.353, 29.937], [-82.348, 29.943], [-82.345, 29.954], [-82.34, 29.961], [-82.331, 29.959], [-82.326, 29.955], [-82.32, 29.955], [-82.304, 29.96], [-82.299, 29.969], [-82.293, 29.974], [-82.287, 29.981], [-82.279, 29.991], [-82.273, 30.0], [-82.269, 30.01], [-82.266, 30.021], [-82.256, 30.028], [-82.242, 30.029], [-82.23, 30.033], [-82.214, 30.044], [-82.181, 30.07], [-82.165, 30.101], [-82.142, 30.118], [-82.143, 30.143], [-82.143, 30.143], [-82.128, 30.143], [-82.125, 30.143], [-82.115, 30.143], [-82.108, 30.143], [-82.099, 30.143], [-82.067, 30.143], [-82.067, 30.143], [-82.067, 30.143], [-82.066, 30.143], [-82.055, 30.143], [-82.055, 30.143], [-82.049, 30.143], [-82.049, 30.111], [-82.049, 30.095], [-82.049, 30.056], [-82.049, 30.016], [-82.048, 29.993], [-82.048, 29.976], [-82.048, 29.958], [-82.048, 29.914], [-82.048, 29.88], [-82.047, 29.848], [-82.047, 29.835], [-82.047, 29.827], [-82.047, 29.814], [-82.047, 29.805], [-82.047, 29.802], [-82.047, 29.797], [-82.047, 29.794]]]}, "properties": {"county_fips": "12007", "county_name": "Bradford", "state": "FL"}}, {"type": "Feature", "id": "12009", "geometry": {"type": "Polygon", "coordinates": [[[-80.767, 27.824], [-80.812, 27.823], [-80.828, 27.823], [-80.853, 27.822], [-80.869, 27.823], [-80.869, 27.823], [-80.869, 27.837], [-80.869, 27.873], [-80.869, 27.947], [-80.869, 27.949], [-80.87, 27.958], [-80.869, 27.964], [-80.87, 27.97], [-80.87, 27.988], [-80.87, 28.012], [-80.87, 28.057], [-80.869, 28.083], [-80.869, 28.089], [-80.863, 28.099], [-80.862, 28.121], [-80.862, 28.15], [-80.862, 28.164], [-80.862, 28.181], [-80.862, 28.2], [-80.862, 28.209], [-80.862, 28.22], [-80.862, 28.244], [-80.861, 28.251], [-80.862, 28.271], [-80.863, 28.313], [-80.863, 28.347], [-80.863, 28.347], [-80.864, 28.348], [-80.876, 28.373], [-80.887, 28.385], [-80.885, 28.405], [-80.897, 28.419], [-80.9, 28.432], [-80.895, 28.438], [-80.896, 28.451], [-80.893, 28.464], [-80.876, 28.471], [-80.878, 28.487], [-80.881, 28.502], [-80.899, 28.51], [-80.908, 28.518], [-80.919, 28.524], [-80.935, 28.534], [-80.933, 28.543], [-80.934, 28.559], [-80.933, 28.567], [-80.939, 28.575], [-80.947, 28.586], [-80.944, 28.594], [-80.951, 28.6], [-80.954, 28.605], [-80.971, 28.61], [-80.987, 28.613], [-80.987, 28.613], [-80.987, 28.613], [-80.969, 28.613], [-80.965, 28.613], [-80.965, 28.651], [-80.965, 28.674], [-80.966, 28.684], [-80.966, 28.693], [-80.966, 28.706], [-80.967, 28.733], [-80.967, 28.746], [-80.968, 28.783], [-80.964, 28.79], [-80.95, 28.79], [-80.937, 28.791], [-80.905, 28.791], [-80.898, 28.791], [-80.884, 28.791], [-80.87, 28.791], [-80.856, 28.791], [-80.842, 28.791], [-80.827, 28.791], [-80.808, 28.791], [-80.789, 28.791], [-80.75, 28.791], [-80.74, 28.791], [-80.663, 28.791], [-80.636, 28.75], [-80.611, 28.719], [-80.527, 28.615], [-80.519, 28.599], [-80.511, 28.575], [-80.508, 28.563], [-80.505, 28.545], [-80.501, 28.537], [-80.5, 28.534], [-80.487, 28.508], [-80.478, 28.492], [-80.471, 28.472], [-80.469, 28.453], [-80.476, 28.434], [-80.481, 28.426], [-80.494, 28.413], [-80.5, 28.409], [-80.5, 28.409], [-80.502, 28.407], [-80.506, 28.403], [-80.519, 28.391], [-80.522, 28.38], [-80.523, 28.377], [-80.525, 28.37], [-80.525, 28.369], [-80.526, 28.367], [-80.528, 28.359], [-80.531, 28.348], [-80.532, 28.342], [-80.534, 28.335], [-80.535, 28.33], [-80.536, 28.321], [-80.538, 28.313], [-80.54, 28.301], [-80.544, 28.272], [-80.541, 28.26], [-80.532, 28.225], [-80.529, 28.213], [-80.529, 28.21], [-80.528, 28.206], [-80.527, 28.204], [-80.527, 28.199], [-80.524, 28.187], [-80.523, 28.184], [-80.523, 28.183], [-80.522, 28.179], [-80.521, 28.175], [-80.521, 28.172], [-80.519, 28.167], [-80.518, 28.161], [-80.518, 28.158], [-80.517, 28.155], [-80.516, 28.151], [-80.515, 28.147], [-80.513, 28.139], [-80.509, 28.121], [-80.507, 28.112], [-80.504, 28.096], [-80.502, 28.087], [-80.5, 28.078], [-80.5, 28.078], [-80.5, 28.077], [-80.493, 28.063], [-80.488, 28.055], [-80.484, 28.047], [-80.482, 28.042], [-80.48, 28.039], [-80.48, 28.038], [-80.479, 28.037], [-80.477, 28.034], [-80.477, 28.033], [-80.477, 28.033], [-80.476, 28.032], [-80.474, 28.027], [-80.474, 28.026], [-80.473, 28.025], [-80.471, 28.02], [-80.463, 28.005], [-80.461, 28.0], [-80.46, 28.0], [-80.46, 28.0], [-80.458, 27.995], [-80.453, 27.987], [-80.449, 27.979], [-80.446, 27.974], [-80.441, 27.964], [-80.429, 27.941], [-80.424, 27.933], [-80.418, 27.923], [-80.415, 27.917], [-80.413, 27.914], [-80.406, 27.901], [-80.399, 27.891], [-80.397, 27.885], [-80.394, 27.88], [-80.392, 27.875], [-80.392, 27.875], [-80.392, 27.875], [-80.391, 27.873], [-80.388, 27.868], [-80.386, 27.864], [-80.385, 27.861], [-80.448, 27.86], [-80.452, 27.857], [-80.478, 27.855], [-80.491, 27.855], [-80.494, 27.853], [-80.494, 27.846], [-80.5, 27.835], [-80.502, 27.832], [-80.506, 27.829], [-80.508, 27.826], [-80.509, 27.822], [-80.514, 27.822], [-80.536, 27.822], [-80.555, 27.822], [-80.562, 27.822], [-80.578, 27.822], [-80.614, 27.822], [-80.674, 27.823], [-80.707, 27.823], [-80.742, 27.823], [-80.745, 27.823]]]}, "properties": {"county_fips": "12009", "county_name": "Brevard", "state": "FL"}}, {"type": "Feature", "id": "12011", "geometry": {"type": "Polygon", "coordinates": [[[-80.174, 25.974], [-80.182, 25.973], [-80.19, 25.973], [-80.204, 25.973], [-80.227, 25.972], [-80.247, 25.972], [-80.262, 25.971], [-80.282, 25.971], [-80.295, 25.957], [-80.311, 25.957], [-80.314, 25.957], [-80.341, 25.957], [-80.359, 25.957], [-80.394, 25.957], [-80.441, 25.957], [-80.456, 25.957], [-80.528, 25.957], [-80.654, 25.957], [-80.809, 25.979], [-80.873, 25.979], [-80.873, 25.982], [-80.873, 25.99], [-80.873, 25.993], [-80.873, 26.0], [-80.873, 26.0], [-80.873, 26.001], [-80.873, 26.01], [-80.874, 26.035], [-80.875, 26.058], [-80.875, 26.06], [-80.875, 26.07], [-80.876, 26.104], [-80.877, 26.125], [-80.878, 26.141], [-80.878, 26.141], [-80.879, 26.166], [-80.879, 26.173], [-80.879, 26.173], [-80.879, 26.173], [-80.879, 26.173], [-80.879, 26.186], [-80.879, 26.193], [-80.879, 26.207], [-80.88, 26.222], [-80.88, 26.233], [-80.88, 26.253], [-80.88, 26.259], [-80.88, 26.262], [-80.88, 26.271], [-80.88, 26.274], [-80.881, 26.288], [-80.881, 26.297], [-80.881, 26.299], [-80.881, 26.313], [-80.881, 26.315], [-80.881, 26.317], [-80.881, 26.317], [-80.881, 26.32], [-80.881, 26.329], [-80.881, 26.329], [-80.881, 26.33], [-80.881, 26.33], [-80.881, 26.33], [-80.881, 26.33], [-80.881, 26.331], [-80.881, 26.331], [-80.881, 26.331], [-80.881, 26.331], [-80.881, 26.331], [-80.881, 26.331], [-80.881, 26.332], [-80.881, 26.332], [-80.881, 26.333], [-80.881, 26.334], [-80.875, 26.334], [-80.625, 26.334], [-80.549, 26.335], [-80.536, 26.335], [-80.279, 26.334], [-80.241, 26.335], [-80.221, 26.333], [-80.203, 26.328], [-80.197, 26.328], [-80.186, 26.328], [-80.177, 26.328], [-80.17, 26.328], [-80.147, 26.328], [-80.132, 26.328], [-80.129, 26.328], [-80.125, 26.328], [-80.117, 26.328], [-80.103, 26.328], [-80.098, 26.326], [-80.099, 26.323], [-80.096, 26.323], [-80.094, 26.326], [-80.091, 26.326], [-80.089, 26.322], [-80.082, 26.321], [-80.015, 26.321], [-80.016, 26.307], [-80.017, 26.267], [-80.017, 26.258], [-80.018, 26.254], [-80.019, 26.243], [-80.023, 26.213], [-80.025, 26.202], [-80.028, 26.18], [-80.038, 26.114], [-80.041, 26.093], [-80.041, 26.092], [-80.043, 26.071], [-80.049, 26.008], [-80.051, 25.987], [-80.051, 25.984], [-80.052, 25.977], [-80.121, 25.975], [-80.134, 25.975], [-80.148, 25.974], [-80.152, 25.974], [-80.157, 25.974], [-80.166, 25.974], [-80.174, 25.974]]]}, "properties": {"county_fips": "12011", "county_name": "Broward", "state": "FL"}}, {"type": "Feature", "id": "12013", "geometry": {"type": "Polygon", "coordinates": [[[-84.98, 30.606], [-84.958, 30.606], [-84.934, 30.606], [-84.933, 30.606], [-84.933, 30.606], [-84.946, 30.592], [-84.951, 30.579], [-84.966, 30.578], [-84.964, 30.562], [-84.981, 30.541], [-84.992, 30.52], [-84.991, 30.505], [-85.001, 30.481], [-84.989, 30.472], [-85.002, 30.45], [-84.989, 30.441], [-85.032, 30.422], [-85.03, 30.403], [-85.026, 30.376], [-85.028, 30.365], [-85.048, 30.341], [-85.045, 30.319], [-85.048, 30.313], [-85.054, 30.291], [-85.064, 30.27], [-85.07, 30.249], [-85.083, 30.236], [-85.097, 30.22], [-85.112, 30.216], [-85.115, 30.2], [-85.116, 30.2], [-85.116, 30.2], [-85.12, 30.2], [-85.121, 30.2], [-85.123, 30.2], [-85.127, 30.2], [-85.149, 30.2], [-85.157, 30.2], [-85.165, 30.2], [-85.177, 30.201], [-85.187, 30.201], [-85.19, 30.201], [-85.191, 30.201], [-85.195, 30.201], [-85.212, 30.201], [-85.222, 30.201], [-85.228, 30.201], [-85.228, 30.201], [-85.23, 30.201], [-85.252, 30.201], [-85.263, 30.201], [-85.312, 30.201], [-85.325, 30.201], [-85.356, 30.201], [-85.379, 30.201], [-85.387, 30.201], [-85.389, 30.201], [-85.39, 30.201], [-85.39, 30.201], [-85.39, 30.219], [-85.39, 30.231], [-85.39, 30.245], [-85.389, 30.266], [-85.389, 30.293], [-85.389, 30.305], [-85.388, 30.321], [-85.389, 30.348], [-85.389, 30.358], [-85.388, 30.37], [-85.388, 30.383], [-85.388, 30.401], [-85.388, 30.417], [-85.387, 30.429], [-85.387, 30.434], [-85.387, 30.44], [-85.387, 30.441], [-85.387, 30.443], [-85.387, 30.445], [-85.386, 30.465], [-85.386, 30.484], [-85.385, 30.523], [-85.385, 30.544], [-85.384, 30.555], [-85.384, 30.564], [-85.384, 30.567], [-85.377, 30.567], [-85.348, 30.567], [-85.337, 30.566], [-85.328, 30.566], [-85.305, 30.566], [-85.284, 30.566], [-85.268, 30.566], [-85.253, 30.566], [-85.231, 30.565], [-85.202, 30.565], [-85.188, 30.565], [-85.182, 30.564], [-85.174, 30.569], [-85.173, 30.578], [-85.169, 30.582], [-85.171, 30.591], [-85.167, 30.599], [-85.168, 30.608], [-85.136, 30.608], [-85.109, 30.607], [-85.073, 30.607], [-85.013, 30.606], [-84.981, 30.606]]]}, "properties": {"county_fips": "12013", "county_name": "Calhoun", "state": "FL"}}, {"type": "Feature", "id": "12015", "geometry": {"type": "Polygon", "coordinates": [[[-82.071, 27.032], [-82.06, 27.032], [-82.057, 27.032], [-82.057, 27.032], [-82.049, 27.032], [-82.04, 27.032], [-82.008, 27.032], [-81.997, 27.032], [-81.993, 27.033], [-81.991, 27.034], [-81.987, 27.035], [-81.984, 27.035], [-81.965, 27.035], [-81.959, 27.035], [-81.959, 27.035], [-81.937, 27.035], [-81.904, 27.035], [-81.888, 27.035], [-81.88, 27.035], [-81.861, 27.034], [-81.853, 27.034], [-81.827, 27.034], [-81.812, 27.034], [-81.764, 27.034], [-81.754, 27.034], [-81.733, 27.034], [-81.689, 27.034], [-81.662, 27.033], [-81.57, 27.034], [-81.562, 27.034], [-81.563, 27.009], [-81.563, 27.001], [-81.563, 26.989], [-81.563, 26.977], [-81.564, 26.959], [-81.564, 26.954], [-81.564, 26.945], [-81.564, 26.94], [-81.564, 26.912], [-81.564, 26.902], [-81.565, 26.876], [-81.565, 26.868], [-81.565, 26.857], [-81.565, 26.847], [-81.565, 26.847], [-81.565, 26.839], [-81.565, 26.835], [-81.565, 26.832], [-81.565, 26.828], [-81.565, 26.816], [-81.565, 26.81], [-81.566, 26.797], [-81.566, 26.795], [-81.566, 26.79], [-81.566, 26.784], [-81.566, 26.77], [-81.566, 26.77], [-81.582, 26.77], [-81.631, 26.77], [-81.703, 26.77], [-81.719, 26.77], [-81.741, 26.77], [-81.75, 26.77], [-81.75, 26.77], [-81.75, 26.77], [-81.755, 26.77], [-81.806, 26.77], [-81.842, 26.77], [-81.866, 26.77], [-81.886, 26.77], [-81.93, 26.77], [-81.931, 26.77], [-81.935, 26.77], [-82.037, 26.77], [-82.054, 26.77], [-82.084, 26.771], [-82.206, 26.771], [-82.226, 26.782], [-82.239, 26.785], [-82.266, 26.789], [-82.267, 26.789], [-82.271, 26.79], [-82.335, 26.788], [-82.335, 26.789], [-82.336, 26.791], [-82.338, 26.798], [-82.338, 26.803], [-82.375, 26.852], [-82.395, 26.875], [-82.401, 26.887], [-82.432, 26.938], [-82.355, 26.946], [-82.347, 26.946], [-82.338, 26.946], [-82.324, 26.946], [-82.32, 26.946], [-82.315, 26.946], [-82.281, 26.945], [-82.256, 26.945], [-82.255, 26.98], [-82.255, 27.004], [-82.254, 27.033], [-82.25, 27.033], [-82.234, 27.033], [-82.219, 27.033], [-82.205, 27.033], [-82.183, 27.033], [-82.159, 27.033], [-82.146, 27.033], [-82.137, 27.033], [-82.126, 27.033], [-82.108, 27.033], [-82.091, 27.032], [-82.082, 27.032], [-82.071, 27.032]]]}, "properties": {"county_fips": "12015", "county_name": "Charlotte", "state": "FL"}}, {"type": "Feature", "id": "12017", "geometry": {"type": "Polygon", "coordinates": [[[-82.442, 29.033], [-82.436, 29.03], [-82.432, 29.025], [-82.425, 29.021], [-82.414, 29.014], [-82.402, 29.017], [-82.397, 29.013], [-82.39, 29.008], [-82.377, 29.001], [-82.365, 29.002], [-82.362, 28.996], [-82.347, 28.988], [-82.336, 28.983], [-82.327, 28.979], [-82.317, 28.973], [-82.312, 28.965], [-82.312, 28.96], [-82.312, 28.96], [-82.302, 28.952], [-82.293, 28.937], [-82.282, 28.918], [-82.276, 28.903], [-82.259, 28.887], [-82.24, 28.872], [-82.236, 28.863], [-82.223, 28.853], [-82.208, 28.841], [-82.189, 28.827], [-82.182, 28.815], [-82.178, 28.802], [-82.171, 28.79], [-82.178, 28.787], [-82.185, 28.782], [-82.184, 28.77], [-82.192, 28.759], [-82.205, 28.757], [-82.215, 28.748], [-82.233, 28.73], [-82.245, 28.72], [-82.25, 28.708], [-82.25, 28.7], [-82.257, 28.687], [-82.262, 28.668], [-82.263, 28.668], [-82.263, 28.668], [-82.268, 28.667], [-82.274, 28.667], [-82.283, 28.667], [-82.302, 28.667], [-82.323, 28.667], [-82.38, 28.666], [-82.395, 28.666], [-82.395, 28.666], [-82.418, 28.669], [-82.418, 28.695], [-82.455, 28.695], [-82.461, 28.695], [-82.516, 28.695], [-82.539, 28.695], [-82.554, 28.695], [-82.564, 28.695], [-82.602, 28.695], [-82.606, 28.695], [-82.614, 28.694], [-82.619, 28.694], [-82.626, 28.694], [-82.632, 28.694], [-82.636, 28.694], [-82.651, 28.694], [-82.778, 28.694], [-82.779, 28.695], [-82.783, 28.699], [-82.786, 28.705], [-82.789, 28.713], [-82.79, 28.718], [-82.791, 28.723], [-82.791, 28.729], [-82.791, 28.733], [-82.789, 28.739], [-82.788, 28.742], [-82.788, 28.744], [-82.79, 28.748], [-82.792, 28.75], [-82.793, 28.752], [-82.795, 28.754], [-82.799, 28.759], [-82.801, 28.762], [-82.804, 28.767], [-82.806, 28.773], [-82.806, 28.776], [-82.808, 28.779], [-82.809, 28.781], [-82.811, 28.786], [-82.812, 28.789], [-82.813, 28.791], [-82.813, 28.795], [-82.814, 28.801], [-82.814, 28.804], [-82.814, 28.805], [-82.814, 28.808], [-82.814, 28.811], [-82.813, 28.814], [-82.813, 28.817], [-82.813, 28.817], [-82.812, 28.819], [-82.812, 28.821], [-82.811, 28.824], [-82.81, 28.827], [-82.809, 28.829], [-82.808, 28.831], [-82.807, 28.834], [-82.806, 28.836], [-82.804, 28.838], [-82.802, 28.84], [-82.8, 28.842], [-82.798, 28.844], [-82.797, 28.845], [-82.796, 28.845], [-82.797, 28.846], [-82.797, 28.846], [-82.797, 28.847], [-82.796, 28.848], [-82.796, 28.851], [-82.796, 28.853], [-82.795, 28.855], [-82.795, 28.856], [-82.794, 28.857], [-82.795, 28.857], [-82.795, 28.858], [-82.795, 28.858], [-82.795, 28.858], [-82.796, 28.859], [-82.797, 28.86], [-82.797, 28.86], [-82.797, 28.861], [-82.798, 28.861], [-82.799, 28.863], [-82.8, 28.864], [-82.801, 28.867], [-82.802, 28.868], [-82.802, 28.869], [-82.804, 28.871], [-82.804, 28.872], [-82.804, 28.873], [-82.805, 28.874], [-82.805, 28.875], [-82.805, 28.875], [-82.805, 28.875], [-82.805, 28.875], [-82.806, 28.878], [-82.806, 28.878], [-82.807, 28.883], [-82.808, 28.886], [-82.808, 28.887], [-82.808, 28.889], [-82.808, 28.89], [-82.809, 28.89], [-82.81, 28.891], [-82.813, 28.891], [-82.816, 28.892], [-82.817, 28.892], [-82.82, 28.893], [-82.824, 28.895], [-82.829, 28.897], [-82.833, 28.899], [-82.837, 28.902], [-82.841, 28.905], [-82.842, 28.907], [-82.844, 28.908], [-82.846, 28.911], [-82.848, 28.914], [-82.848, 28.915], [-82.76, 28.992], [-82.755, 28.997], [-82.744, 29.008], [-82.729, 29.015], [-82.72, 29.025], [-82.712, 29.031], [-82.705, 29.032], [-82.695, 29.033], [-82.689, 29.033], [-82.679, 29.03], [-82.676, 29.027], [-82.671, 29.025], [-82.665, 29.024], [-82.657, 29.022], [-82.652, 29.023], [-82.646, 29.021], [-82.638, 29.018], [-82.631, 29.016], [-82.621, 29.013], [-82.611, 29.01], [-82.594, 29.03], [-82.572, 29.033], [-82.563, 29.036], [-82.551, 29.038], [-82.536, 29.045], [-82.536, 29.045], [-82.531, 29.043], [-82.523, 29.042], [-82.512, 29.043], [-82.506, 29.039], [-82.49, 29.048], [-82.482, 29.052], [-82.47, 29.047], [-82.459, 29.048], [-82.452, 29.04], [-82.442, 29.033]]]}, "properties": {"county_fips": "12017", "county_name": "Citrus", "state": "FL"}}, {"type": "Feature", "id": "12019", "geometry": {"type": "Polygon", "coordinates": [[[-82.047, 29.793], [-82.047, 29.794], [-82.047, 29.797], [-82.047, 29.802], [-82.047, 29.805], [-82.047, 29.814], [-82.047, 29.827], [-82.047, 29.835], [-82.047, 29.848], [-82.048, 29.88], [-82.048, 29.914], [-82.048, 29.958], [-82.048, 29.976], [-82.048, 29.993], [-82.049, 30.016], [-82.049, 30.056], [-82.049, 30.095], [-82.049, 30.111], [-82.049, 30.143], [-82.049, 30.144], [-82.049, 30.145], [-82.049, 30.145], [-82.049, 30.149], [-82.049, 30.154], [-82.049, 30.157], [-82.049, 30.166], [-82.049, 30.187], [-82.048, 30.187], [-82.019, 30.187], [-82.013, 30.187], [-82.003, 30.186], [-81.994, 30.187], [-81.971, 30.187], [-81.953, 30.186], [-81.938, 30.187], [-81.917, 30.187], [-81.901, 30.187], [-81.871, 30.188], [-81.852, 30.188], [-81.827, 30.189], [-81.803, 30.189], [-81.794, 30.189], [-81.788, 30.189], [-81.757, 30.189], [-81.738, 30.19], [-81.711, 30.191], [-81.705, 30.19], [-81.704, 30.19], [-81.702, 30.191], [-81.699, 30.191], [-81.69, 30.191], [-81.69, 30.17], [-81.68, 30.121], [-81.68, 30.121], [-81.68, 30.121], [-81.682, 30.104], [-81.684, 30.074], [-81.689, 30.063], [-81.69, 30.037], [-81.681, 30.015], [-81.658, 30.0], [-81.635, 29.987], [-81.625, 29.982], [-81.62, 29.978], [-81.612, 29.972], [-81.608, 29.968], [-81.605, 29.963], [-81.6, 29.952], [-81.599, 29.939], [-81.601, 29.933], [-81.605, 29.925], [-81.608, 29.918], [-81.608, 29.912], [-81.607, 29.905], [-81.606, 29.898], [-81.604, 29.893], [-81.602, 29.885], [-81.601, 29.88], [-81.596, 29.869], [-81.582, 29.841], [-81.581, 29.84], [-81.586, 29.84], [-81.639, 29.839], [-81.676, 29.839], [-81.729, 29.837], [-81.757, 29.837], [-81.799, 29.837], [-81.82, 29.829], [-81.836, 29.817], [-81.849, 29.809], [-81.857, 29.804], [-81.864, 29.801], [-81.878, 29.8], [-81.884, 29.799], [-81.897, 29.795], [-81.91, 29.793], [-81.925, 29.777], [-81.928, 29.763], [-81.933, 29.754], [-81.942, 29.747], [-81.957, 29.747], [-81.968, 29.747], [-81.981, 29.746], [-81.997, 29.742], [-82.013, 29.734], [-82.022, 29.728], [-82.048, 29.719], [-82.049, 29.719], [-82.049, 29.722], [-82.048, 29.73], [-82.047, 29.736], [-82.046, 29.758], [-82.046, 29.768], [-82.046, 29.777], [-82.046, 29.782], [-82.046, 29.789]]]}, "properties": {"county_fips": "12019", "county_name": "Clay", "state": "FL"}}, {"type": "Feature", "id": "12021", "geometry": {"type": "Polygon", "coordinates": [[[-81.784, 26.316], [-81.783, 26.316], [-81.747, 26.317], [-81.735, 26.317], [-81.732, 26.317], [-81.706, 26.317], [-81.682, 26.317], [-81.658, 26.332], [-81.66, 26.421], [-81.627, 26.422], [-81.608, 26.422], [-81.562, 26.431], [-81.563, 26.449], [-81.563, 26.466], [-81.563, 26.496], [-81.564, 26.518], [-81.534, 26.513], [-81.511, 26.513], [-81.483, 26.514], [-81.472, 26.513], [-81.452, 26.515], [-81.444, 26.515], [-81.421, 26.516], [-81.405, 26.516], [-81.397, 26.516], [-81.386, 26.516], [-81.363, 26.516], [-81.311, 26.517], [-81.272, 26.471], [-81.272, 26.458], [-81.271, 26.396], [-81.271, 26.367], [-81.27, 26.323], [-81.269, 26.258], [-81.253, 26.253], [-81.186, 26.254], [-81.167, 26.255], [-81.107, 26.256], [-81.044, 26.257], [-80.987, 26.257], [-80.928, 26.258], [-80.926, 26.258], [-80.88, 26.259], [-80.88, 26.253], [-80.88, 26.233], [-80.88, 26.222], [-80.879, 26.207], [-80.879, 26.193], [-80.879, 26.186], [-80.879, 26.173], [-80.879, 26.173], [-80.879, 26.173], [-80.879, 26.173], [-80.879, 26.166], [-80.878, 26.141], [-80.878, 26.141], [-80.877, 26.125], [-80.876, 26.104], [-80.875, 26.07], [-80.875, 26.06], [-80.875, 26.058], [-80.874, 26.035], [-80.873, 26.01], [-80.873, 26.001], [-80.873, 26.0], [-80.873, 26.0], [-80.873, 25.993], [-80.873, 25.99], [-80.873, 25.982], [-80.873, 25.979], [-80.873, 25.972], [-80.873, 25.951], [-80.873, 25.934], [-80.873, 25.932], [-80.873, 25.921], [-80.874, 25.908], [-80.874, 25.875], [-80.874, 25.868], [-80.874, 25.862], [-80.874, 25.862], [-80.874, 25.861], [-80.873, 25.852], [-80.873, 25.852], [-80.873, 25.85], [-80.873, 25.846], [-80.873, 25.845], [-80.873, 25.844], [-80.873, 25.842], [-80.873, 25.814], [-80.873, 25.811], [-80.873, 25.806], [-80.873, 25.806], [-80.873, 25.806], [-80.873, 25.805], [-80.873, 25.805], [-80.981, 25.804], [-81.103, 25.803], [-81.235, 25.804], [-81.258, 25.804], [-81.259, 25.804], [-81.262, 25.804], [-81.29, 25.804], [-81.298, 25.804], [-81.315, 25.804], [-81.35, 25.803], [-81.369, 25.803], [-81.376, 25.803], [-81.382, 25.803], [-81.385, 25.803], [-81.388, 25.803], [-81.394, 25.803], [-81.397, 25.803], [-81.399, 25.803], [-81.408, 25.803], [-81.413, 25.803], [-81.415, 25.803], [-81.437, 25.803], [-81.456, 25.803], [-81.481, 25.803], [-81.571, 25.802], [-81.571, 25.803], [-81.588, 25.81], [-81.594, 25.797], [-81.602, 25.786], [-81.614, 25.778], [-81.625, 25.773], [-81.636, 25.77], [-81.646, 25.77], [-81.661, 25.77], [-81.681, 25.77], [-81.694, 25.773], [-81.707, 25.781], [-81.718, 25.793], [-81.725, 25.807], [-81.729, 25.817], [-81.737, 25.828], [-81.74, 25.835], [-81.742, 25.844], [-81.75, 25.851], [-81.752, 25.853], [-81.757, 25.86], [-81.758, 25.865], [-81.759, 25.866], [-81.76, 25.867], [-81.763, 25.869], [-81.766, 25.871], [-81.77, 25.875], [-81.77, 25.875], [-81.775, 25.881], [-81.777, 25.884], [-81.779, 25.888], [-81.782, 25.894], [-81.784, 25.902], [-81.784, 25.907], [-81.784, 25.91], [-81.785, 25.914], [-81.785, 25.914], [-81.791, 25.919], [-81.797, 25.925], [-81.801, 25.932], [-81.805, 25.941], [-81.805, 25.947], [-81.806, 25.952], [-81.806, 25.954], [-81.806, 25.954], [-81.805, 25.96], [-81.804, 25.967], [-81.802, 25.972], [-81.801, 25.974], [-81.801, 25.974], [-81.804, 25.978], [-81.807, 25.984], [-81.81, 25.991], [-81.81, 25.991], [-81.816, 26.0], [-81.821, 26.006], [-81.823, 26.01], [-81.826, 26.014], [-81.831, 26.024], [-81.836, 26.033], [-81.84, 26.041], [-81.847, 26.055], [-81.85, 26.063], [-81.852, 26.07], [-81.855, 26.079], [-81.856, 26.082], [-81.856, 26.085], [-81.859, 26.108], [-81.86, 26.113], [-81.861, 26.125], [-81.861, 26.125], [-81.861, 26.129], [-81.861, 26.135], [-81.862, 26.142], [-81.863, 26.153], [-81.863, 26.154], [-81.863, 26.16], [-81.865, 26.182], [-81.865, 26.189], [-81.866, 26.198], [-81.868, 26.214], [-81.87, 26.22], [-81.875, 26.229], [-81.875, 26.23], [-81.875, 26.23], [-81.875, 26.231], [-81.876, 26.233], [-81.877, 26.237], [-81.879, 26.245], [-81.879, 26.25], [-81.88, 26.254], [-81.882, 26.261], [-81.882, 26.262], [-81.882, 26.262], [-81.884, 26.271], [-81.885, 26.277], [-81.886, 26.282], [-81.888, 26.287], [-81.893, 26.301], [-81.898, 26.312], [-81.903, 26.324], [-81.846, 26.33], [-81.841, 26.33], [-81.838, 26.33], [-81.834, 26.33], [-81.819, 26.33], [-81.819, 26.324], [-81.819, 26.322], [-81.819, 26.321], [-81.819, 26.318], [-81.817, 26.316], [-81.801, 26.316]]]}, "properties": {"county_fips": "12021", "county_name": "Collier", "state": "FL"}}, {"type": "Feature", "id": "12023", "geometry": {"type": "Polygon", "coordinates": [[[-82.795, 30.241], [-82.795, 30.241], [-82.795, 30.271], [-82.795, 30.285], [-82.795, 30.313], [-82.795, 30.323], [-82.795, 30.337], [-82.795, 30.337], [-82.788, 30.325], [-82.767, 30.328], [-82.752, 30.32], [-82.724, 30.33], [-82.697, 30.333], [-82.684, 30.347], [-82.671, 30.365], [-82.658, 30.386], [-82.646, 30.408], [-82.653, 30.429], [-82.668, 30.444], [-82.664, 30.45], [-82.681, 30.462], [-82.686, 30.472], [-82.697, 30.486], [-82.706, 30.504], [-82.718, 30.519], [-82.728, 30.526], [-82.716, 30.536], [-82.723, 30.549], [-82.726, 30.56], [-82.715, 30.568], [-82.704, 30.58], [-82.698, 30.591], [-82.69, 30.598], [-82.69, 30.598], [-82.689, 30.598], [-82.689, 30.598], [-82.686, 30.598], [-82.675, 30.597], [-82.671, 30.597], [-82.669, 30.597], [-82.661, 30.596], [-82.659, 30.596], [-82.658, 30.596], [-82.656, 30.596], [-82.65, 30.596], [-82.648, 30.595], [-82.637, 30.595], [-82.633, 30.595], [-82.627, 30.594], [-82.625, 30.594], [-82.621, 30.594], [-82.604, 30.593], [-82.601, 30.593], [-82.599, 30.593], [-82.597, 30.593], [-82.596, 30.593], [-82.592, 30.592], [-82.591, 30.592], [-82.59, 30.592], [-82.585, 30.592], [-82.584, 30.592], [-82.582, 30.591], [-82.571, 30.591], [-82.569, 30.591], [-82.565, 30.591], [-82.56, 30.59], [-82.555, 30.59], [-82.553, 30.59], [-82.553, 30.59], [-82.55, 30.59], [-82.548, 30.59], [-82.545, 30.589], [-82.536, 30.589], [-82.535, 30.589], [-82.534, 30.589], [-82.532, 30.589], [-82.527, 30.588], [-82.525, 30.588], [-82.525, 30.588], [-82.517, 30.588], [-82.498, 30.587], [-82.496, 30.586], [-82.489, 30.586], [-82.476, 30.585], [-82.471, 30.585], [-82.468, 30.585], [-82.46, 30.584], [-82.46, 30.584], [-82.459, 30.581], [-82.459, 30.569], [-82.459, 30.534], [-82.458, 30.5], [-82.458, 30.497], [-82.458, 30.495], [-82.458, 30.487], [-82.457, 30.458], [-82.457, 30.45], [-82.457, 30.443], [-82.458, 30.443], [-82.458, 30.398], [-82.458, 30.363], [-82.458, 30.322], [-82.458, 30.287], [-82.458, 30.257], [-82.458, 30.248], [-82.458, 30.236], [-82.458, 30.216], [-82.458, 30.202], [-82.458, 30.18], [-82.458, 30.171], [-82.458, 30.162], [-82.458, 30.158], [-82.459, 30.144], [-82.458, 30.14], [-82.458, 30.136], [-82.458, 30.136], [-82.459, 30.102], [-82.477, 30.095], [-82.497, 30.089], [-82.506, 30.083], [-82.517, 30.078], [-82.525, 30.069], [-82.532, 30.061], [-82.536, 30.054], [-82.537, 30.048], [-82.538, 30.04], [-82.535, 30.032], [-82.541, 30.024], [-82.554, 30.018], [-82.569, 30.013], [-82.573, 30.007], [-82.572, 29.999], [-82.575, 29.992], [-82.574, 29.986], [-82.57, 29.978], [-82.564, 29.973], [-82.562, 29.971], [-82.554, 29.963], [-82.541, 29.963], [-82.53, 29.952], [-82.53, 29.941], [-82.53, 29.941], [-82.53, 29.941], [-82.532, 29.931], [-82.542, 29.925], [-82.555, 29.928], [-82.562, 29.923], [-82.564, 29.921], [-82.566, 29.92], [-82.57, 29.917], [-82.576, 29.917], [-82.579, 29.914], [-82.576, 29.907], [-82.589, 29.888], [-82.59, 29.873], [-82.587, 29.867], [-82.593, 29.862], [-82.599, 29.859], [-82.603, 29.855], [-82.609, 29.853], [-82.614, 29.855], [-82.622, 29.855], [-82.617, 29.848], [-82.629, 29.849], [-82.632, 29.841], [-82.639, 29.83], [-82.648, 29.827], [-82.658, 29.83], [-82.659, 29.83], [-82.659, 29.83], [-82.667, 29.832], [-82.677, 29.833], [-82.688, 29.834], [-82.698, 29.837], [-82.705, 29.839], [-82.708, 29.844], [-82.71, 29.847], [-82.716, 29.851], [-82.724, 29.854], [-82.732, 29.856], [-82.737, 29.865], [-82.744, 29.869], [-82.748, 29.876], [-82.753, 29.884], [-82.754, 29.893], [-82.76, 29.898], [-82.769, 29.899], [-82.765, 29.907], [-82.774, 29.912], [-82.772, 29.917], [-82.771, 29.925], [-82.778, 29.927], [-82.784, 29.932], [-82.792, 29.935], [-82.799, 29.932], [-82.8, 29.932], [-82.798, 29.936], [-82.792, 29.944], [-82.787, 29.952], [-82.783, 29.955], [-82.775, 29.959], [-82.767, 29.963], [-82.76, 29.97], [-82.759, 29.977], [-82.763, 29.986], [-82.769, 29.987], [-82.783, 29.986], [-82.794, 29.989], [-82.794, 30.036], [-82.794, 30.05], [-82.794, 30.067], [-82.795, 30.103], [-82.795, 30.123], [-82.795, 30.136], [-82.795, 30.148], [-82.795, 30.204]]]}, "properties": {"county_fips": "12023", "county_name": "Columbia", "state": "FL"}}, {"type": "Feature", "id": "12027", "geometry": {"type": "Polygon", "coordinates": [[[-81.847, 27.34], [-81.845, 27.34], [-81.829, 27.34], [-81.806, 27.34], [-81.792, 27.34], [-81.734, 27.34], [-81.715, 27.34], [-81.679, 27.34], [-81.659, 27.341], [-81.646, 27.341], [-81.625, 27.341], [-81.611, 27.341], [-81.598, 27.341], [-81.587, 27.341], [-81.57, 27.341], [-81.564, 27.341], [-81.564, 27.34], [-81.564, 27.329], [-81.564, 27.325], [-81.564, 27.322], [-81.564, 27.316], [-81.564, 27.311], [-81.564, 27.304], [-81.564, 27.301], [-81.564, 27.299], [-81.563, 27.25], [-81.563, 27.232], [-81.563, 27.21], [-81.563, 27.205], [-81.563, 27.18], [-81.562, 27.125], [-81.563, 27.101], [-81.563, 27.07], [-81.562, 27.065], [-81.562, 27.063], [-81.562, 27.052], [-81.562, 27.047], [-81.562, 27.044], [-81.562, 27.042], [-81.562, 27.038], [-81.562, 27.037], [-81.562, 27.035], [-81.562, 27.034], [-81.57, 27.034], [-81.662, 27.033], [-81.689, 27.034], [-81.733, 27.034], [-81.754, 27.034], [-81.764, 27.034], [-81.812, 27.034], [-81.827, 27.034], [-81.853, 27.034], [-81.861, 27.034], [-81.88, 27.035], [-81.888, 27.035], [-81.904, 27.035], [-81.937, 27.035], [-81.959, 27.035], [-81.959, 27.035], [-81.965, 27.035], [-81.984, 27.035], [-81.987, 27.035], [-81.991, 27.034], [-81.993, 27.033], [-81.997, 27.032], [-82.008, 27.032], [-82.04, 27.032], [-82.049, 27.032], [-82.057, 27.032], [-82.057, 27.032], [-82.057, 27.034], [-82.057, 27.037], [-82.058, 27.043], [-82.058, 27.045], [-82.058, 27.051], [-82.058, 27.053], [-82.058, 27.054], [-82.058, 27.055], [-82.058, 27.056], [-82.058, 27.061], [-82.058, 27.066], [-82.058, 27.076], [-82.057, 27.099], [-82.057, 27.107], [-82.057, 27.114], [-82.057, 27.117], [-82.057, 27.119], [-82.057, 27.12], [-82.058, 27.123], [-82.058, 27.126], [-82.058, 27.134], [-82.058, 27.135], [-82.057, 27.149], [-82.057, 27.158], [-82.057, 27.178], [-82.057, 27.205], [-82.056, 27.208], [-82.056, 27.21], [-82.056, 27.211], [-82.056, 27.216], [-82.056, 27.222], [-82.056, 27.237], [-82.056, 27.241], [-82.056, 27.243], [-82.056, 27.249], [-82.056, 27.25], [-82.056, 27.25], [-82.056, 27.26], [-82.056, 27.269], [-82.057, 27.275], [-82.056, 27.275], [-82.056, 27.275], [-82.056, 27.275], [-82.056, 27.276], [-82.056, 27.276], [-82.056, 27.276], [-82.056, 27.276], [-82.056, 27.292], [-82.056, 27.292], [-82.056, 27.292], [-82.056, 27.299], [-82.056, 27.338], [-82.024, 27.338], [-82.01, 27.338], [-82.001, 27.338], [-81.992, 27.338], [-81.977, 27.337], [-81.962, 27.337], [-81.899, 27.337], [-81.88, 27.337], [-81.875, 27.337], [-81.859, 27.337], [-81.859, 27.34]]]}, "properties": {"county_fips": "12027", "county_name": "DeSoto", "state": "FL"}}, {"type": "Feature", "id": "12029", "geometry": {"type": "MultiPolygon", "coordinates": [[[[-82.904, 29.824], [-82.905, 29.824], [-82.906, 29.823], [-82.907, 29.823], [-82.908, 29.822], [-82.908, 29.822], [-82.909, 29.821], [-82.909, 29.821], [-82.91, 29.821], [-82.911, 29.821], [-82.911, 29.821], [-82.912, 29.821], [-82.912, 29.821], [-82.913, 29.821], [-82.913, 29.821], [-82.914, 29.821], [-82.914, 29.822], [-82.915, 29.822], [-82.915, 29.822], [-82.916, 29.823], [-82.916, 29.823], [-82.916, 29.823], [-82.916, 29.823], [-82.917, 29.824], [-82.918, 29.824], [-82.919, 29.824], [-82.917, 29.824], [-82.914, 29.824], [-82.91, 29.824], [-82.906, 29.824], [-82.906, 29.824], [-82.906, 29.824], [-82.906, 29.824], [-82.905, 29.824], [-82.905, 29.824], [-82.905, 29.824], [-82.904, 29.824], [-82.904, 29.824], [-82.904, 29.824], [-82.904, 29.824], [-82.904, 29.824]]], [[[-83.319, 29.783], [-83.319, 29.804], [-83.319, 29.823], [-83.315, 29.823], [-83.302, 29.823], [-83.281, 29.823], [-83.255, 29.823], [-83.235, 29.823], [-83.209, 29.823], [-83.204, 29.823], [-83.191, 29.824], [-83.184, 29.824], [-83.171, 29.824], [-83.159, 29.824], [-83.138, 29.824], [-83.082, 29.824], [-83.016, 29.825], [-83.001, 29.825], [-82.996, 29.825], [-82.989, 29.825], [-82.981, 29.825], [-82.973, 29.825], [-82.966, 29.825], [-82.961, 29.825], [-82.959, 29.824], [-82.955, 29.824], [-82.947, 29.824], [-82.938, 29.824], [-82.921, 29.824], [-82.921, 29.824], [-82.922, 29.824], [-82.935, 29.809], [-82.927, 29.8], [-82.923, 29.793], [-82.945, 29.769], [-82.95, 29.755], [-82.941, 29.754], [-82.939, 29.744], [-82.946, 29.731], [-82.949, 29.723], [-82.943, 29.721], [-82.951, 29.72], [-82.956, 29.717], [-82.944, 29.705], [-82.94, 29.701], [-82.949, 29.701], [-82.958, 29.699], [-82.959, 29.684], [-82.957, 29.673], [-82.952, 29.662], [-82.956, 29.648], [-82.972, 29.626], [-82.969, 29.615], [-82.961, 29.595], [-82.949, 29.585], [-82.937, 29.591], [-82.937, 29.591], [-82.937, 29.591], [-82.941, 29.586], [-82.948, 29.569], [-82.955, 29.555], [-82.977, 29.54], [-82.978, 29.531], [-82.971, 29.519], [-82.981, 29.518], [-82.984, 29.499], [-82.982, 29.489], [-82.986, 29.474], [-82.992, 29.463], [-83.005, 29.454], [-83.021, 29.426], [-83.026, 29.419], [-83.026, 29.408], [-83.031, 29.398], [-83.04, 29.386], [-83.061, 29.377], [-83.071, 29.356], [-83.074, 29.342], [-83.101, 29.333], [-83.125, 29.318], [-83.14, 29.324], [-83.154, 29.304], [-83.24, 29.251], [-83.241, 29.257], [-83.241, 29.267], [-83.241, 29.275], [-83.241, 29.281], [-83.24, 29.288], [-83.24, 29.291], [-83.24, 29.3], [-83.243, 29.311], [-83.25, 29.317], [-83.251, 29.318], [-83.254, 29.321], [-83.259, 29.327], [-83.262, 29.327], [-83.265, 29.328], [-83.269, 29.329], [-83.273, 29.33], [-83.279, 29.332], [-83.285, 29.336], [-83.286, 29.336], [-83.29, 29.339], [-83.29, 29.339], [-83.293, 29.342], [-83.296, 29.345], [-83.298, 29.346], [-83.302, 29.352], [-83.306, 29.36], [-83.308, 29.367], [-83.308, 29.369], [-83.309, 29.375], [-83.309, 29.375], [-83.309, 29.379], [-83.308, 29.383], [-83.317, 29.384], [-83.317, 29.384], [-83.321, 29.386], [-83.323, 29.386], [-83.327, 29.388], [-83.328, 29.388], [-83.329, 29.388], [-83.336, 29.392], [-83.341, 29.396], [-83.343, 29.398], [-83.348, 29.403], [-83.352, 29.408], [-83.357, 29.42], [-83.36, 29.431], [-83.362, 29.432], [-83.367, 29.435], [-83.372, 29.439], [-83.375, 29.439], [-83.389, 29.441], [-83.396, 29.444], [-83.411, 29.452], [-83.418, 29.453], [-83.425, 29.456], [-83.432, 29.459], [-83.439, 29.466], [-83.445, 29.474], [-83.448, 29.48], [-83.449, 29.483], [-83.454, 29.5], [-83.455, 29.501], [-83.455, 29.503], [-83.455, 29.504], [-83.455, 29.504], [-83.456, 29.505], [-83.457, 29.507], [-83.458, 29.51], [-83.459, 29.515], [-83.459, 29.517], [-83.459, 29.519], [-83.459, 29.521], [-83.46, 29.521], [-83.46, 29.522], [-83.462, 29.526], [-83.462, 29.528], [-83.462, 29.53], [-83.464, 29.535], [-83.464, 29.54], [-83.464, 29.546], [-83.463, 29.547], [-83.462, 29.55], [-83.464, 29.553], [-83.465, 29.555], [-83.467, 29.561], [-83.468, 29.57], [-83.468, 29.57], [-83.469, 29.576], [-83.468, 29.58], [-83.466, 29.584], [-83.469, 29.589], [-83.469, 29.594], [-83.469, 29.599], [-83.468, 29.605], [-83.466, 29.61], [-83.465, 29.613], [-83.467, 29.615], [-83.47, 29.618], [-83.473, 29.621], [-83.478, 29.625], [-83.479, 29.627], [-83.416, 29.665], [-83.402, 29.672], [-83.39, 29.671], [-83.377, 29.668], [-83.366, 29.666], [-83.364, 29.671], [-83.362, 29.678], [-83.359, 29.683], [-83.354, 29.69], [-83.351, 29.696], [-83.351, 29.703], [-83.347, 29.718], [-83.347, 29.724], [-83.348, 29.732], [-83.345, 29.743], [-83.342, 29.75], [-83.339, 29.756], [-83.333, 29.762], [-83.328, 29.767], [-83.326, 29.771], [-83.327, 29.773], [-83.324, 29.775], [-83.322, 29.778], [-83.319, 29.783]]]]}, "properties": {"county_fips": "12029", "county_name": "Dixie", "state": "FL"}}, {"type": "Feature", "id": "12031", "geometry": {"type": "Polygon", "coordinates": [[[-81.702, 30.191], [-81.704, 30.19], [-81.705, 30.19], [-81.711, 30.191], [-81.738, 30.19], [-81.757, 30.189], [-81.788, 30.189], [-81.794, 30.189], [-81.803, 30.189], [-81.827, 30.189], [-81.852, 30.188], [-81.871, 30.188], [-81.901, 30.187], [-81.917, 30.187], [-81.938, 30.187], [-81.953, 30.186], [-81.971, 30.187], [-81.994, 30.187], [-82.003, 30.186], [-82.013, 30.187], [-82.019, 30.187], [-82.048, 30.187], [-82.049, 30.187], [-82.049, 30.189], [-82.049, 30.19], [-82.049, 30.193], [-82.049, 30.194], [-82.049, 30.195], [-82.049, 30.2], [-82.049, 30.201], [-82.049, 30.201], [-82.049, 30.201], [-82.049, 30.205], [-82.049, 30.218], [-82.049, 30.226], [-82.049, 30.228], [-82.049, 30.236], [-82.049, 30.237], [-82.049, 30.24], [-82.049, 30.241], [-82.049, 30.241], [-82.049, 30.243], [-82.049, 30.243], [-82.049, 30.264], [-82.049, 30.269], [-82.049, 30.272], [-82.049, 30.273], [-82.049, 30.273], [-82.049, 30.273], [-82.049, 30.273], [-82.049, 30.273], [-81.938, 30.372], [-81.765, 30.519], [-81.739, 30.535], [-81.736, 30.542], [-81.734, 30.547], [-81.733, 30.552], [-81.732, 30.558], [-81.728, 30.562], [-81.729, 30.564], [-81.722, 30.572], [-81.71, 30.566], [-81.705, 30.564], [-81.696, 30.569], [-81.691, 30.567], [-81.684, 30.566], [-81.675, 30.566], [-81.668, 30.561], [-81.659, 30.554], [-81.651, 30.572], [-81.626, 30.586], [-81.609, 30.579], [-81.613, 30.559], [-81.584, 30.561], [-81.529, 30.528], [-81.359, 30.502], [-81.358, 30.5], [-81.355, 30.493], [-81.352, 30.482], [-81.352, 30.473], [-81.353, 30.463], [-81.354, 30.46], [-81.354, 30.453], [-81.354, 30.45], [-81.354, 30.447], [-81.35, 30.445], [-81.339, 30.438], [-81.332, 30.433], [-81.325, 30.425], [-81.32, 30.416], [-81.317, 30.408], [-81.317, 30.402], [-81.317, 30.396], [-81.317, 30.394], [-81.318, 30.393], [-81.319, 30.389], [-81.321, 30.382], [-81.322, 30.379], [-81.324, 30.375], [-81.325, 30.372], [-81.329, 30.367], [-81.334, 30.362], [-81.335, 30.361], [-81.335, 30.361], [-81.335, 30.342], [-81.335, 30.338], [-81.334, 30.324], [-81.334, 30.318], [-81.333, 30.315], [-81.332, 30.307], [-81.332, 30.307], [-81.331, 30.301], [-81.331, 30.299], [-81.33, 30.298], [-81.328, 30.289], [-81.327, 30.284], [-81.326, 30.279], [-81.318, 30.253], [-81.32, 30.253], [-81.396, 30.253], [-81.404, 30.253], [-81.41, 30.253], [-81.412, 30.253], [-81.417, 30.252], [-81.42, 30.252], [-81.43, 30.252], [-81.437, 30.238], [-81.436, 30.229], [-81.435, 30.179], [-81.434, 30.105], [-81.473, 30.105], [-81.494, 30.104], [-81.515, 30.104], [-81.546, 30.119], [-81.558, 30.117], [-81.562, 30.117], [-81.567, 30.118], [-81.571, 30.12], [-81.574, 30.12], [-81.578, 30.123], [-81.61, 30.133], [-81.624, 30.134], [-81.667, 30.121], [-81.676, 30.121], [-81.68, 30.121], [-81.68, 30.121], [-81.69, 30.17], [-81.69, 30.191], [-81.699, 30.191]]]}, "properties": {"county_fips": "12031", "county_name": "Duval", "state": "FL"}}, {"type": "Feature", "id": "12035", "geometry": {"type": "Polygon", "coordinates": [[[-81.522, 29.55], [-81.523, 29.574], [-81.523, 29.593], [-81.524, 29.622], [-81.52, 29.623], [-81.478, 29.623], [-81.457, 29.623], [-81.434, 29.624], [-81.362, 29.625], [-81.324, 29.653], [-81.317, 29.649], [-81.311, 29.643], [-81.305, 29.644], [-81.304, 29.647], [-81.301, 29.651], [-81.296, 29.651], [-81.294, 29.65], [-81.291, 29.65], [-81.288, 29.651], [-81.284, 29.651], [-81.275, 29.653], [-81.272, 29.657], [-81.269, 29.661], [-81.265, 29.665], [-81.258, 29.668], [-81.254, 29.662], [-81.247, 29.659], [-81.231, 29.664], [-81.22, 29.671], [-81.151, 29.671], [-81.15, 29.669], [-81.149, 29.666], [-81.148, 29.663], [-81.146, 29.659], [-81.146, 29.659], [-81.144, 29.655], [-81.143, 29.652], [-81.142, 29.649], [-81.14, 29.645], [-81.139, 29.642], [-81.137, 29.639], [-81.136, 29.635], [-81.135, 29.632], [-81.134, 29.629], [-81.133, 29.626], [-81.132, 29.625], [-81.13, 29.621], [-81.13, 29.621], [-81.127, 29.614], [-81.125, 29.609], [-81.125, 29.609], [-81.125, 29.608], [-81.124, 29.606], [-81.123, 29.604], [-81.123, 29.603], [-81.12, 29.597], [-81.117, 29.591], [-81.116, 29.59], [-81.114, 29.585], [-81.114, 29.585], [-81.111, 29.579], [-81.109, 29.574], [-81.106, 29.568], [-81.104, 29.563], [-81.102, 29.56], [-81.1, 29.556], [-81.098, 29.552], [-81.095, 29.546], [-81.092, 29.541], [-81.09, 29.538], [-81.088, 29.534], [-81.085, 29.529], [-81.083, 29.525], [-81.083, 29.524], [-81.08, 29.518], [-81.078, 29.514], [-81.077, 29.512], [-81.076, 29.509], [-81.075, 29.507], [-81.072, 29.502], [-81.072, 29.5], [-81.072, 29.5], [-81.072, 29.5], [-81.07, 29.496], [-81.069, 29.495], [-81.064, 29.483], [-81.062, 29.478], [-81.058, 29.469], [-81.046, 29.442], [-81.042, 29.433], [-81.043, 29.433], [-81.045, 29.433], [-81.046, 29.432], [-81.106, 29.427], [-81.113, 29.426], [-81.129, 29.422], [-81.148, 29.415], [-81.156, 29.411], [-81.155, 29.404], [-81.155, 29.395], [-81.154, 29.389], [-81.154, 29.383], [-81.153, 29.352], [-81.151, 29.307], [-81.151, 29.281], [-81.155, 29.266], [-81.165, 29.266], [-81.209, 29.264], [-81.237, 29.264], [-81.327, 29.262], [-81.364, 29.262], [-81.415, 29.261], [-81.42, 29.368], [-81.422, 29.4], [-81.424, 29.399], [-81.43, 29.398], [-81.433, 29.4], [-81.434, 29.399], [-81.434, 29.399], [-81.434, 29.399], [-81.438, 29.398], [-81.445, 29.393], [-81.453, 29.39], [-81.464, 29.391], [-81.472, 29.394], [-81.476, 29.396], [-81.48, 29.402], [-81.48, 29.409], [-81.481, 29.417], [-81.485, 29.422], [-81.486, 29.429], [-81.486, 29.435], [-81.486, 29.441], [-81.487, 29.445], [-81.492, 29.455], [-81.498, 29.464], [-81.501, 29.469], [-81.51, 29.48], [-81.515, 29.486], [-81.521, 29.498], [-81.521, 29.52], [-81.522, 29.549]]]}, "properties": {"county_fips": "12035", "county_name": "Flagler", "state": "FL"}}, {"type": "Feature", "id": "12037", "geometry": {"type": "Polygon", "coordinates": [[[-85.022, 29.824], [-85.03, 29.848], [-85.021, 29.854], [-85.016, 29.859], [-85.014, 29.864], [-85.012, 29.873], [-85.014, 29.878], [-85.016, 29.887], [-85.013, 29.896], [-85.014, 29.904], [-85.01, 29.91], [-85.019, 29.915], [-85.018, 29.926], [-85.013, 29.936], [-85.014, 29.946], [-85.022, 29.959], [-85.025, 29.971], [-85.025, 29.972], [-85.018, 29.985], [-85.015, 29.988], [-85.016, 29.995], [-85.015, 29.998], [-85.011, 30.0], [-85.011, 30.003], [-85.01, 30.007], [-85.007, 30.008], [-85.005, 30.009], [-85.006, 30.012], [-85.007, 30.013], [-84.983, 30.014], [-84.932, 30.013], [-84.912, 30.013], [-84.869, 30.012], [-84.814, 30.011], [-84.776, 30.011], [-84.769, 30.012], [-84.762, 30.011], [-84.752, 30.012], [-84.697, 30.012], [-84.647, 30.012], [-84.609, 30.011], [-84.57, 30.011], [-84.548, 30.011], [-84.544, 30.011], [-84.546, 30.011], [-84.549, 30.007], [-84.541, 30.002], [-84.53, 30.008], [-84.524, 30.004], [-84.52, 29.993], [-84.525, 29.984], [-84.516, 29.98], [-84.512, 29.983], [-84.515, 29.988], [-84.504, 29.988], [-84.494, 29.987], [-84.486, 29.99], [-84.478, 29.998], [-84.476, 30.0], [-84.469, 30.002], [-84.46, 29.993], [-84.459, 29.984], [-84.458, 29.975], [-84.454, 29.971], [-84.448, 29.976], [-84.442, 29.982], [-84.439, 29.977], [-84.438, 29.977], [-84.359, 29.964], [-84.341, 29.961], [-84.265, 29.978], [-84.262, 29.972], [-84.256, 29.954], [-84.259, 29.937], [-84.269, 29.922], [-84.277, 29.91], [-84.285, 29.888], [-84.294, 29.875], [-84.299, 29.867], [-84.318, 29.853], [-84.347, 29.847], [-84.375, 29.845], [-84.39, 29.846], [-84.408, 29.851], [-84.422, 29.856], [-84.437, 29.856], [-84.454, 29.852], [-84.47, 29.839], [-84.485, 29.833], [-84.496, 29.832], [-84.508, 29.832], [-84.513, 29.824], [-84.517, 29.812], [-84.52, 29.804], [-84.525, 29.789], [-84.542, 29.77], [-84.562, 29.762], [-84.574, 29.758], [-84.584, 29.75], [-84.596, 29.744], [-84.608, 29.742], [-84.621, 29.737], [-84.632, 29.735], [-84.645, 29.732], [-84.656, 29.725], [-84.658, 29.724], [-84.672, 29.713], [-84.69, 29.696], [-84.715, 29.674], [-84.726, 29.663], [-84.747, 29.651], [-84.756, 29.648], [-84.768, 29.64], [-84.785, 29.635], [-84.812, 29.625], [-84.826, 29.624], [-84.852, 29.61], [-84.875, 29.598], [-84.888, 29.592], [-84.899, 29.585], [-84.909, 29.579], [-84.923, 29.572], [-84.943, 29.565], [-84.962, 29.559], [-84.977, 29.554], [-85.0, 29.549], [-85.006, 29.549], [-85.012, 29.55], [-85.017, 29.546], [-85.023, 29.543], [-85.029, 29.54], [-85.037, 29.537], [-85.042, 29.537], [-85.051, 29.536], [-85.061, 29.536], [-85.067, 29.538], [-85.072, 29.539], [-85.076, 29.54], [-85.08, 29.542], [-85.084, 29.545], [-85.089, 29.548], [-85.093, 29.552], [-85.096, 29.555], [-85.099, 29.559], [-85.102, 29.562], [-85.105, 29.565], [-85.108, 29.568], [-85.112, 29.571], [-85.117, 29.573], [-85.12, 29.575], [-85.123, 29.577], [-85.126, 29.577], [-85.128, 29.577], [-85.135, 29.578], [-85.144, 29.579], [-85.151, 29.582], [-85.158, 29.584], [-85.168, 29.589], [-85.176, 29.592], [-85.183, 29.597], [-85.189, 29.602], [-85.195, 29.607], [-85.201, 29.61], [-85.206, 29.613], [-85.212, 29.617], [-85.215, 29.618], [-85.222, 29.621], [-85.228, 29.623], [-85.234, 29.624], [-85.236, 29.625], [-85.244, 29.625], [-85.221, 29.685], [-85.214, 29.699], [-85.184, 29.726], [-85.166, 29.738], [-85.105, 29.775], [-85.073, 29.771], [-85.062, 29.787], [-85.045, 29.78], [-85.023, 29.805], [-85.021, 29.823]]]}, "properties": {"county_fips": "12037", "county_name": "Franklin", "state": "FL"}}, {"type": "Feature", "id": "12039", "geometry": {"type": "Polygon", "coordinates": [[[-84.539, 30.697], [-84.539, 30.697], [-84.537, 30.697], [-84.532, 30.697], [-84.517, 30.696], [-84.501, 30.695], [-84.476, 30.693], [-84.459, 30.692], [-84.421, 30.691], [-84.398, 30.691], [-84.381, 30.69], [-84.381, 30.69], [-84.379, 30.69], [-84.378, 30.69], [-84.375, 30.69], [-84.37, 30.69], [-84.36, 30.689], [-84.36, 30.689], [-84.358, 30.689], [-84.355, 30.689], [-84.354, 30.689], [-84.353, 30.689], [-84.352, 30.689], [-84.345, 30.688], [-84.345, 30.688], [-84.334, 30.688], [-84.334, 30.688], [-84.317, 30.687], [-84.315, 30.687], [-84.314, 30.687], [-84.305, 30.686], [-84.303, 30.686], [-84.303, 30.686], [-84.3, 30.686], [-84.3, 30.686], [-84.3, 30.686], [-84.288, 30.686], [-84.283, 30.685], [-84.283, 30.685], [-84.3, 30.677], [-84.305, 30.669], [-84.302, 30.656], [-84.306, 30.633], [-84.315, 30.625], [-84.323, 30.616], [-84.331, 30.607], [-84.333, 30.596], [-84.347, 30.595], [-84.363, 30.584], [-84.377, 30.575], [-84.382, 30.556], [-84.389, 30.527], [-84.392, 30.517], [-84.404, 30.509], [-84.402, 30.495], [-84.403, 30.476], [-84.437, 30.464], [-84.454, 30.46], [-84.481, 30.459], [-84.519, 30.45], [-84.55, 30.436], [-84.572, 30.425], [-84.607, 30.416], [-84.646, 30.388], [-84.646, 30.388], [-84.647, 30.388], [-84.666, 30.388], [-84.679, 30.388], [-84.68, 30.397], [-84.695, 30.417], [-84.714, 30.429], [-84.714, 30.45], [-84.731, 30.46], [-84.757, 30.46], [-84.78, 30.468], [-84.781, 30.475], [-84.781, 30.491], [-84.782, 30.508], [-84.799, 30.519], [-84.816, 30.52], [-84.835, 30.533], [-84.843, 30.533], [-84.856, 30.533], [-84.86, 30.533], [-84.882, 30.533], [-84.883, 30.554], [-84.883, 30.572], [-84.883, 30.587], [-84.883, 30.603], [-84.9, 30.606], [-84.932, 30.606], [-84.933, 30.606], [-84.933, 30.606], [-84.931, 30.609], [-84.924, 30.613], [-84.915, 30.616], [-84.906, 30.621], [-84.904, 30.625], [-84.904, 30.629], [-84.904, 30.637], [-84.901, 30.64], [-84.895, 30.645], [-84.892, 30.652], [-84.891, 30.656], [-84.889, 30.662], [-84.887, 30.664], [-84.883, 30.667], [-84.88, 30.669], [-84.877, 30.671], [-84.873, 30.675], [-84.87, 30.682], [-84.866, 30.687], [-84.863, 30.69], [-84.861, 30.694], [-84.858, 30.7], [-84.86, 30.703], [-84.864, 30.709], [-84.865, 30.711], [-84.865, 30.712], [-84.864, 30.712], [-84.864, 30.712], [-84.864, 30.712], [-84.864, 30.712], [-84.864, 30.712], [-84.863, 30.711], [-84.863, 30.711], [-84.849, 30.711], [-84.825, 30.71], [-84.822, 30.71], [-84.772, 30.708], [-84.755, 30.707], [-84.742, 30.706], [-84.721, 30.705], [-84.678, 30.704], [-84.666, 30.703], [-84.654, 30.702], [-84.645, 30.702], [-84.625, 30.701], [-84.606, 30.7], [-84.591, 30.699], [-84.569, 30.698]]]}, "properties": {"county_fips": "12039", "county_name": "Gadsden", "state": "FL"}}, {"type": "Feature", "id": "12041", "geometry": {"type": "Polygon", "coordinates": [[[-82.922, 29.591], [-82.922, 29.591], [-82.926, 29.591], [-82.929, 29.591], [-82.931, 29.591], [-82.935, 29.591], [-82.937, 29.591], [-82.937, 29.591], [-82.949, 29.585], [-82.961, 29.595], [-82.969, 29.615], [-82.972, 29.626], [-82.956, 29.648], [-82.952, 29.662], [-82.957, 29.673], [-82.959, 29.684], [-82.958, 29.699], [-82.949, 29.701], [-82.94, 29.701], [-82.944, 29.705], [-82.956, 29.717], [-82.951, 29.72], [-82.943, 29.721], [-82.949, 29.723], [-82.946, 29.731], [-82.939, 29.744], [-82.941, 29.754], [-82.95, 29.755], [-82.945, 29.769], [-82.923, 29.793], [-82.927, 29.8], [-82.935, 29.809], [-82.922, 29.824], [-82.921, 29.824], [-82.92, 29.824], [-82.919, 29.824], [-82.919, 29.824], [-82.918, 29.824], [-82.917, 29.824], [-82.916, 29.823], [-82.916, 29.823], [-82.916, 29.823], [-82.916, 29.823], [-82.915, 29.822], [-82.915, 29.822], [-82.914, 29.822], [-82.914, 29.821], [-82.913, 29.821], [-82.913, 29.821], [-82.912, 29.821], [-82.912, 29.821], [-82.911, 29.821], [-82.911, 29.821], [-82.91, 29.821], [-82.909, 29.821], [-82.909, 29.821], [-82.908, 29.822], [-82.908, 29.822], [-82.907, 29.823], [-82.906, 29.823], [-82.905, 29.824], [-82.904, 29.824], [-82.904, 29.824], [-82.903, 29.825], [-82.901, 29.825], [-82.895, 29.826], [-82.894, 29.827], [-82.893, 29.827], [-82.892, 29.829], [-82.892, 29.834], [-82.891, 29.841], [-82.89, 29.845], [-82.888, 29.852], [-82.886, 29.855], [-82.883, 29.857], [-82.881, 29.86], [-82.877, 29.863], [-82.876, 29.865], [-82.876, 29.867], [-82.876, 29.869], [-82.876, 29.874], [-82.875, 29.878], [-82.876, 29.883], [-82.876, 29.884], [-82.877, 29.886], [-82.879, 29.887], [-82.88, 29.887], [-82.88, 29.887], [-82.88, 29.887], [-82.879, 29.888], [-82.876, 29.89], [-82.875, 29.891], [-82.874, 29.894], [-82.873, 29.897], [-82.868, 29.898], [-82.867, 29.902], [-82.866, 29.904], [-82.864, 29.908], [-82.863, 29.911], [-82.86, 29.912], [-82.855, 29.913], [-82.846, 29.913], [-82.841, 29.912], [-82.839, 29.914], [-82.834, 29.914], [-82.831, 29.914], [-82.827, 29.918], [-82.824, 29.922], [-82.819, 29.925], [-82.814, 29.93], [-82.811, 29.931], [-82.81, 29.933], [-82.804, 29.931], [-82.801, 29.932], [-82.8, 29.932], [-82.799, 29.932], [-82.792, 29.935], [-82.784, 29.932], [-82.778, 29.927], [-82.771, 29.925], [-82.772, 29.917], [-82.774, 29.912], [-82.765, 29.907], [-82.769, 29.899], [-82.76, 29.898], [-82.754, 29.893], [-82.753, 29.884], [-82.748, 29.876], [-82.744, 29.869], [-82.737, 29.865], [-82.732, 29.856], [-82.724, 29.854], [-82.716, 29.851], [-82.71, 29.847], [-82.708, 29.844], [-82.705, 29.839], [-82.698, 29.837], [-82.688, 29.834], [-82.677, 29.833], [-82.667, 29.832], [-82.659, 29.83], [-82.659, 29.83], [-82.658, 29.825], [-82.658, 29.811], [-82.658, 29.801], [-82.658, 29.788], [-82.657, 29.771], [-82.657, 29.765], [-82.657, 29.755], [-82.657, 29.749], [-82.657, 29.744], [-82.657, 29.739], [-82.657, 29.732], [-82.657, 29.706], [-82.657, 29.692], [-82.657, 29.684], [-82.657, 29.65], [-82.656, 29.639], [-82.656, 29.638], [-82.656, 29.628], [-82.656, 29.622], [-82.656, 29.614], [-82.656, 29.607], [-82.656, 29.602], [-82.656, 29.596], [-82.656, 29.59], [-82.656, 29.584], [-82.656, 29.579], [-82.656, 29.565], [-82.669, 29.564], [-82.678, 29.564], [-82.69, 29.564], [-82.696, 29.564], [-82.715, 29.563], [-82.719, 29.563], [-82.729, 29.563], [-82.757, 29.571], [-82.768, 29.578], [-82.775, 29.585], [-82.793, 29.585], [-82.817, 29.584], [-82.821, 29.584], [-82.843, 29.584], [-82.874, 29.591], [-82.882, 29.591], [-82.888, 29.591], [-82.896, 29.591], [-82.901, 29.591], [-82.911, 29.591]]]}, "properties": {"county_fips": "12041", "county_name": "Gilchrist", "state": "FL"}}, {"type": "Feature", "id": "12043", "geometry": {"type": "Polygon", "coordinates": [[[-81.438, 26.783], [-81.449, 26.783], [-81.459, 26.781], [-81.459, 26.77], [-81.469, 26.769], [-81.478, 26.769], [-81.508, 26.769], [-81.536, 26.769], [-81.565, 26.77], [-81.566, 26.77], [-81.566, 26.77], [-81.566, 26.784], [-81.566, 26.79], [-81.566, 26.795], [-81.566, 26.797], [-81.565, 26.81], [-81.565, 26.816], [-81.565, 26.828], [-81.565, 26.832], [-81.565, 26.835], [-81.565, 26.839], [-81.565, 26.847], [-81.565, 26.847], [-81.565, 26.857], [-81.565, 26.868], [-81.565, 26.876], [-81.564, 26.902], [-81.564, 26.912], [-81.564, 26.94], [-81.564, 26.945], [-81.564, 26.954], [-81.564, 26.959], [-81.563, 26.977], [-81.563, 26.989], [-81.563, 27.001], [-81.563, 27.009], [-81.562, 27.034], [-81.562, 27.034], [-81.502, 27.033], [-81.473, 27.033], [-81.433, 27.033], [-81.408, 27.033], [-81.37, 27.032], [-81.344, 27.032], [-81.333, 27.037], [-81.292, 27.032], [-81.267, 27.074], [-81.268, 27.121], [-81.168, 27.122], [-81.168, 27.133], [-81.169, 27.141], [-81.169, 27.151], [-81.169, 27.167], [-81.169, 27.181], [-81.169, 27.209], [-81.118, 27.21], [-81.086, 27.21], [-81.077, 27.21], [-81.043, 27.21], [-81.012, 27.211], [-80.986, 27.211], [-80.966, 27.211], [-80.944, 27.211], [-80.943, 27.211], [-80.943, 27.21], [-80.941, 27.206], [-80.938, 27.202], [-80.935, 27.197], [-80.931, 27.2], [-80.93, 27.197], [-80.925, 27.196], [-80.92, 27.194], [-80.917, 27.19], [-80.913, 27.191], [-80.91, 27.189], [-80.907, 27.187], [-80.908, 27.184], [-80.907, 27.18], [-80.908, 27.176], [-80.908, 27.174], [-80.906, 27.172], [-80.902, 27.17], [-80.899, 27.17], [-80.898, 27.166], [-80.893, 27.166], [-80.887, 27.166], [-80.877, 27.16], [-80.871, 27.151], [-80.872, 27.134], [-80.885, 26.964], [-80.886, 26.959], [-80.887, 26.953], [-80.943, 26.777], [-80.956, 26.769], [-80.979, 26.769], [-81.081, 26.768], [-81.129, 26.768], [-81.175, 26.768], [-81.227, 26.769], [-81.255, 26.769], [-81.294, 26.769], [-81.327, 26.769], [-81.371, 26.769], [-81.382, 26.769], [-81.388, 26.769], [-81.399, 26.769], [-81.427, 26.769], [-81.435, 26.773]]]}, "properties": {"county_fips": "12043", "county_name": "Glades", "state": "FL"}}, {"type": "Feature", "id": "12045", "geometry": {"type": "Polygon", "coordinates": [[[-85.022, 29.824], [-85.021, 29.823], [-85.023, 29.805], [-85.045, 29.78], [-85.062, 29.787], [-85.073, 29.771], [-85.105, 29.775], [-85.166, 29.738], [-85.184, 29.726], [-85.214, 29.699], [-85.221, 29.685], [-85.247, 29.625], [-85.249, 29.626], [-85.25, 29.626], [-85.254, 29.627], [-85.263, 29.629], [-85.271, 29.631], [-85.28, 29.632], [-85.291, 29.632], [-85.294, 29.629], [-85.298, 29.625], [-85.303, 29.62], [-85.307, 29.616], [-85.314, 29.612], [-85.318, 29.61], [-85.324, 29.607], [-85.331, 29.605], [-85.339, 29.604], [-85.346, 29.604], [-85.352, 29.604], [-85.359, 29.605], [-85.366, 29.606], [-85.371, 29.608], [-85.375, 29.609], [-85.378, 29.611], [-85.381, 29.612], [-85.383, 29.614], [-85.386, 29.617], [-85.388, 29.619], [-85.391, 29.623], [-85.392, 29.624], [-85.394, 29.626], [-85.396, 29.628], [-85.4, 29.633], [-85.403, 29.635], [-85.407, 29.64], [-85.411, 29.644], [-85.415, 29.648], [-85.419, 29.653], [-85.422, 29.659], [-85.425, 29.664], [-85.428, 29.667], [-85.431, 29.672], [-85.435, 29.678], [-85.436, 29.682], [-85.439, 29.688], [-85.441, 29.694], [-85.444, 29.699], [-85.446, 29.705], [-85.447, 29.707], [-85.45, 29.713], [-85.451, 29.719], [-85.453, 29.722], [-85.454, 29.727], [-85.455, 29.731], [-85.457, 29.734], [-85.458, 29.738], [-85.459, 29.742], [-85.46, 29.745], [-85.46, 29.749], [-85.461, 29.752], [-85.462, 29.756], [-85.464, 29.761], [-85.464, 29.764], [-85.465, 29.767], [-85.466, 29.77], [-85.468, 29.776], [-85.469, 29.779], [-85.47, 29.784], [-85.471, 29.789], [-85.472, 29.795], [-85.473, 29.801], [-85.473, 29.806], [-85.474, 29.81], [-85.474, 29.815], [-85.474, 29.82], [-85.475, 29.825], [-85.475, 29.83], [-85.475, 29.836], [-85.475, 29.839], [-85.475, 29.843], [-85.474, 29.848], [-85.474, 29.853], [-85.473, 29.856], [-85.471, 29.861], [-85.47, 29.867], [-85.469, 29.87], [-85.468, 29.874], [-85.467, 29.876], [-85.465, 29.879], [-85.464, 29.882], [-85.462, 29.885], [-85.461, 29.886], [-85.46, 29.888], [-85.458, 29.89], [-85.456, 29.892], [-85.455, 29.893], [-85.453, 29.895], [-85.452, 29.896], [-85.45, 29.898], [-85.448, 29.9], [-85.447, 29.9], [-85.446, 29.901], [-85.388, 29.927], [-85.389, 29.93], [-85.389, 29.936], [-85.389, 29.94], [-85.389, 29.944], [-85.389, 29.951], [-85.39, 29.974], [-85.39, 29.988], [-85.391, 30.001], [-85.391, 30.014], [-85.391, 30.025], [-85.391, 30.027], [-85.391, 30.03], [-85.391, 30.051], [-85.391, 30.053], [-85.391, 30.06], [-85.39, 30.083], [-85.39, 30.091], [-85.39, 30.098], [-85.39, 30.107], [-85.39, 30.121], [-85.39, 30.145], [-85.39, 30.172], [-85.39, 30.189], [-85.39, 30.201], [-85.39, 30.201], [-85.389, 30.201], [-85.387, 30.201], [-85.379, 30.201], [-85.356, 30.201], [-85.325, 30.201], [-85.312, 30.201], [-85.263, 30.201], [-85.252, 30.201], [-85.23, 30.201], [-85.228, 30.201], [-85.228, 30.201], [-85.222, 30.201], [-85.212, 30.201], [-85.195, 30.201], [-85.191, 30.201], [-85.19, 30.201], [-85.187, 30.201], [-85.177, 30.201], [-85.165, 30.2], [-85.157, 30.2], [-85.149, 30.2], [-85.127, 30.2], [-85.123, 30.2], [-85.121, 30.2], [-85.12, 30.2], [-85.116, 30.2], [-85.116, 30.2], [-85.116, 30.2], [-85.127, 30.183], [-85.138, 30.174], [-85.137, 30.162], [-85.138, 30.146], [-85.136, 30.141], [-85.144, 30.13], [-85.132, 30.121], [-85.142, 30.112], [-85.148, 30.105], [-85.154, 30.091], [-85.14, 30.088], [-85.136, 30.076], [-85.134, 30.065], [-85.135, 30.046], [-85.131, 30.038], [-85.119, 30.029], [-85.108, 30.022], [-85.098, 30.019], [-85.089, 30.013], [-85.07, 30.005], [-85.052, 29.995], [-85.047, 29.99], [-85.032, 29.988], [-85.028, 29.983], [-85.026, 29.972], [-85.025, 29.971], [-85.022, 29.959], [-85.014, 29.946], [-85.013, 29.936], [-85.018, 29.926], [-85.019, 29.915], [-85.01, 29.91], [-85.014, 29.904], [-85.013, 29.896], [-85.016, 29.887], [-85.014, 29.878], [-85.012, 29.873], [-85.014, 29.864], [-85.016, 29.859], [-85.021, 29.854], [-85.03, 29.848]]]}, "properties": {"county_fips": "12045", "county_name": "Gulf", "state": "FL"}}, {"type": "Feature", "id": "12047", "geometry": {"type": "Polygon", "coordinates": [[[-82.948, 30.401], [-82.956, 30.411], [-82.969, 30.417], [-82.983, 30.419], [-83.002, 30.431], [-83.008, 30.423], [-83.031, 30.429], [-83.046, 30.43], [-83.06, 30.43], [-83.068, 30.425], [-83.078, 30.436], [-83.091, 30.437], [-83.152, 30.417], [-83.171, 30.385], [-83.171, 30.385], [-83.177, 30.396], [-83.18, 30.409], [-83.195, 30.417], [-83.207, 30.413], [-83.215, 30.42], [-83.222, 30.426], [-83.222, 30.437], [-83.221, 30.449], [-83.22, 30.461], [-83.228, 30.469], [-83.244, 30.473], [-83.244, 30.483], [-83.241, 30.494], [-83.243, 30.51], [-83.239, 30.517], [-83.247, 30.531], [-83.247, 30.541], [-83.258, 30.551], [-83.256, 30.559], [-83.261, 30.568], [-83.262, 30.578], [-83.257, 30.586], [-83.26, 30.597], [-83.267, 30.608], [-83.309, 30.634], [-83.309, 30.634], [-83.309, 30.634], [-83.307, 30.634], [-83.279, 30.633], [-83.271, 30.632], [-83.266, 30.632], [-83.265, 30.632], [-83.256, 30.631], [-83.254, 30.631], [-83.25, 30.631], [-83.249, 30.631], [-83.249, 30.631], [-83.247, 30.631], [-83.247, 30.631], [-83.229, 30.63], [-83.225, 30.629], [-83.198, 30.628], [-83.187, 30.627], [-83.186, 30.627], [-83.18, 30.627], [-83.176, 30.627], [-83.175, 30.627], [-83.172, 30.626], [-83.172, 30.626], [-83.164, 30.626], [-83.156, 30.625], [-83.14, 30.624], [-83.137, 30.624], [-83.131, 30.624], [-83.124, 30.623], [-83.119, 30.623], [-83.117, 30.623], [-83.098, 30.622], [-83.098, 30.622], [-83.086, 30.621], [-83.074, 30.621], [-83.065, 30.62], [-83.056, 30.619], [-83.051, 30.619], [-83.038, 30.618], [-83.024, 30.618], [-83.022, 30.617], [-83.0, 30.616], [-82.977, 30.615], [-82.959, 30.614], [-82.94, 30.613], [-82.933, 30.612], [-82.887, 30.61], [-82.875, 30.609], [-82.821, 30.606], [-82.767, 30.602], [-82.728, 30.6], [-82.707, 30.599], [-82.698, 30.598], [-82.69, 30.598], [-82.69, 30.598], [-82.698, 30.591], [-82.704, 30.58], [-82.715, 30.568], [-82.726, 30.56], [-82.723, 30.549], [-82.716, 30.536], [-82.728, 30.526], [-82.718, 30.519], [-82.706, 30.504], [-82.697, 30.486], [-82.686, 30.472], [-82.681, 30.462], [-82.664, 30.45], [-82.668, 30.444], [-82.653, 30.429], [-82.646, 30.408], [-82.658, 30.386], [-82.671, 30.365], [-82.684, 30.347], [-82.697, 30.333], [-82.724, 30.33], [-82.752, 30.32], [-82.767, 30.328], [-82.788, 30.325], [-82.795, 30.337], [-82.795, 30.337], [-82.804, 30.345], [-82.816, 30.342], [-82.827, 30.346], [-82.842, 30.342], [-82.852, 30.357], [-82.862, 30.357], [-82.874, 30.366], [-82.887, 30.368], [-82.889, 30.385], [-82.903, 30.384], [-82.915, 30.384], [-82.933, 30.395], [-82.948, 30.401]]]}, "properties": {"county_fips": "12047", "county_name": "Hamilton", "state": "FL"}}, {"type": "Feature", "id": "12049", "geometry": {"type": "Polygon", "coordinates": [[[-81.847, 27.34], [-81.859, 27.34], [-81.859, 27.337], [-81.875, 27.337], [-81.88, 27.337], [-81.899, 27.337], [-81.962, 27.337], [-81.977, 27.337], [-81.992, 27.338], [-82.001, 27.338], [-82.01, 27.338], [-82.024, 27.338], [-82.056, 27.338], [-82.056, 27.34], [-82.056, 27.375], [-82.056, 27.393], [-82.056, 27.397], [-82.055, 27.428], [-82.055, 27.434], [-82.055, 27.465], [-82.055, 27.471], [-82.055, 27.473], [-82.055, 27.482], [-82.055, 27.495], [-82.055, 27.498], [-82.055, 27.513], [-82.055, 27.526], [-82.055, 27.533], [-82.055, 27.545], [-82.055, 27.557], [-82.055, 27.564], [-82.055, 27.567], [-82.055, 27.582], [-82.055, 27.588], [-82.054, 27.601], [-82.054, 27.609], [-82.055, 27.625], [-82.054, 27.639], [-82.054, 27.645], [-82.054, 27.646], [-82.054, 27.646], [-82.015, 27.646], [-82.01, 27.646], [-82.005, 27.646], [-81.988, 27.647], [-81.984, 27.646], [-81.971, 27.646], [-81.949, 27.646], [-81.909, 27.646], [-81.885, 27.646], [-81.88, 27.646], [-81.879, 27.646], [-81.859, 27.646], [-81.835, 27.646], [-81.829, 27.646], [-81.824, 27.646], [-81.819, 27.646], [-81.793, 27.646], [-81.767, 27.646], [-81.749, 27.646], [-81.709, 27.646], [-81.687, 27.646], [-81.651, 27.646], [-81.626, 27.646], [-81.617, 27.646], [-81.567, 27.647], [-81.563, 27.647], [-81.563, 27.643], [-81.563, 27.631], [-81.563, 27.619], [-81.563, 27.61], [-81.564, 27.601], [-81.563, 27.588], [-81.563, 27.576], [-81.564, 27.567], [-81.564, 27.563], [-81.564, 27.553], [-81.564, 27.515], [-81.564, 27.505], [-81.564, 27.489], [-81.564, 27.482], [-81.564, 27.478], [-81.564, 27.449], [-81.564, 27.445], [-81.564, 27.432], [-81.564, 27.432], [-81.564, 27.415], [-81.564, 27.413], [-81.564, 27.4], [-81.564, 27.383], [-81.564, 27.358], [-81.564, 27.348], [-81.564, 27.341], [-81.564, 27.341], [-81.57, 27.341], [-81.587, 27.341], [-81.598, 27.341], [-81.611, 27.341], [-81.625, 27.341], [-81.646, 27.341], [-81.659, 27.341], [-81.679, 27.34], [-81.715, 27.34], [-81.734, 27.34], [-81.792, 27.34], [-81.806, 27.34], [-81.829, 27.34], [-81.845, 27.34]]]}, "properties": {"county_fips": "12049", "county_name": "Hardee", "state": "FL"}}, {"type": "Feature", "id": "12051", "geometry": {"type": "Polygon", "coordinates": [[[-80.928, 26.258], [-80.987, 26.257], [-81.044, 26.257], [-81.107, 26.256], [-81.167, 26.255], [-81.186, 26.254], [-81.253, 26.253], [-81.269, 26.258], [-81.27, 26.323], [-81.271, 26.367], [-81.271, 26.396], [-81.272, 26.458], [-81.272, 26.471], [-81.311, 26.517], [-81.363, 26.516], [-81.386, 26.516], [-81.397, 26.516], [-81.405, 26.516], [-81.421, 26.516], [-81.444, 26.515], [-81.452, 26.515], [-81.472, 26.513], [-81.483, 26.514], [-81.511, 26.513], [-81.534, 26.513], [-81.564, 26.518], [-81.564, 26.518], [-81.564, 26.537], [-81.564, 26.545], [-81.565, 26.554], [-81.565, 26.567], [-81.565, 26.594], [-81.565, 26.6], [-81.565, 26.604], [-81.565, 26.608], [-81.565, 26.614], [-81.565, 26.615], [-81.566, 26.623], [-81.566, 26.629], [-81.566, 26.636], [-81.566, 26.647], [-81.566, 26.652], [-81.566, 26.673], [-81.566, 26.685], [-81.566, 26.698], [-81.566, 26.712], [-81.566, 26.714], [-81.566, 26.722], [-81.566, 26.736], [-81.566, 26.755], [-81.566, 26.765], [-81.566, 26.77], [-81.566, 26.77], [-81.565, 26.77], [-81.536, 26.769], [-81.508, 26.769], [-81.478, 26.769], [-81.469, 26.769], [-81.459, 26.77], [-81.459, 26.781], [-81.449, 26.783], [-81.438, 26.783], [-81.435, 26.773], [-81.427, 26.769], [-81.399, 26.769], [-81.388, 26.769], [-81.382, 26.769], [-81.371, 26.769], [-81.327, 26.769], [-81.294, 26.769], [-81.255, 26.769], [-81.227, 26.769], [-81.175, 26.768], [-81.129, 26.768], [-81.081, 26.768], [-80.979, 26.769], [-80.956, 26.769], [-80.943, 26.777], [-80.887, 26.953], [-80.886, 26.959], [-80.886, 26.949], [-80.886, 26.769], [-80.886, 26.765], [-80.886, 26.759], [-80.886, 26.758], [-80.886, 26.746], [-80.886, 26.745], [-80.886, 26.743], [-80.886, 26.733], [-80.886, 26.711], [-80.886, 26.696], [-80.886, 26.679], [-80.886, 26.666], [-80.886, 26.653], [-80.886, 26.638], [-80.886, 26.629], [-80.886, 26.611], [-80.885, 26.597], [-80.885, 26.565], [-80.884, 26.543], [-80.884, 26.522], [-80.883, 26.501], [-80.883, 26.472], [-80.882, 26.418], [-80.88, 26.347], [-80.881, 26.334], [-80.881, 26.334], [-80.881, 26.333], [-80.881, 26.332], [-80.881, 26.332], [-80.881, 26.331], [-80.881, 26.331], [-80.881, 26.331], [-80.881, 26.331], [-80.881, 26.331], [-80.881, 26.331], [-80.881, 26.33], [-80.881, 26.33], [-80.881, 26.33], [-80.881, 26.33], [-80.881, 26.329], [-80.881, 26.329], [-80.881, 26.32], [-80.881, 26.317], [-80.881, 26.317], [-80.881, 26.315], [-80.881, 26.313], [-80.881, 26.299], [-80.881, 26.297], [-80.881, 26.288], [-80.88, 26.274], [-80.88, 26.271], [-80.88, 26.262], [-80.88, 26.259], [-80.926, 26.258]]]}, "properties": {"county_fips": "12051", "county_name": "Hendry", "state": "FL"}}, {"type": "Feature", "id": "12053", "geometry": {"type": "Polygon", "coordinates": [[[-82.055, 28.478], [-82.063, 28.478], [-82.112, 28.478], [-82.163, 28.478], [-82.167, 28.478], [-82.175, 28.478], [-82.196, 28.479], [-82.205, 28.479], [-82.243, 28.479], [-82.253, 28.468], [-82.253, 28.438], [-82.282, 28.435], [-82.315, 28.435], [-82.373, 28.434], [-82.41, 28.434], [-82.458, 28.434], [-82.48, 28.434], [-82.513, 28.434], [-82.542, 28.434], [-82.564, 28.434], [-82.587, 28.434], [-82.602, 28.434], [-82.615, 28.434], [-82.636, 28.434], [-82.666, 28.434], [-82.676, 28.433], [-82.754, 28.433], [-82.754, 28.434], [-82.753, 28.437], [-82.752, 28.441], [-82.75, 28.444], [-82.75, 28.444], [-82.747, 28.448], [-82.746, 28.449], [-82.748, 28.452], [-82.748, 28.455], [-82.749, 28.459], [-82.749, 28.462], [-82.749, 28.463], [-82.748, 28.468], [-82.747, 28.472], [-82.747, 28.472], [-82.745, 28.478], [-82.744, 28.482], [-82.742, 28.486], [-82.743, 28.488], [-82.744, 28.492], [-82.744, 28.492], [-82.746, 28.497], [-82.746, 28.497], [-82.748, 28.5], [-82.748, 28.5], [-82.748, 28.502], [-82.748, 28.503], [-82.748, 28.506], [-82.748, 28.51], [-82.747, 28.513], [-82.747, 28.516], [-82.746, 28.519], [-82.747, 28.522], [-82.748, 28.525], [-82.748, 28.528], [-82.749, 28.532], [-82.749, 28.534], [-82.749, 28.535], [-82.749, 28.538], [-82.748, 28.542], [-82.748, 28.545], [-82.747, 28.548], [-82.745, 28.552], [-82.744, 28.555], [-82.742, 28.558], [-82.743, 28.561], [-82.743, 28.564], [-82.742, 28.567], [-82.741, 28.571], [-82.74, 28.575], [-82.739, 28.578], [-82.739, 28.579], [-82.738, 28.582], [-82.736, 28.585], [-82.734, 28.588], [-82.732, 28.591], [-82.729, 28.594], [-82.728, 28.595], [-82.727, 28.596], [-82.729, 28.598], [-82.73, 28.601], [-82.731, 28.602], [-82.732, 28.605], [-82.733, 28.607], [-82.734, 28.61], [-82.734, 28.612], [-82.735, 28.614], [-82.736, 28.615], [-82.737, 28.618], [-82.738, 28.62], [-82.74, 28.623], [-82.74, 28.625], [-82.741, 28.625], [-82.75, 28.636], [-82.75, 28.636], [-82.751, 28.637], [-82.753, 28.638], [-82.756, 28.642], [-82.758, 28.645], [-82.76, 28.648], [-82.761, 28.65], [-82.763, 28.653], [-82.765, 28.656], [-82.766, 28.66], [-82.768, 28.666], [-82.768, 28.669], [-82.768, 28.673], [-82.768, 28.674], [-82.768, 28.675], [-82.769, 28.676], [-82.77, 28.676], [-82.771, 28.678], [-82.773, 28.682], [-82.776, 28.687], [-82.776, 28.688], [-82.777, 28.689], [-82.777, 28.691], [-82.777, 28.692], [-82.777, 28.693], [-82.778, 28.693], [-82.778, 28.694], [-82.778, 28.694], [-82.651, 28.694], [-82.636, 28.694], [-82.632, 28.694], [-82.626, 28.694], [-82.619, 28.694], [-82.614, 28.694], [-82.606, 28.695], [-82.602, 28.695], [-82.564, 28.695], [-82.554, 28.695], [-82.539, 28.695], [-82.516, 28.695], [-82.461, 28.695], [-82.455, 28.695], [-82.418, 28.695], [-82.418, 28.669], [-82.395, 28.666], [-82.395, 28.666], [-82.38, 28.666], [-82.323, 28.667], [-82.302, 28.667], [-82.283, 28.667], [-82.274, 28.667], [-82.268, 28.667], [-82.263, 28.668], [-82.263, 28.668], [-82.265, 28.666], [-82.275, 28.657], [-82.257, 28.649], [-82.252, 28.629], [-82.247, 28.621], [-82.234, 28.609], [-82.227, 28.599], [-82.219, 28.582], [-82.198, 28.574], [-82.193, 28.574], [-82.188, 28.573], [-82.185, 28.57], [-82.18, 28.569], [-82.176, 28.568], [-82.172, 28.566], [-82.167, 28.564], [-82.163, 28.567], [-82.157, 28.573], [-82.147, 28.569], [-82.137, 28.562], [-82.132, 28.549], [-82.116, 28.542], [-82.105, 28.536], [-82.086, 28.527], [-82.067, 28.531], [-82.055, 28.478]]]}, "properties": {"county_fips": "12053", "county_name": "Hernando", "state": "FL"}}, {"type": "Feature", "id": "12055", "geometry": {"type": "Polygon", "coordinates": [[[-80.981, 27.23], [-80.943, 27.211], [-80.943, 27.211], [-80.944, 27.211], [-80.966, 27.211], [-80.986, 27.211], [-81.012, 27.211], [-81.043, 27.21], [-81.077, 27.21], [-81.086, 27.21], [-81.118, 27.21], [-81.169, 27.209], [-81.169, 27.181], [-81.169, 27.167], [-81.169, 27.151], [-81.169, 27.141], [-81.168, 27.133], [-81.168, 27.122], [-81.268, 27.121], [-81.267, 27.074], [-81.292, 27.032], [-81.333, 27.037], [-81.344, 27.032], [-81.37, 27.032], [-81.408, 27.033], [-81.433, 27.033], [-81.473, 27.033], [-81.502, 27.033], [-81.562, 27.034], [-81.562, 27.034], [-81.562, 27.035], [-81.562, 27.037], [-81.562, 27.038], [-81.562, 27.042], [-81.562, 27.044], [-81.562, 27.047], [-81.562, 27.052], [-81.562, 27.063], [-81.562, 27.065], [-81.563, 27.07], [-81.563, 27.101], [-81.562, 27.125], [-81.563, 27.18], [-81.563, 27.205], [-81.563, 27.21], [-81.563, 27.232], [-81.563, 27.25], [-81.564, 27.299], [-81.564, 27.301], [-81.564, 27.304], [-81.564, 27.311], [-81.564, 27.316], [-81.564, 27.322], [-81.564, 27.325], [-81.564, 27.329], [-81.564, 27.34], [-81.564, 27.341], [-81.564, 27.341], [-81.564, 27.348], [-81.564, 27.358], [-81.564, 27.383], [-81.564, 27.4], [-81.564, 27.413], [-81.564, 27.415], [-81.564, 27.432], [-81.564, 27.432], [-81.564, 27.445], [-81.564, 27.449], [-81.564, 27.478], [-81.564, 27.482], [-81.564, 27.489], [-81.564, 27.505], [-81.564, 27.515], [-81.564, 27.553], [-81.564, 27.563], [-81.564, 27.567], [-81.563, 27.576], [-81.563, 27.588], [-81.564, 27.601], [-81.563, 27.61], [-81.563, 27.619], [-81.563, 27.631], [-81.563, 27.643], [-81.563, 27.647], [-81.563, 27.647], [-81.555, 27.647], [-81.55, 27.647], [-81.544, 27.647], [-81.532, 27.647], [-81.531, 27.647], [-81.521, 27.646], [-81.512, 27.646], [-81.5, 27.646], [-81.489, 27.647], [-81.485, 27.647], [-81.478, 27.647], [-81.42, 27.647], [-81.375, 27.647], [-81.353, 27.646], [-81.342, 27.646], [-81.338, 27.646], [-81.319, 27.646], [-81.274, 27.646], [-81.225, 27.645], [-81.211, 27.644], [-81.195, 27.644], [-81.191, 27.644], [-81.177, 27.644], [-81.17, 27.644], [-81.142, 27.643], [-81.142, 27.643], [-81.142, 27.643], [-81.144, 27.615], [-81.15, 27.596], [-81.16, 27.574], [-81.176, 27.56], [-81.205, 27.542], [-81.206, 27.52], [-81.2, 27.501], [-81.188, 27.483], [-81.164, 27.457], [-81.148, 27.446], [-81.141, 27.423], [-81.134, 27.409], [-81.125, 27.397], [-81.102, 27.383], [-81.073, 27.383], [-81.04, 27.361], [-81.037, 27.348], [-81.039, 27.329], [-81.027, 27.313], [-81.016, 27.302], [-80.995, 27.297], [-80.999, 27.277], [-80.985, 27.248]]]}, "properties": {"county_fips": "12055", "county_name": "Highlands", "state": "FL"}}, {"type": "Feature", "id": "12057", "geometry": {"type": "Polygon", "coordinates": [[[-82.056, 28.029], [-82.056, 28.018], [-82.056, 28.004], [-82.056, 27.992], [-82.056, 27.981], [-82.056, 27.966], [-82.055, 27.942], [-82.055, 27.927], [-82.055, 27.874], [-82.054, 27.855], [-82.054, 27.814], [-82.055, 27.785], [-82.055, 27.774], [-82.055, 27.727], [-82.055, 27.676], [-82.054, 27.659], [-82.054, 27.653], [-82.054, 27.646], [-82.055, 27.646], [-82.076, 27.646], [-82.09, 27.646], [-82.094, 27.646], [-82.118, 27.646], [-82.146, 27.646], [-82.202, 27.647], [-82.22, 27.646], [-82.225, 27.646], [-82.26, 27.647], [-82.286, 27.647], [-82.298, 27.647], [-82.318, 27.647], [-82.344, 27.646], [-82.369, 27.646], [-82.385, 27.646], [-82.434, 27.646], [-82.454, 27.646], [-82.475, 27.646], [-82.519, 27.645], [-82.534, 27.645], [-82.548, 27.646], [-82.553, 27.645], [-82.577, 27.637], [-82.652, 27.607], [-82.701, 27.588], [-82.824, 27.575], [-82.824, 27.589], [-82.821, 27.606], [-82.815, 27.626], [-82.811, 27.636], [-82.813, 27.646], [-82.761, 27.646], [-82.75, 27.646], [-82.74, 27.631], [-82.736, 27.61], [-82.704, 27.625], [-82.697, 27.645], [-82.672, 27.645], [-82.58, 27.699], [-82.542, 27.782], [-82.567, 27.858], [-82.585, 27.925], [-82.613, 27.941], [-82.649, 27.988], [-82.649, 28.016], [-82.649, 28.018], [-82.649, 28.026], [-82.649, 28.032], [-82.649, 28.041], [-82.648, 28.055], [-82.648, 28.058], [-82.649, 28.063], [-82.649, 28.099], [-82.65, 28.118], [-82.65, 28.121], [-82.651, 28.171], [-82.651, 28.173], [-82.645, 28.173], [-82.597, 28.173], [-82.592, 28.173], [-82.576, 28.173], [-82.564, 28.173], [-82.536, 28.173], [-82.518, 28.173], [-82.501, 28.172], [-82.496, 28.172], [-82.484, 28.172], [-82.469, 28.172], [-82.449, 28.172], [-82.438, 28.172], [-82.425, 28.171], [-82.412, 28.171], [-82.383, 28.171], [-82.379, 28.17], [-82.372, 28.17], [-82.363, 28.171], [-82.354, 28.171], [-82.319, 28.171], [-82.29, 28.171], [-82.238, 28.172], [-82.232, 28.172], [-82.174, 28.172], [-82.158, 28.172], [-82.106, 28.172], [-82.056, 28.16], [-82.057, 28.117], [-82.056, 28.088], [-82.056, 28.071], [-82.056, 28.066], [-82.056, 28.053], [-82.056, 28.041], [-82.056, 28.037], [-82.056, 28.03]]]}, "properties": {"county_fips": "12057", "county_name": "Hillsborough", "state": "FL"}}, {"type": "Feature", "id": "12059", "geometry": {"type": "Polygon", "coordinates": [[[-85.668, 30.745], [-85.723, 30.746], [-85.752, 30.776], [-85.82, 30.791], [-85.823, 30.779], [-85.832, 30.76], [-85.833, 30.75], [-85.824, 30.744], [-85.826, 30.739], [-85.825, 30.735], [-85.831, 30.723], [-85.834, 30.72], [-85.839, 30.715], [-85.838, 30.71], [-85.844, 30.705], [-85.844, 30.703], [-85.859, 30.703], [-85.874, 30.703], [-85.876, 30.703], [-85.885, 30.703], [-85.922, 30.703], [-85.945, 30.704], [-85.964, 30.704], [-85.993, 30.704], [-86.03, 30.705], [-86.038, 30.715], [-86.037, 30.729], [-86.037, 30.733], [-86.037, 30.738], [-86.037, 30.767], [-86.038, 30.79], [-86.037, 30.807], [-86.037, 30.817], [-86.037, 30.845], [-86.037, 30.856], [-86.036, 30.865], [-86.036, 30.876], [-86.036, 30.888], [-86.036, 30.903], [-86.036, 30.924], [-86.035, 30.955], [-86.035, 30.993], [-86.035, 30.993], [-86.032, 30.993], [-86.007, 30.993], [-85.986, 30.993], [-85.978, 30.993], [-85.965, 30.993], [-85.94, 30.993], [-85.932, 30.993], [-85.911, 30.993], [-85.878, 30.994], [-85.84, 30.994], [-85.83, 30.994], [-85.769, 30.995], [-85.75, 30.995], [-85.692, 30.996], [-85.684, 30.996], [-85.681, 30.996], [-85.66, 30.996], [-85.644, 30.996], [-85.614, 30.996], [-85.583, 30.996], [-85.576, 30.996], [-85.568, 30.996], [-85.549, 30.996], [-85.534, 30.997], [-85.513, 30.997], [-85.5, 30.997], [-85.498, 30.997], [-85.498, 30.996], [-85.508, 30.987], [-85.517, 30.98], [-85.522, 30.975], [-85.533, 30.966], [-85.532, 30.958], [-85.531, 30.946], [-85.532, 30.938], [-85.547, 30.932], [-85.554, 30.925], [-85.561, 30.912], [-85.569, 30.905], [-85.572, 30.901], [-85.576, 30.898], [-85.577, 30.894], [-85.58, 30.888], [-85.584, 30.882], [-85.584, 30.876], [-85.587, 30.87], [-85.592, 30.864], [-85.594, 30.857], [-85.596, 30.852], [-85.598, 30.847], [-85.599, 30.842], [-85.6, 30.836], [-85.6, 30.831], [-85.6, 30.831], [-85.599, 30.826], [-85.602, 30.805], [-85.608, 30.791], [-85.614, 30.781], [-85.616, 30.776], [-85.621, 30.77], [-85.621, 30.764], [-85.62, 30.759], [-85.619, 30.752], [-85.619, 30.744], [-85.667, 30.745]]]}, "properties": {"county_fips": "12059", "county_name": "Holmes", "state": "FL"}}, {"type": "Feature", "id": "12061", "geometry": {"type": "Polygon", "coordinates": [[[-80.777, 27.562], [-80.777, 27.582], [-80.777, 27.585], [-80.777, 27.597], [-80.777, 27.601], [-80.777, 27.607], [-80.777, 27.61], [-80.777, 27.612], [-80.777, 27.616], [-80.777, 27.618], [-80.778, 27.62], [-80.778, 27.627], [-80.778, 27.632], [-80.794, 27.643], [-80.833, 27.643], [-80.845, 27.643], [-80.852, 27.642], [-80.853, 27.642], [-80.858, 27.642], [-80.865, 27.642], [-80.869, 27.642], [-80.873, 27.643], [-80.873, 27.643], [-80.873, 27.648], [-80.873, 27.652], [-80.873, 27.657], [-80.873, 27.66], [-80.873, 27.663], [-80.873, 27.664], [-80.873, 27.665], [-80.873, 27.666], [-80.873, 27.671], [-80.873, 27.683], [-80.874, 27.691], [-80.874, 27.695], [-80.874, 27.699], [-80.874, 27.709], [-80.874, 27.713], [-80.874, 27.732], [-80.88, 27.734], [-80.88, 27.746], [-80.88, 27.748], [-80.88, 27.758], [-80.881, 27.777], [-80.881, 27.778], [-80.881, 27.809], [-80.882, 27.822], [-80.875, 27.823], [-80.869, 27.823], [-80.853, 27.822], [-80.828, 27.823], [-80.812, 27.823], [-80.767, 27.824], [-80.745, 27.823], [-80.742, 27.823], [-80.707, 27.823], [-80.674, 27.823], [-80.614, 27.822], [-80.578, 27.822], [-80.562, 27.822], [-80.555, 27.822], [-80.536, 27.822], [-80.514, 27.822], [-80.509, 27.822], [-80.508, 27.826], [-80.506, 27.829], [-80.502, 27.832], [-80.5, 27.835], [-80.494, 27.846], [-80.494, 27.853], [-80.491, 27.855], [-80.478, 27.855], [-80.452, 27.857], [-80.448, 27.86], [-80.385, 27.861], [-80.384, 27.859], [-80.383, 27.857], [-80.379, 27.849], [-80.375, 27.841], [-80.375, 27.841], [-80.374, 27.839], [-80.368, 27.827], [-80.35, 27.792], [-80.342, 27.777], [-80.339, 27.773], [-80.335, 27.765], [-80.333, 27.761], [-80.328, 27.75], [-80.328, 27.75], [-80.328, 27.75], [-80.327, 27.748], [-80.326, 27.745], [-80.325, 27.741], [-80.324, 27.739], [-80.322, 27.732], [-80.32, 27.725], [-80.315, 27.71], [-80.312, 27.703], [-80.311, 27.7], [-80.309, 27.694], [-80.309, 27.691], [-80.308, 27.688], [-80.305, 27.679], [-80.303, 27.674], [-80.301, 27.667], [-80.299, 27.662], [-80.297, 27.654], [-80.296, 27.653], [-80.295, 27.645], [-80.295, 27.644], [-80.295, 27.639], [-80.285, 27.625], [-80.282, 27.622], [-80.281, 27.621], [-80.281, 27.62], [-80.279, 27.615], [-80.275, 27.598], [-80.275, 27.598], [-80.274, 27.597], [-80.272, 27.587], [-80.271, 27.582], [-80.269, 27.573], [-80.268, 27.573], [-80.264, 27.557], [-80.264, 27.557], [-80.328, 27.557], [-80.332, 27.56], [-80.337, 27.557], [-80.35, 27.557], [-80.359, 27.557], [-80.368, 27.557], [-80.37, 27.557], [-80.379, 27.558], [-80.4, 27.558], [-80.419, 27.557], [-80.429, 27.558], [-80.437, 27.558], [-80.448, 27.558], [-80.459, 27.558], [-80.47, 27.558], [-80.478, 27.558], [-80.503, 27.558], [-80.517, 27.559], [-80.528, 27.558], [-80.562, 27.558], [-80.616, 27.559], [-80.647, 27.558], [-80.658, 27.558], [-80.665, 27.558], [-80.68, 27.558], [-80.68, 27.558], [-80.701, 27.558], [-80.741, 27.559], [-80.744, 27.559], [-80.745, 27.559], [-80.777, 27.562]]]}, "properties": {"county_fips": "12061", "county_name": "Indian River", "state": "FL"}}, {"type": "Feature", "id": "12063", "geometry": {"type": "Polygon", "coordinates": [[[-84.98, 30.606], [-84.981, 30.606], [-85.013, 30.606], [-85.073, 30.607], [-85.109, 30.607], [-85.136, 30.608], [-85.168, 30.608], [-85.167, 30.599], [-85.171, 30.591], [-85.169, 30.582], [-85.173, 30.578], [-85.174, 30.569], [-85.182, 30.564], [-85.188, 30.565], [-85.202, 30.565], [-85.231, 30.565], [-85.253, 30.566], [-85.268, 30.566], [-85.284, 30.566], [-85.305, 30.566], [-85.328, 30.566], [-85.337, 30.566], [-85.348, 30.567], [-85.377, 30.567], [-85.384, 30.567], [-85.384, 30.567], [-85.385, 30.567], [-85.385, 30.567], [-85.385, 30.567], [-85.386, 30.567], [-85.388, 30.567], [-85.388, 30.567], [-85.388, 30.567], [-85.396, 30.567], [-85.396, 30.567], [-85.396, 30.567], [-85.397, 30.567], [-85.397, 30.567], [-85.399, 30.567], [-85.401, 30.567], [-85.401, 30.567], [-85.402, 30.567], [-85.407, 30.567], [-85.415, 30.567], [-85.415, 30.567], [-85.426, 30.568], [-85.429, 30.567], [-85.43, 30.568], [-85.435, 30.568], [-85.435, 30.568], [-85.435, 30.612], [-85.435, 30.641], [-85.434, 30.655], [-85.434, 30.663], [-85.434, 30.675], [-85.433, 30.686], [-85.433, 30.693], [-85.433, 30.7], [-85.433, 30.709], [-85.433, 30.723], [-85.433, 30.726], [-85.433, 30.734], [-85.433, 30.743], [-85.432, 30.752], [-85.433, 30.766], [-85.433, 30.785], [-85.445, 30.786], [-85.456, 30.786], [-85.483, 30.793], [-85.483, 30.805], [-85.482, 30.828], [-85.494, 30.83], [-85.529, 30.83], [-85.557, 30.83], [-85.598, 30.831], [-85.6, 30.831], [-85.6, 30.831], [-85.6, 30.836], [-85.599, 30.842], [-85.598, 30.847], [-85.596, 30.852], [-85.594, 30.857], [-85.592, 30.864], [-85.587, 30.87], [-85.584, 30.876], [-85.584, 30.882], [-85.58, 30.888], [-85.577, 30.894], [-85.576, 30.898], [-85.572, 30.901], [-85.569, 30.905], [-85.561, 30.912], [-85.554, 30.925], [-85.547, 30.932], [-85.532, 30.938], [-85.531, 30.946], [-85.532, 30.958], [-85.533, 30.966], [-85.522, 30.975], [-85.517, 30.98], [-85.508, 30.987], [-85.498, 30.996], [-85.498, 30.997], [-85.497, 30.997], [-85.494, 30.997], [-85.493, 30.997], [-85.493, 30.997], [-85.492, 30.997], [-85.489, 30.997], [-85.488, 30.997], [-85.486, 30.997], [-85.465, 30.997], [-85.414, 30.998], [-85.407, 30.998], [-85.384, 30.999], [-85.349, 30.999], [-85.311, 31.0], [-85.291, 31.0], [-85.272, 31.0], [-85.253, 31.001], [-85.229, 31.001], [-85.189, 31.001], [-85.176, 31.001], [-85.164, 31.001], [-85.149, 31.001], [-85.142, 31.001], [-85.123, 31.001], [-85.11, 31.001], [-85.094, 31.001], [-85.075, 31.001], [-85.062, 31.001], [-85.059, 31.001], [-85.034, 31.001], [-85.028, 31.001], [-85.024, 31.001], [-85.003, 31.001], [-85.002, 31.001], [-85.002, 31.001], [-85.002, 30.995], [-85.006, 30.981], [-85.0, 30.971], [-84.986, 30.968], [-84.981, 30.95], [-84.983, 30.935], [-84.969, 30.921], [-84.957, 30.908], [-84.945, 30.892], [-84.934, 30.882], [-84.94, 30.873], [-84.933, 30.865], [-84.935, 30.854], [-84.926, 30.843], [-84.935, 30.835], [-84.937, 30.828], [-84.93, 30.809], [-84.929, 30.796], [-84.918, 30.776], [-84.917, 30.763], [-84.911, 30.751], [-84.897, 30.751], [-84.888, 30.742], [-84.877, 30.728], [-84.865, 30.712], [-84.865, 30.712], [-84.865, 30.711], [-84.864, 30.709], [-84.86, 30.703], [-84.858, 30.7], [-84.861, 30.694], [-84.863, 30.69], [-84.866, 30.687], [-84.87, 30.682], [-84.873, 30.675], [-84.877, 30.671], [-84.88, 30.669], [-84.883, 30.667], [-84.887, 30.664], [-84.889, 30.662], [-84.891, 30.656], [-84.892, 30.652], [-84.895, 30.645], [-84.901, 30.64], [-84.904, 30.637], [-84.904, 30.629], [-84.904, 30.625], [-84.906, 30.621], [-84.915, 30.616], [-84.924, 30.613], [-84.931, 30.609], [-84.933, 30.606], [-84.933, 30.606], [-84.934, 30.606], [-84.958, 30.606]]]}, "properties": {"county_fips": "12063", "county_name": "Jackson", "state": "FL"}}, {"type": "Feature", "id": "12065", "geometry": {"type": "Polygon", "coordinates": [[[-84.041, 30.478], [-84.041, 30.512], [-84.012, 30.522], [-83.978, 30.522], [-83.983, 30.532], [-83.983, 30.536], [-83.985, 30.542], [-83.987, 30.547], [-83.986, 30.55], [-83.982, 30.552], [-83.979, 30.551], [-83.985, 30.557], [-83.991, 30.561], [-83.993, 30.565], [-83.997, 30.571], [-83.997, 30.574], [-83.997, 30.58], [-84.002, 30.586], [-84.002, 30.592], [-84.004, 30.601], [-84.005, 30.608], [-84.007, 30.672], [-84.007, 30.672], [-84.007, 30.672], [-84.005, 30.672], [-83.998, 30.672], [-83.974, 30.67], [-83.966, 30.67], [-83.954, 30.669], [-83.944, 30.669], [-83.933, 30.668], [-83.896, 30.666], [-83.886, 30.666], [-83.882, 30.666], [-83.878, 30.666], [-83.86, 30.665], [-83.855, 30.664], [-83.832, 30.663], [-83.825, 30.663], [-83.818, 30.662], [-83.812, 30.662], [-83.808, 30.662], [-83.798, 30.661], [-83.782, 30.66], [-83.774, 30.66], [-83.767, 30.66], [-83.752, 30.659], [-83.748, 30.659], [-83.744, 30.658], [-83.744, 30.658], [-83.743, 30.658], [-83.739, 30.658], [-83.739, 30.658], [-83.731, 30.658], [-83.723, 30.657], [-83.723, 30.657], [-83.722, 30.657], [-83.72, 30.657], [-83.713, 30.657], [-83.711, 30.657], [-83.708, 30.656], [-83.698, 30.656], [-83.691, 30.656], [-83.687, 30.655], [-83.677, 30.655], [-83.677, 30.655], [-83.676, 30.655], [-83.674, 30.655], [-83.674, 30.655], [-83.668, 30.654], [-83.642, 30.653], [-83.634, 30.652], [-83.632, 30.652], [-83.629, 30.652], [-83.617, 30.652], [-83.612, 30.651], [-83.612, 30.651], [-83.612, 30.646], [-83.647, 30.553], [-83.733, 30.514], [-83.729, 30.491], [-83.727, 30.471], [-83.727, 30.459], [-83.723, 30.441], [-83.733, 30.424], [-83.751, 30.407], [-83.755, 30.395], [-83.766, 30.382], [-83.778, 30.382], [-83.789, 30.384], [-83.795, 30.385], [-83.802, 30.378], [-83.807, 30.371], [-83.806, 30.358], [-83.804, 30.348], [-83.797, 30.341], [-83.788, 30.333], [-83.79, 30.324], [-83.795, 30.319], [-83.804, 30.316], [-83.814, 30.318], [-83.821, 30.31], [-83.82, 30.304], [-83.82, 30.304], [-83.82, 30.304], [-83.828, 30.294], [-83.831, 30.287], [-83.837, 30.282], [-83.845, 30.278], [-83.855, 30.274], [-83.865, 30.271], [-83.877, 30.269], [-83.885, 30.265], [-83.893, 30.259], [-83.898, 30.251], [-83.905, 30.248], [-83.911, 30.247], [-83.916, 30.24], [-83.92, 30.23], [-83.917, 30.224], [-83.918, 30.216], [-83.924, 30.207], [-83.93, 30.189], [-83.951, 30.183], [-83.958, 30.172], [-83.965, 30.15], [-83.972, 30.139], [-83.974, 30.128], [-83.98, 30.115], [-84.0, 30.012], [-84.006, 30.013], [-84.011, 30.015], [-84.017, 30.016], [-84.022, 30.019], [-84.026, 30.021], [-84.03, 30.023], [-84.036, 30.029], [-84.04, 30.034], [-84.043, 30.04], [-84.047, 30.039], [-84.053, 30.038], [-84.059, 30.036], [-84.067, 30.035], [-84.072, 30.034], [-84.074, 30.035], [-84.075, 30.035], [-84.076, 30.096], [-84.076, 30.098], [-84.076, 30.098], [-84.076, 30.098], [-84.076, 30.098], [-84.076, 30.099], [-84.076, 30.108], [-84.076, 30.118], [-84.076, 30.118], [-84.076, 30.125], [-84.076, 30.126], [-84.076, 30.136], [-84.076, 30.14], [-84.076, 30.142], [-84.076, 30.16], [-84.076, 30.181], [-84.076, 30.19], [-84.076, 30.196], [-84.076, 30.227], [-84.076, 30.242], [-84.076, 30.25], [-84.076, 30.259], [-84.076, 30.263], [-84.076, 30.264], [-84.076, 30.27], [-84.076, 30.274], [-84.076, 30.293], [-84.075, 30.413], [-84.047, 30.459], [-84.041, 30.478]]]}, "properties": {"county_fips": "12065", "county_name": "Jefferson", "state": "FL"}}, {"type": "Feature", "id": "12067", "geometry": {"type": "Polygon", "coordinates": [[[-83.345, 30.261], [-83.337, 30.261], [-83.334, 30.261], [-83.331, 30.261], [-83.321, 30.261], [-83.312, 30.261], [-83.306, 30.261], [-83.293, 30.261], [-83.289, 30.26], [-83.288, 30.26], [-83.283, 30.26], [-83.277, 30.26], [-83.274, 30.26], [-83.268, 30.26], [-83.258, 30.26], [-83.25, 30.26], [-83.248, 30.261], [-83.247, 30.261], [-83.248, 30.261], [-83.243, 30.247], [-83.24, 30.227], [-83.25, 30.196], [-83.246, 30.178], [-83.235, 30.157], [-83.225, 30.134], [-83.226, 30.117], [-83.216, 30.105], [-83.198, 30.106], [-83.182, 30.095], [-83.168, 30.101], [-83.161, 30.11], [-83.145, 30.104], [-83.134, 30.097], [-83.116, 30.104], [-83.087, 30.083], [-83.062, 30.063], [-83.031, 30.045], [-83.008, 30.023], [-82.99, 30.007], [-82.957, 29.969], [-82.924, 29.937], [-82.916, 29.901], [-82.885, 29.892], [-82.88, 29.887], [-82.88, 29.887], [-82.88, 29.887], [-82.879, 29.887], [-82.877, 29.886], [-82.876, 29.884], [-82.876, 29.883], [-82.875, 29.878], [-82.876, 29.874], [-82.876, 29.869], [-82.876, 29.867], [-82.876, 29.865], [-82.877, 29.863], [-82.881, 29.86], [-82.883, 29.857], [-82.886, 29.855], [-82.888, 29.852], [-82.89, 29.845], [-82.891, 29.841], [-82.892, 29.834], [-82.892, 29.829], [-82.893, 29.827], [-82.894, 29.827], [-82.895, 29.826], [-82.901, 29.825], [-82.903, 29.825], [-82.904, 29.824], [-82.904, 29.824], [-82.904, 29.824], [-82.904, 29.824], [-82.904, 29.824], [-82.905, 29.824], [-82.905, 29.824], [-82.905, 29.824], [-82.906, 29.824], [-82.906, 29.824], [-82.906, 29.824], [-82.906, 29.824], [-82.91, 29.824], [-82.914, 29.824], [-82.917, 29.824], [-82.919, 29.824], [-82.919, 29.824], [-82.92, 29.824], [-82.921, 29.824], [-82.921, 29.824], [-82.938, 29.824], [-82.947, 29.824], [-82.955, 29.824], [-82.959, 29.824], [-82.961, 29.825], [-82.966, 29.825], [-82.973, 29.825], [-82.981, 29.825], [-82.989, 29.825], [-82.996, 29.825], [-83.001, 29.825], [-83.016, 29.825], [-83.082, 29.824], [-83.138, 29.824], [-83.159, 29.824], [-83.171, 29.824], [-83.184, 29.824], [-83.191, 29.824], [-83.204, 29.823], [-83.209, 29.823], [-83.235, 29.823], [-83.255, 29.823], [-83.281, 29.823], [-83.302, 29.823], [-83.315, 29.823], [-83.319, 29.823], [-83.319, 29.823], [-83.353, 29.824], [-83.353, 29.857], [-83.353, 29.874], [-83.371, 29.893], [-83.371, 29.902], [-83.37, 29.942], [-83.37, 29.97], [-83.37, 30.0], [-83.37, 30.031], [-83.369, 30.058], [-83.369, 30.086], [-83.369, 30.11], [-83.368, 30.13], [-83.369, 30.139], [-83.369, 30.153], [-83.369, 30.173], [-83.368, 30.191], [-83.368, 30.197], [-83.367, 30.204], [-83.367, 30.213], [-83.367, 30.241], [-83.367, 30.244], [-83.367, 30.249], [-83.367, 30.252], [-83.367, 30.26], [-83.367, 30.26], [-83.367, 30.26], [-83.363, 30.26], [-83.36, 30.26], [-83.359, 30.26], [-83.358, 30.26], [-83.356, 30.26], [-83.355, 30.26], [-83.35, 30.261], [-83.347, 30.261]]]}, "properties": {"county_fips": "12067", "county_name": "Lafayette", "state": "FL"}}, {"type": "Feature", "id": "12069", "geometry": {"type": "Polygon", "coordinates": [[[-81.954, 28.92], [-81.954, 28.92], [-81.954, 28.93], [-81.954, 28.941], [-81.954, 28.959], [-81.954, 28.96], [-81.95, 28.96], [-81.924, 28.96], [-81.92, 28.96], [-81.916, 28.96], [-81.911, 28.96], [-81.843, 28.96], [-81.832, 28.961], [-81.815, 28.961], [-81.764, 28.961], [-81.739, 28.961], [-81.72, 28.961], [-81.702, 28.96], [-81.688, 28.96], [-81.677, 28.96], [-81.668, 28.96], [-81.663, 28.96], [-81.659, 28.975], [-81.659, 29.008], [-81.657, 29.048], [-81.639, 29.06], [-81.64, 29.127], [-81.641, 29.155], [-81.641, 29.171], [-81.641, 29.216], [-81.642, 29.257], [-81.642, 29.276], [-81.642, 29.277], [-81.642, 29.277], [-81.634, 29.246], [-81.624, 29.233], [-81.616, 29.219], [-81.617, 29.211], [-81.612, 29.204], [-81.594, 29.199], [-81.574, 29.203], [-81.554, 29.189], [-81.537, 29.178], [-81.524, 29.161], [-81.513, 29.136], [-81.502, 29.098], [-81.46, 29.095], [-81.455, 29.062], [-81.41, 29.032], [-81.383, 29.009], [-81.362, 28.991], [-81.364, 28.968], [-81.367, 28.959], [-81.355, 28.951], [-81.355, 28.94], [-81.353, 28.923], [-81.359, 28.905], [-81.356, 28.888], [-81.367, 28.88], [-81.367, 28.879], [-81.367, 28.879], [-81.366, 28.874], [-81.371, 28.87], [-81.373, 28.869], [-81.374, 28.869], [-81.376, 28.866], [-81.376, 28.866], [-81.375, 28.863], [-81.376, 28.862], [-81.379, 28.859], [-81.382, 28.853], [-81.385, 28.85], [-81.388, 28.85], [-81.392, 28.847], [-81.393, 28.845], [-81.396, 28.842], [-81.399, 28.841], [-81.403, 28.837], [-81.406, 28.835], [-81.409, 28.833], [-81.418, 28.822], [-81.42, 28.815], [-81.415, 28.798], [-81.414, 28.79], [-81.415, 28.786], [-81.414, 28.785], [-81.414, 28.785], [-81.415, 28.785], [-81.521, 28.786], [-81.55, 28.786], [-81.62, 28.786], [-81.636, 28.786], [-81.646, 28.782], [-81.645, 28.777], [-81.647, 28.77], [-81.653, 28.766], [-81.656, 28.77], [-81.659, 28.762], [-81.658, 28.728], [-81.658, 28.705], [-81.658, 28.693], [-81.658, 28.685], [-81.658, 28.648], [-81.657, 28.592], [-81.649, 28.586], [-81.652, 28.578], [-81.656, 28.57], [-81.657, 28.538], [-81.657, 28.474], [-81.657, 28.424], [-81.657, 28.393], [-81.657, 28.378], [-81.657, 28.356], [-81.657, 28.347], [-81.657, 28.347], [-81.661, 28.347], [-81.665, 28.347], [-81.666, 28.347], [-81.671, 28.347], [-81.674, 28.347], [-81.675, 28.347], [-81.679, 28.347], [-81.721, 28.346], [-81.772, 28.346], [-81.779, 28.346], [-81.786, 28.346], [-81.791, 28.362], [-81.804, 28.362], [-81.819, 28.362], [-81.828, 28.362], [-81.837, 28.362], [-81.858, 28.362], [-81.867, 28.346], [-81.874, 28.345], [-81.878, 28.345], [-81.885, 28.345], [-81.895, 28.345], [-81.897, 28.345], [-81.918, 28.345], [-81.941, 28.345], [-81.958, 28.345], [-81.956, 28.413], [-81.956, 28.444], [-81.955, 28.524], [-81.954, 28.572], [-81.954, 28.587], [-81.954, 28.599], [-81.955, 28.62], [-81.955, 28.632], [-81.954, 28.668], [-81.954, 28.682], [-81.954, 28.703], [-81.954, 28.717], [-81.955, 28.74], [-81.954, 28.748], [-81.954, 28.766], [-81.954, 28.785], [-81.954, 28.819], [-81.954, 28.824], [-81.954, 28.839], [-81.953, 28.887], [-81.954, 28.906]]]}, "properties": {"county_fips": "12069", "county_name": "Lake", "state": "FL"}}, {"type": "Feature", "id": "12071", "geometry": {"type": "Polygon", "coordinates": [[[-81.784, 26.316], [-81.801, 26.316], [-81.817, 26.316], [-81.819, 26.318], [-81.819, 26.321], [-81.819, 26.322], [-81.819, 26.324], [-81.819, 26.33], [-81.834, 26.33], [-81.838, 26.33], [-81.841, 26.33], [-81.846, 26.33], [-81.906, 26.331], [-81.919, 26.352], [-81.927, 26.36], [-81.939, 26.372], [-81.942, 26.375], [-81.942, 26.375], [-81.967, 26.394], [-81.978, 26.4], [-82.001, 26.397], [-82.009, 26.395], [-82.016, 26.392], [-82.038, 26.383], [-82.053, 26.375], [-82.053, 26.375], [-82.054, 26.375], [-82.057, 26.374], [-82.062, 26.373], [-82.069, 26.371], [-82.078, 26.371], [-82.08, 26.371], [-82.082, 26.372], [-82.084, 26.372], [-82.092, 26.372], [-82.099, 26.374], [-82.099, 26.374], [-82.101, 26.374], [-82.103, 26.375], [-82.104, 26.375], [-82.104, 26.375], [-82.104, 26.375], [-82.104, 26.375], [-82.112, 26.378], [-82.112, 26.378], [-82.12, 26.382], [-82.125, 26.386], [-82.145, 26.4], [-82.16, 26.417], [-82.173, 26.438], [-82.173, 26.438], [-82.177, 26.441], [-82.183, 26.444], [-82.194, 26.449], [-82.196, 26.45], [-82.205, 26.452], [-82.216, 26.456], [-82.222, 26.462], [-82.229, 26.468], [-82.229, 26.468], [-82.236, 26.477], [-82.241, 26.487], [-82.246, 26.5], [-82.249, 26.513], [-82.25, 26.516], [-82.25, 26.517], [-82.25, 26.517], [-82.251, 26.52], [-82.255, 26.536], [-82.258, 26.546], [-82.259, 26.547], [-82.262, 26.553], [-82.272, 26.568], [-82.276, 26.575], [-82.279, 26.584], [-82.282, 26.594], [-82.282, 26.604], [-82.282, 26.604], [-82.282, 26.61], [-82.29, 26.62], [-82.293, 26.625], [-82.293, 26.625], [-82.295, 26.628], [-82.296, 26.631], [-82.298, 26.633], [-82.305, 26.64], [-82.317, 26.655], [-82.322, 26.665], [-82.325, 26.673], [-82.325, 26.678], [-82.325, 26.683], [-82.325, 26.688], [-82.324, 26.69], [-82.323, 26.696], [-82.323, 26.699], [-82.322, 26.703], [-82.319, 26.708], [-82.318, 26.71], [-82.32, 26.715], [-82.321, 26.72], [-82.32, 26.726], [-82.319, 26.731], [-82.318, 26.733], [-82.318, 26.734], [-82.32, 26.746], [-82.321, 26.747], [-82.32, 26.749], [-82.32, 26.75], [-82.32, 26.751], [-82.322, 26.77], [-82.325, 26.772], [-82.329, 26.777], [-82.333, 26.784], [-82.335, 26.788], [-82.271, 26.79], [-82.267, 26.789], [-82.266, 26.789], [-82.239, 26.785], [-82.226, 26.782], [-82.206, 26.771], [-82.084, 26.771], [-82.054, 26.77], [-82.037, 26.77], [-81.935, 26.77], [-81.931, 26.77], [-81.93, 26.77], [-81.886, 26.77], [-81.866, 26.77], [-81.842, 26.77], [-81.806, 26.77], [-81.755, 26.77], [-81.75, 26.77], [-81.75, 26.77], [-81.75, 26.77], [-81.741, 26.77], [-81.719, 26.77], [-81.703, 26.77], [-81.631, 26.77], [-81.582, 26.77], [-81.566, 26.77], [-81.566, 26.77], [-81.566, 26.765], [-81.566, 26.755], [-81.566, 26.736], [-81.566, 26.722], [-81.566, 26.714], [-81.566, 26.712], [-81.566, 26.698], [-81.566, 26.685], [-81.566, 26.673], [-81.566, 26.652], [-81.566, 26.647], [-81.566, 26.636], [-81.566, 26.629], [-81.566, 26.623], [-81.565, 26.615], [-81.565, 26.614], [-81.565, 26.608], [-81.565, 26.604], [-81.565, 26.6], [-81.565, 26.594], [-81.565, 26.567], [-81.565, 26.554], [-81.564, 26.545], [-81.564, 26.537], [-81.564, 26.518], [-81.564, 26.518], [-81.563, 26.496], [-81.563, 26.466], [-81.563, 26.449], [-81.562, 26.431], [-81.608, 26.422], [-81.627, 26.422], [-81.66, 26.421], [-81.658, 26.332], [-81.682, 26.317], [-81.706, 26.317], [-81.732, 26.317], [-81.735, 26.317], [-81.747, 26.317], [-81.783, 26.316]]]}, "properties": {"county_fips": "12071", "county_name": "Lee", "state": "FL"}}, {"type": "Feature", "id": "12073", "geometry": {"type": "Polygon", "coordinates": [[[-84.041, 30.478], [-84.041, 30.478], [-84.047, 30.459], [-84.075, 30.413], [-84.076, 30.293], [-84.076, 30.274], [-84.081, 30.274], [-84.125, 30.274], [-84.147, 30.274], [-84.153, 30.274], [-84.169, 30.274], [-84.185, 30.274], [-84.211, 30.274], [-84.233, 30.274], [-84.242, 30.277], [-84.246, 30.296], [-84.265, 30.303], [-84.29, 30.303], [-84.296, 30.303], [-84.298, 30.303], [-84.305, 30.303], [-84.322, 30.303], [-84.369, 30.303], [-84.379, 30.303], [-84.403, 30.303], [-84.448, 30.302], [-84.51, 30.302], [-84.576, 30.301], [-84.628, 30.3], [-84.63, 30.3], [-84.654, 30.3], [-84.713, 30.3], [-84.713, 30.3], [-84.713, 30.3], [-84.711, 30.306], [-84.706, 30.312], [-84.701, 30.318], [-84.703, 30.323], [-84.705, 30.322], [-84.713, 30.328], [-84.715, 30.332], [-84.712, 30.334], [-84.709, 30.335], [-84.703, 30.337], [-84.703, 30.341], [-84.702, 30.343], [-84.698, 30.346], [-84.693, 30.346], [-84.69, 30.348], [-84.686, 30.35], [-84.687, 30.353], [-84.684, 30.355], [-84.685, 30.36], [-84.681, 30.365], [-84.675, 30.367], [-84.665, 30.37], [-84.665, 30.375], [-84.659, 30.381], [-84.646, 30.388], [-84.646, 30.388], [-84.646, 30.388], [-84.607, 30.416], [-84.572, 30.425], [-84.55, 30.436], [-84.519, 30.45], [-84.481, 30.459], [-84.454, 30.46], [-84.437, 30.464], [-84.403, 30.476], [-84.402, 30.495], [-84.404, 30.509], [-84.392, 30.517], [-84.389, 30.527], [-84.382, 30.556], [-84.377, 30.575], [-84.363, 30.584], [-84.347, 30.595], [-84.333, 30.596], [-84.331, 30.607], [-84.323, 30.616], [-84.315, 30.625], [-84.306, 30.633], [-84.302, 30.656], [-84.305, 30.669], [-84.3, 30.677], [-84.283, 30.685], [-84.283, 30.685], [-84.282, 30.685], [-84.281, 30.685], [-84.254, 30.684], [-84.25, 30.684], [-84.223, 30.683], [-84.211, 30.682], [-84.195, 30.681], [-84.187, 30.681], [-84.155, 30.68], [-84.151, 30.679], [-84.144, 30.679], [-84.138, 30.679], [-84.135, 30.679], [-84.133, 30.678], [-84.131, 30.678], [-84.131, 30.678], [-84.119, 30.678], [-84.118, 30.678], [-84.118, 30.678], [-84.116, 30.677], [-84.116, 30.677], [-84.113, 30.677], [-84.112, 30.677], [-84.108, 30.677], [-84.093, 30.676], [-84.084, 30.676], [-84.084, 30.676], [-84.073, 30.675], [-84.071, 30.675], [-84.065, 30.675], [-84.064, 30.675], [-84.062, 30.675], [-84.06, 30.675], [-84.059, 30.675], [-84.059, 30.675], [-84.059, 30.675], [-84.058, 30.675], [-84.057, 30.675], [-84.054, 30.674], [-84.052, 30.674], [-84.051, 30.674], [-84.049, 30.674], [-84.047, 30.674], [-84.047, 30.674], [-84.044, 30.674], [-84.042, 30.674], [-84.04, 30.674], [-84.035, 30.674], [-84.026, 30.673], [-84.022, 30.673], [-84.018, 30.673], [-84.016, 30.673], [-84.009, 30.672], [-84.007, 30.672], [-84.007, 30.672], [-84.005, 30.608], [-84.004, 30.601], [-84.002, 30.592], [-84.002, 30.586], [-83.997, 30.58], [-83.997, 30.574], [-83.997, 30.571], [-83.993, 30.565], [-83.991, 30.561], [-83.985, 30.557], [-83.979, 30.551], [-83.982, 30.552], [-83.986, 30.55], [-83.987, 30.547], [-83.985, 30.542], [-83.983, 30.536], [-83.983, 30.532], [-83.978, 30.522], [-84.012, 30.522], [-84.041, 30.512]]]}, "properties": {"county_fips": "12073", "county_name": "Leon", "state": "FL"}}, {"type": "Feature", "id": "12075", "geometry": {"type": "Polygon", "coordinates": [[[-82.922, 29.591], [-82.911, 29.591], [-82.901, 29.591], [-82.896, 29.591], [-82.888, 29.591], [-82.882, 29.591], [-82.874, 29.591], [-82.843, 29.584], [-82.821, 29.584], [-82.817, 29.584], [-82.793, 29.585], [-82.775, 29.585], [-82.768, 29.578], [-82.757, 29.571], [-82.729, 29.563], [-82.719, 29.563], [-82.715, 29.563], [-82.696, 29.564], [-82.69, 29.564], [-82.678, 29.564], [-82.669, 29.564], [-82.656, 29.565], [-82.656, 29.565], [-82.656, 29.561], [-82.656, 29.559], [-82.656, 29.555], [-82.656, 29.553], [-82.656, 29.547], [-82.638, 29.536], [-82.634, 29.536], [-82.629, 29.536], [-82.624, 29.536], [-82.623, 29.537], [-82.611, 29.537], [-82.599, 29.538], [-82.569, 29.538], [-82.564, 29.538], [-82.557, 29.537], [-82.557, 29.532], [-82.557, 29.491], [-82.552, 29.48], [-82.544, 29.48], [-82.539, 29.48], [-82.525, 29.479], [-82.507, 29.479], [-82.491, 29.485], [-82.45, 29.485], [-82.407, 29.485], [-82.407, 29.485], [-82.407, 29.485], [-82.407, 29.435], [-82.406, 29.429], [-82.405, 29.421], [-82.405, 29.412], [-82.405, 29.405], [-82.406, 29.391], [-82.406, 29.379], [-82.405, 29.361], [-82.405, 29.286], [-82.403, 29.237], [-82.424, 29.215], [-82.442, 29.215], [-82.458, 29.215], [-82.473, 29.215], [-82.492, 29.215], [-82.514, 29.215], [-82.532, 29.215], [-82.535, 29.193], [-82.535, 29.179], [-82.535, 29.169], [-82.536, 29.143], [-82.536, 29.113], [-82.536, 29.089], [-82.535, 29.072], [-82.536, 29.046], [-82.536, 29.045], [-82.536, 29.045], [-82.551, 29.038], [-82.563, 29.036], [-82.572, 29.033], [-82.594, 29.03], [-82.611, 29.01], [-82.621, 29.013], [-82.631, 29.016], [-82.638, 29.018], [-82.646, 29.021], [-82.652, 29.023], [-82.657, 29.022], [-82.665, 29.024], [-82.671, 29.025], [-82.676, 29.027], [-82.679, 29.03], [-82.689, 29.033], [-82.695, 29.033], [-82.705, 29.032], [-82.712, 29.031], [-82.72, 29.025], [-82.729, 29.015], [-82.744, 29.008], [-82.755, 28.997], [-82.76, 28.992], [-82.848, 28.915], [-82.85, 28.916], [-82.853, 28.923], [-82.855, 28.93], [-82.857, 28.935], [-82.858, 28.942], [-82.857, 28.949], [-82.855, 28.955], [-82.853, 28.961], [-82.851, 28.964], [-82.847, 28.968], [-82.845, 28.972], [-82.846, 28.973], [-82.848, 28.976], [-82.85, 28.98], [-82.853, 28.986], [-82.854, 28.991], [-82.855, 28.994], [-82.855, 29.0], [-82.852, 29.0], [-82.853, 29.002], [-82.853, 29.004], [-82.853, 29.005], [-82.853, 29.009], [-82.851, 29.017], [-82.853, 29.02], [-82.858, 29.025], [-82.862, 29.031], [-82.866, 29.04], [-82.867, 29.046], [-82.868, 29.045], [-82.871, 29.045], [-82.873, 29.045], [-82.875, 29.045], [-82.879, 29.045], [-82.893, 29.048], [-82.903, 29.051], [-82.914, 29.059], [-82.934, 29.064], [-82.943, 29.07], [-82.95, 29.076], [-82.959, 29.073], [-82.968, 29.071], [-82.978, 29.069], [-82.983, 29.063], [-82.99, 29.057], [-82.991, 29.056], [-82.994, 29.054], [-83.0, 29.051], [-83.0, 29.051], [-83.0, 29.052], [-83.0, 29.052], [-83.0, 29.052], [-83.0, 29.052], [-83.005, 29.05], [-83.015, 29.046], [-83.024, 29.045], [-83.025, 29.045], [-83.044, 29.047], [-83.048, 29.045], [-83.063, 29.042], [-83.076, 29.042], [-83.082, 29.044], [-83.092, 29.046], [-83.098, 29.047], [-83.101, 29.048], [-83.111, 29.05], [-83.125, 29.058], [-83.125, 29.058], [-83.129, 29.062], [-83.134, 29.065], [-83.144, 29.073], [-83.146, 29.075], [-83.15, 29.082], [-83.154, 29.09], [-83.157, 29.099], [-83.158, 29.105], [-83.161, 29.109], [-83.165, 29.118], [-83.167, 29.125], [-83.167, 29.136], [-83.165, 29.144], [-83.169, 29.151], [-83.172, 29.157], [-83.174, 29.176], [-83.173, 29.177], [-83.172, 29.182], [-83.172, 29.186], [-83.181, 29.192], [-83.182, 29.192], [-83.185, 29.195], [-83.193, 29.204], [-83.195, 29.207], [-83.198, 29.212], [-83.214, 29.218], [-83.225, 29.225], [-83.233, 29.235], [-83.234, 29.236], [-83.24, 29.25], [-83.24, 29.25], [-83.24, 29.25], [-83.24, 29.251], [-83.24, 29.251], [-83.154, 29.304], [-83.14, 29.324], [-83.125, 29.318], [-83.101, 29.333], [-83.074, 29.342], [-83.071, 29.356], [-83.061, 29.377], [-83.04, 29.386], [-83.031, 29.398], [-83.026, 29.408], [-83.026, 29.419], [-83.021, 29.426], [-83.005, 29.454], [-82.992, 29.463], [-82.986, 29.474], [-82.982, 29.489], [-82.984, 29.499], [-82.981, 29.518], [-82.971, 29.519], [-82.978, 29.531], [-82.977, 29.54], [-82.955, 29.555], [-82.948, 29.569], [-82.941, 29.586], [-82.937, 29.591], [-82.937, 29.591], [-82.935, 29.591], [-82.931, 29.591], [-82.929, 29.591], [-82.926, 29.591], [-82.922, 29.591]]]}, "properties": {"county_fips": "12075", "county_name": "Levy", "state": "FL"}}, {"type": "Feature", "id": "12077", "geometry": {"type": "Polygon", "coordinates": [[[-84.671, 30.185], [-84.668, 30.171], [-84.668, 30.163], [-84.671, 30.154], [-84.669, 30.147], [-84.672, 30.138], [-84.668, 30.132], [-84.668, 30.124], [-84.66, 30.116], [-84.65, 30.11], [-84.648, 30.105], [-84.652, 30.098], [-84.639, 30.084], [-84.633, 30.068], [-84.618, 30.065], [-84.595, 30.042], [-84.585, 30.027], [-84.561, 30.023], [-84.544, 30.011], [-84.544, 30.011], [-84.548, 30.011], [-84.57, 30.011], [-84.609, 30.011], [-84.647, 30.012], [-84.697, 30.012], [-84.752, 30.012], [-84.762, 30.011], [-84.769, 30.012], [-84.776, 30.011], [-84.814, 30.011], [-84.869, 30.012], [-84.912, 30.013], [-84.932, 30.013], [-84.983, 30.014], [-85.007, 30.013], [-85.006, 30.012], [-85.005, 30.009], [-85.007, 30.008], [-85.01, 30.007], [-85.011, 30.003], [-85.011, 30.0], [-85.015, 29.998], [-85.016, 29.995], [-85.015, 29.988], [-85.018, 29.985], [-85.025, 29.972], [-85.025, 29.971], [-85.026, 29.972], [-85.028, 29.983], [-85.032, 29.988], [-85.047, 29.99], [-85.052, 29.995], [-85.07, 30.005], [-85.089, 30.013], [-85.098, 30.019], [-85.108, 30.022], [-85.119, 30.029], [-85.131, 30.038], [-85.135, 30.046], [-85.134, 30.065], [-85.136, 30.076], [-85.14, 30.088], [-85.154, 30.091], [-85.148, 30.105], [-85.142, 30.112], [-85.132, 30.121], [-85.144, 30.13], [-85.136, 30.141], [-85.138, 30.146], [-85.137, 30.162], [-85.138, 30.174], [-85.127, 30.183], [-85.116, 30.2], [-85.116, 30.2], [-85.115, 30.2], [-85.112, 30.216], [-85.097, 30.22], [-85.083, 30.236], [-85.07, 30.249], [-85.064, 30.27], [-85.054, 30.291], [-85.048, 30.313], [-85.045, 30.319], [-85.048, 30.341], [-85.028, 30.365], [-85.026, 30.376], [-85.03, 30.403], [-85.032, 30.422], [-84.989, 30.441], [-85.002, 30.45], [-84.989, 30.472], [-85.001, 30.481], [-84.991, 30.505], [-84.992, 30.52], [-84.981, 30.541], [-84.964, 30.562], [-84.966, 30.578], [-84.951, 30.579], [-84.946, 30.592], [-84.933, 30.606], [-84.933, 30.606], [-84.932, 30.606], [-84.9, 30.606], [-84.883, 30.603], [-84.883, 30.587], [-84.883, 30.572], [-84.883, 30.554], [-84.882, 30.533], [-84.86, 30.533], [-84.856, 30.533], [-84.843, 30.533], [-84.835, 30.533], [-84.816, 30.52], [-84.799, 30.519], [-84.782, 30.508], [-84.781, 30.491], [-84.781, 30.475], [-84.78, 30.468], [-84.757, 30.46], [-84.731, 30.46], [-84.714, 30.45], [-84.714, 30.429], [-84.695, 30.417], [-84.68, 30.397], [-84.679, 30.388], [-84.666, 30.388], [-84.647, 30.388], [-84.646, 30.388], [-84.646, 30.388], [-84.659, 30.381], [-84.665, 30.375], [-84.665, 30.37], [-84.675, 30.367], [-84.681, 30.365], [-84.685, 30.36], [-84.684, 30.355], [-84.687, 30.353], [-84.686, 30.35], [-84.69, 30.348], [-84.693, 30.346], [-84.698, 30.346], [-84.702, 30.343], [-84.703, 30.341], [-84.703, 30.337], [-84.709, 30.335], [-84.712, 30.334], [-84.715, 30.332], [-84.713, 30.328], [-84.705, 30.322], [-84.703, 30.323], [-84.701, 30.318], [-84.706, 30.312], [-84.711, 30.306], [-84.713, 30.3], [-84.713, 30.3], [-84.714, 30.299], [-84.731, 30.273], [-84.706, 30.252], [-84.699, 30.236], [-84.695, 30.225], [-84.682, 30.216], [-84.678, 30.195]]]}, "properties": {"county_fips": "12077", "county_name": "Liberty", "state": "FL"}}, {"type": "Feature", "id": "12079", "geometry": {"type": "Polygon", "coordinates": [[[-83.345, 30.261], [-83.347, 30.261], [-83.35, 30.261], [-83.355, 30.26], [-83.356, 30.26], [-83.358, 30.26], [-83.359, 30.26], [-83.36, 30.26], [-83.363, 30.26], [-83.367, 30.26], [-83.367, 30.26], [-83.367, 30.26], [-83.386, 30.261], [-83.414, 30.261], [-83.43, 30.261], [-83.438, 30.26], [-83.448, 30.26], [-83.457, 30.26], [-83.469, 30.267], [-83.469, 30.291], [-83.498, 30.304], [-83.52, 30.304], [-83.532, 30.304], [-83.56, 30.304], [-83.607, 30.304], [-83.625, 30.304], [-83.637, 30.304], [-83.667, 30.304], [-83.699, 30.304], [-83.71, 30.304], [-83.719, 30.304], [-83.742, 30.304], [-83.749, 30.304], [-83.77, 30.304], [-83.783, 30.304], [-83.805, 30.303], [-83.82, 30.304], [-83.82, 30.304], [-83.82, 30.304], [-83.821, 30.31], [-83.814, 30.318], [-83.804, 30.316], [-83.795, 30.319], [-83.79, 30.324], [-83.788, 30.333], [-83.797, 30.341], [-83.804, 30.348], [-83.806, 30.358], [-83.807, 30.371], [-83.802, 30.378], [-83.795, 30.385], [-83.789, 30.384], [-83.778, 30.382], [-83.766, 30.382], [-83.755, 30.395], [-83.751, 30.407], [-83.733, 30.424], [-83.723, 30.441], [-83.727, 30.459], [-83.727, 30.471], [-83.729, 30.491], [-83.733, 30.514], [-83.647, 30.553], [-83.612, 30.646], [-83.612, 30.651], [-83.6, 30.651], [-83.584, 30.65], [-83.579, 30.65], [-83.566, 30.649], [-83.561, 30.649], [-83.553, 30.648], [-83.522, 30.647], [-83.51, 30.646], [-83.498, 30.646], [-83.49, 30.645], [-83.48, 30.644], [-83.476, 30.644], [-83.461, 30.643], [-83.456, 30.643], [-83.451, 30.643], [-83.449, 30.642], [-83.439, 30.642], [-83.435, 30.642], [-83.431, 30.641], [-83.428, 30.641], [-83.402, 30.64], [-83.393, 30.639], [-83.39, 30.639], [-83.379, 30.639], [-83.366, 30.638], [-83.358, 30.637], [-83.358, 30.637], [-83.358, 30.637], [-83.357, 30.637], [-83.357, 30.637], [-83.357, 30.637], [-83.357, 30.637], [-83.351, 30.637], [-83.351, 30.637], [-83.35, 30.637], [-83.35, 30.637], [-83.349, 30.637], [-83.348, 30.637], [-83.347, 30.637], [-83.346, 30.637], [-83.346, 30.637], [-83.345, 30.637], [-83.342, 30.636], [-83.341, 30.636], [-83.341, 30.636], [-83.341, 30.636], [-83.341, 30.636], [-83.341, 30.636], [-83.341, 30.636], [-83.341, 30.636], [-83.339, 30.636], [-83.332, 30.636], [-83.329, 30.636], [-83.328, 30.636], [-83.323, 30.635], [-83.322, 30.635], [-83.32, 30.635], [-83.32, 30.635], [-83.315, 30.635], [-83.313, 30.635], [-83.313, 30.635], [-83.312, 30.635], [-83.312, 30.635], [-83.311, 30.635], [-83.311, 30.634], [-83.31, 30.634], [-83.31, 30.634], [-83.309, 30.634], [-83.309, 30.634], [-83.309, 30.634], [-83.267, 30.608], [-83.26, 30.597], [-83.257, 30.586], [-83.262, 30.578], [-83.261, 30.568], [-83.256, 30.559], [-83.258, 30.551], [-83.247, 30.541], [-83.247, 30.531], [-83.239, 30.517], [-83.243, 30.51], [-83.241, 30.494], [-83.244, 30.483], [-83.244, 30.473], [-83.228, 30.469], [-83.22, 30.461], [-83.221, 30.449], [-83.222, 30.437], [-83.222, 30.426], [-83.215, 30.42], [-83.207, 30.413], [-83.195, 30.417], [-83.18, 30.409], [-83.177, 30.396], [-83.171, 30.385], [-83.171, 30.385], [-83.171, 30.385], [-83.176, 30.384], [-83.182, 30.381], [-83.189, 30.378], [-83.192, 30.375], [-83.193, 30.369], [-83.192, 30.363], [-83.194, 30.358], [-83.191, 30.354], [-83.198, 30.348], [-83.204, 30.351], [-83.212, 30.346], [-83.211, 30.337], [-83.208, 30.33], [-83.214, 30.322], [-83.21, 30.314], [-83.213, 30.307], [-83.222, 30.303], [-83.228, 30.299], [-83.233, 30.29], [-83.232, 30.283], [-83.239, 30.27], [-83.24, 30.267], [-83.238, 30.264], [-83.238, 30.261], [-83.247, 30.261], [-83.247, 30.261], [-83.248, 30.261], [-83.25, 30.26], [-83.258, 30.26], [-83.268, 30.26], [-83.274, 30.26], [-83.277, 30.26], [-83.283, 30.26], [-83.288, 30.26], [-83.289, 30.26], [-83.293, 30.261], [-83.306, 30.261], [-83.312, 30.261], [-83.321, 30.261], [-83.331, 30.261], [-83.334, 30.261], [-83.337, 30.261]]]}, "properties": {"county_fips": "12079", "county_name": "Madison", "state": "FL"}}, {"type": "Feature", "id": "12081", "geometry": {"type": "Polygon", "coordinates": [[[-82.22, 27.646], [-82.202, 27.647], [-82.146, 27.646], [-82.118, 27.646], [-82.094, 27.646], [-82.09, 27.646], [-82.076, 27.646], [-82.055, 27.646], [-82.054, 27.646], [-82.054, 27.645], [-82.054, 27.639], [-82.055, 27.625], [-82.054, 27.609], [-82.054, 27.601], [-82.055, 27.588], [-82.055, 27.582], [-82.055, 27.567], [-82.055, 27.564], [-82.055, 27.557], [-82.055, 27.545], [-82.055, 27.533], [-82.055, 27.526], [-82.055, 27.513], [-82.055, 27.498], [-82.055, 27.495], [-82.055, 27.482], [-82.055, 27.473], [-82.055, 27.471], [-82.055, 27.465], [-82.055, 27.434], [-82.055, 27.428], [-82.056, 27.397], [-82.056, 27.393], [-82.056, 27.375], [-82.056, 27.34], [-82.056, 27.338], [-82.056, 27.299], [-82.056, 27.292], [-82.056, 27.292], [-82.056, 27.292], [-82.056, 27.276], [-82.056, 27.276], [-82.056, 27.276], [-82.056, 27.276], [-82.056, 27.275], [-82.056, 27.275], [-82.056, 27.275], [-82.057, 27.275], [-82.056, 27.269], [-82.056, 27.26], [-82.056, 27.25], [-82.056, 27.25], [-82.056, 27.249], [-82.056, 27.243], [-82.056, 27.241], [-82.056, 27.237], [-82.056, 27.222], [-82.056, 27.216], [-82.056, 27.211], [-82.056, 27.21], [-82.056, 27.208], [-82.073, 27.208], [-82.115, 27.208], [-82.115, 27.208], [-82.116, 27.208], [-82.116, 27.208], [-82.117, 27.208], [-82.117, 27.208], [-82.118, 27.208], [-82.119, 27.208], [-82.119, 27.208], [-82.12, 27.208], [-82.12, 27.208], [-82.253, 27.24], [-82.253, 27.3], [-82.252, 27.375], [-82.28, 27.386], [-82.398, 27.386], [-82.433, 27.386], [-82.447, 27.389], [-82.474, 27.388], [-82.502, 27.388], [-82.529, 27.389], [-82.537, 27.388], [-82.548, 27.389], [-82.565, 27.389], [-82.705, 27.39], [-82.721, 27.402], [-82.735, 27.416], [-82.749, 27.44], [-82.75, 27.442], [-82.75, 27.442], [-82.754, 27.451], [-82.757, 27.458], [-82.759, 27.464], [-82.76, 27.467], [-82.762, 27.471], [-82.763, 27.472], [-82.765, 27.477], [-82.769, 27.482], [-82.769, 27.482], [-82.771, 27.485], [-82.772, 27.485], [-82.772, 27.486], [-82.78, 27.495], [-82.784, 27.5], [-82.802, 27.52], [-82.802, 27.52], [-82.815, 27.536], [-82.821, 27.556], [-82.701, 27.588], [-82.652, 27.607], [-82.577, 27.637], [-82.553, 27.645], [-82.548, 27.646], [-82.534, 27.645], [-82.519, 27.645], [-82.475, 27.646], [-82.454, 27.646], [-82.434, 27.646], [-82.385, 27.646], [-82.369, 27.646], [-82.344, 27.646], [-82.318, 27.647], [-82.298, 27.647], [-82.286, 27.647], [-82.26, 27.647], [-82.225, 27.646]]]}, "properties": {"county_fips": "12081", "county_name": "Manatee", "state": "FL"}}, {"type": "Feature", "id": "12083", "geometry": {"type": "Polygon", "coordinates": [[[-81.843, 29.513], [-81.843, 29.512], [-81.829, 29.486], [-81.785, 29.487], [-81.775, 29.437], [-81.741, 29.403], [-81.725, 29.371], [-81.662, 29.359], [-81.658, 29.337], [-81.674, 29.339], [-81.681, 29.324], [-81.681, 29.324], [-81.681, 29.323], [-81.68, 29.322], [-81.68, 29.32], [-81.678, 29.316], [-81.677, 29.315], [-81.676, 29.312], [-81.675, 29.309], [-81.674, 29.307], [-81.672, 29.305], [-81.669, 29.303], [-81.665, 29.3], [-81.662, 29.3], [-81.66, 29.299], [-81.657, 29.3], [-81.654, 29.298], [-81.653, 29.297], [-81.652, 29.297], [-81.651, 29.295], [-81.648, 29.29], [-81.648, 29.288], [-81.647, 29.284], [-81.646, 29.283], [-81.645, 29.281], [-81.643, 29.279], [-81.642, 29.277], [-81.642, 29.277], [-81.642, 29.276], [-81.642, 29.257], [-81.641, 29.216], [-81.641, 29.171], [-81.641, 29.155], [-81.64, 29.127], [-81.639, 29.06], [-81.657, 29.048], [-81.659, 29.008], [-81.659, 28.975], [-81.663, 28.96], [-81.668, 28.96], [-81.677, 28.96], [-81.688, 28.96], [-81.702, 28.96], [-81.72, 28.961], [-81.739, 28.961], [-81.764, 28.961], [-81.815, 28.961], [-81.832, 28.961], [-81.843, 28.96], [-81.911, 28.96], [-81.916, 28.96], [-81.92, 28.96], [-81.924, 28.96], [-81.95, 28.96], [-81.954, 28.96], [-81.956, 28.96], [-81.984, 28.96], [-82.014, 28.96], [-82.029, 28.96], [-82.032, 28.96], [-82.037, 28.96], [-82.054, 28.96], [-82.073, 28.96], [-82.08, 28.96], [-82.093, 28.96], [-82.101, 28.96], [-82.116, 28.96], [-82.125, 28.96], [-82.154, 28.96], [-82.177, 28.96], [-82.183, 28.96], [-82.187, 28.96], [-82.208, 28.96], [-82.22, 28.96], [-82.229, 28.96], [-82.267, 28.96], [-82.283, 28.96], [-82.29, 28.96], [-82.307, 28.96], [-82.309, 28.96], [-82.312, 28.96], [-82.312, 28.96], [-82.312, 28.965], [-82.317, 28.973], [-82.327, 28.979], [-82.336, 28.983], [-82.347, 28.988], [-82.362, 28.996], [-82.365, 29.002], [-82.377, 29.001], [-82.39, 29.008], [-82.397, 29.013], [-82.402, 29.017], [-82.414, 29.014], [-82.425, 29.021], [-82.432, 29.025], [-82.436, 29.03], [-82.442, 29.033], [-82.442, 29.033], [-82.452, 29.04], [-82.459, 29.048], [-82.47, 29.047], [-82.482, 29.052], [-82.49, 29.048], [-82.506, 29.039], [-82.512, 29.043], [-82.523, 29.042], [-82.531, 29.043], [-82.536, 29.045], [-82.536, 29.046], [-82.535, 29.072], [-82.536, 29.089], [-82.536, 29.113], [-82.536, 29.143], [-82.535, 29.169], [-82.535, 29.179], [-82.535, 29.193], [-82.532, 29.215], [-82.514, 29.215], [-82.492, 29.215], [-82.473, 29.215], [-82.458, 29.215], [-82.442, 29.215], [-82.424, 29.215], [-82.403, 29.237], [-82.405, 29.286], [-82.405, 29.361], [-82.406, 29.379], [-82.406, 29.391], [-82.405, 29.405], [-82.405, 29.412], [-82.405, 29.421], [-82.406, 29.429], [-82.407, 29.435], [-82.407, 29.485], [-82.407, 29.485], [-82.394, 29.485], [-82.25, 29.484], [-82.211, 29.481], [-82.211, 29.471], [-82.204, 29.472], [-82.191, 29.463], [-82.188, 29.46], [-82.193, 29.453], [-82.212, 29.465], [-82.212, 29.45], [-82.213, 29.438], [-82.207, 29.427], [-82.194, 29.422], [-82.174, 29.422], [-82.168, 29.427], [-82.156, 29.426], [-82.15, 29.423], [-82.145, 29.418], [-82.143, 29.427], [-82.131, 29.433], [-82.118, 29.429], [-82.103, 29.438], [-82.099, 29.422], [-82.088, 29.427], [-82.074, 29.435], [-82.056, 29.471], [-82.056, 29.471], [-82.044, 29.478], [-82.02, 29.496], [-81.999, 29.502], [-81.987, 29.502], [-81.972, 29.504], [-81.959, 29.506], [-81.951, 29.508], [-81.945, 29.512], [-81.939, 29.513], [-81.931, 29.516], [-81.919, 29.512], [-81.908, 29.507], [-81.897, 29.514], [-81.876, 29.513], [-81.864, 29.515], [-81.857, 29.517]]]}, "properties": {"county_fips": "12083", "county_name": "Marion", "state": "FL"}}, {"type": "Feature", "id": "12085", "geometry": {"type": "Polygon", "coordinates": [[[-80.285, 27.243], [-80.285, 27.244], [-80.285, 27.256], [-80.284, 27.264], [-80.257, 27.263], [-80.24, 27.263], [-80.237, 27.263], [-80.21, 27.263], [-80.2, 27.263], [-80.132, 27.25], [-80.128, 27.241], [-80.127, 27.239], [-80.125, 27.236], [-80.125, 27.236], [-80.125, 27.236], [-80.125, 27.236], [-80.123, 27.233], [-80.116, 27.221], [-80.111, 27.212], [-80.108, 27.202], [-80.101, 27.192], [-80.095, 27.181], [-80.094, 27.165], [-80.094, 27.164], [-80.09, 27.156], [-80.081, 27.125], [-80.073, 27.11], [-80.073, 27.108], [-80.063, 27.092], [-80.061, 27.085], [-80.053, 27.064], [-80.039, 27.03], [-80.033, 27.009], [-80.03, 27.0], [-80.03, 27.0], [-80.023, 26.97], [-80.088, 26.971], [-80.095, 26.971], [-80.1, 26.971], [-80.105, 26.971], [-80.109, 26.971], [-80.124, 26.971], [-80.133, 26.971], [-80.142, 26.971], [-80.145, 26.957], [-80.153, 26.957], [-80.167, 26.957], [-80.191, 26.957], [-80.238, 26.957], [-80.262, 26.957], [-80.285, 26.958], [-80.305, 26.958], [-80.321, 26.958], [-80.338, 26.958], [-80.356, 26.958], [-80.365, 26.958], [-80.375, 26.958], [-80.45, 26.958], [-80.597, 26.958], [-80.63, 26.958], [-80.875, 26.959], [-80.886, 26.959], [-80.875, 26.967], [-80.845, 26.991], [-80.833, 27.0], [-80.758, 27.057], [-80.749, 27.064], [-80.736, 27.074], [-80.682, 27.118], [-80.678, 27.121], [-80.678, 27.121], [-80.677, 27.122], [-80.677, 27.122], [-80.677, 27.125], [-80.677, 27.128], [-80.677, 27.138], [-80.677, 27.14], [-80.678, 27.148], [-80.678, 27.158], [-80.678, 27.158], [-80.678, 27.163], [-80.678, 27.166], [-80.678, 27.168], [-80.678, 27.184], [-80.678, 27.197], [-80.678, 27.203], [-80.678, 27.204], [-80.678, 27.205], [-80.678, 27.206], [-80.62, 27.206], [-80.573, 27.206], [-80.538, 27.206], [-80.524, 27.206], [-80.512, 27.206], [-80.5, 27.206], [-80.48, 27.206], [-80.439, 27.206], [-80.404, 27.206], [-80.4, 27.206], [-80.393, 27.206], [-80.384, 27.206], [-80.378, 27.206], [-80.345, 27.206], [-80.309, 27.206], [-80.285, 27.211], [-80.285, 27.232]]]}, "properties": {"county_fips": "12085", "county_name": "Martin", "state": "FL"}}, {"type": "Feature", "id": "12086", "geometry": {"type": "Polygon", "coordinates": [[[-80.174, 25.974], [-80.174, 25.974], [-80.166, 25.974], [-80.157, 25.974], [-80.152, 25.974], [-80.148, 25.974], [-80.134, 25.975], [-80.121, 25.975], [-80.052, 25.975], [-80.056, 25.96], [-80.068, 25.902], [-80.056, 25.838], [-80.067, 25.757], [-80.073, 25.745], [-80.079, 25.734], [-80.088, 25.724], [-80.09, 25.717], [-80.088, 25.71], [-80.089, 25.702], [-80.093, 25.69], [-80.096, 25.683], [-80.095, 25.678], [-80.094, 25.667], [-80.095, 25.657], [-80.1, 25.645], [-80.104, 25.638], [-80.09, 25.638], [-80.081, 25.636], [-80.065, 25.628], [-80.061, 25.625], [-80.056, 25.621], [-80.054, 25.618], [-80.044, 25.598], [-80.044, 25.579], [-80.057, 25.555], [-80.073, 25.545], [-80.092, 25.539], [-80.108, 25.539], [-80.116, 25.541], [-80.116, 25.534], [-80.118, 25.526], [-80.117, 25.519], [-80.117, 25.516], [-80.117, 25.513], [-80.119, 25.506], [-80.119, 25.505], [-80.121, 25.5], [-80.122, 25.5], [-80.123, 25.499], [-80.123, 25.499], [-80.123, 25.498], [-80.124, 25.497], [-80.125, 25.495], [-80.125, 25.495], [-80.126, 25.494], [-80.127, 25.493], [-80.125, 25.488], [-80.125, 25.486], [-80.125, 25.485], [-80.125, 25.482], [-80.125, 25.479], [-80.126, 25.475], [-80.129, 25.466], [-80.136, 25.454], [-80.138, 25.451], [-80.139, 25.443], [-80.141, 25.437], [-80.142, 25.435], [-80.138, 25.433], [-80.136, 25.431], [-80.134, 25.43], [-80.131, 25.428], [-80.13, 25.427], [-80.129, 25.426], [-80.127, 25.425], [-80.126, 25.424], [-80.126, 25.424], [-80.125, 25.423], [-80.121, 25.419], [-80.119, 25.416], [-80.116, 25.412], [-80.114, 25.406], [-80.112, 25.401], [-80.111, 25.394], [-80.11, 25.387], [-80.111, 25.383], [-80.111, 25.38], [-80.112, 25.378], [-80.113, 25.375], [-80.114, 25.373], [-80.115, 25.37], [-80.116, 25.367], [-80.119, 25.363], [-80.121, 25.361], [-80.123, 25.358], [-80.125, 25.356], [-80.126, 25.355], [-80.127, 25.353], [-80.129, 25.353], [-80.131, 25.351], [-80.132, 25.347], [-80.132, 25.343], [-80.133, 25.339], [-80.137, 25.332], [-80.139, 25.329], [-80.14, 25.327], [-80.143, 25.323], [-80.148, 25.32], [-80.15, 25.314], [-80.379, 25.292], [-80.434, 25.236], [-80.434, 25.236], [-80.46, 25.237], [-80.492, 25.213], [-80.496, 25.2], [-80.533, 25.214], [-80.562, 25.212], [-80.565, 25.21], [-80.611, 25.18], [-80.606, 25.195], [-80.652, 25.192], [-80.656, 25.154], [-80.656, 25.167], [-80.691, 25.168], [-80.724, 25.159], [-80.722, 25.145], [-80.776, 25.138], [-80.795, 25.175], [-80.812, 25.183], [-80.813, 25.18], [-80.811, 25.168], [-80.828, 25.163], [-80.842, 25.176], [-80.857, 25.177], [-80.873, 25.683], [-80.873, 25.805], [-80.873, 25.806], [-80.873, 25.806], [-80.873, 25.806], [-80.873, 25.811], [-80.873, 25.814], [-80.873, 25.842], [-80.873, 25.844], [-80.873, 25.845], [-80.873, 25.846], [-80.873, 25.85], [-80.873, 25.852], [-80.873, 25.852], [-80.874, 25.861], [-80.874, 25.862], [-80.874, 25.862], [-80.874, 25.868], [-80.874, 25.875], [-80.874, 25.908], [-80.873, 25.921], [-80.873, 25.932], [-80.873, 25.934], [-80.873, 25.951], [-80.873, 25.972], [-80.873, 25.979], [-80.809, 25.979], [-80.654, 25.957], [-80.528, 25.957], [-80.456, 25.957], [-80.441, 25.957], [-80.394, 25.957], [-80.359, 25.957], [-80.341, 25.957], [-80.314, 25.957], [-80.311, 25.957], [-80.295, 25.957], [-80.282, 25.971], [-80.262, 25.971], [-80.247, 25.972], [-80.227, 25.972], [-80.204, 25.973], [-80.19, 25.973], [-80.182, 25.973]]]}, "properties": {"county_fips": "12086", "county_name": "Miami-Dade", "state": "FL"}}, {"type": "Feature", "id": "12087", "geometry": {"type": "MultiPolygon", "coordinates": [[[[-82.883, 24.721], [-82.875, 24.723], [-82.866, 24.726], [-82.8, 24.726], [-82.767, 24.702], [-82.767, 24.668], [-82.795, 24.625], [-82.801, 24.617], [-82.806, 24.614], [-82.805, 24.613], [-82.8, 24.606], [-82.798, 24.604], [-82.804, 24.604], [-82.822, 24.591], [-82.822, 24.591], [-82.822, 24.591], [-82.829, 24.586], [-82.836, 24.581], [-82.849, 24.577], [-82.861, 24.575], [-82.875, 24.575], [-82.878, 24.576], [-82.881, 24.577], [-82.887, 24.578], [-82.9, 24.583], [-82.904, 24.583], [-82.915, 24.58], [-82.928, 24.578], [-82.937, 24.578], [-82.948, 24.579], [-82.958, 24.582], [-82.966, 24.585], [-82.966, 24.585], [-82.975, 24.59], [-82.981, 24.596], [-82.983, 24.603], [-82.986, 24.611], [-82.987, 24.619], [-82.987, 24.625], [-82.987, 24.625], [-82.986, 24.64], [-82.978, 24.656], [-82.964, 24.671], [-82.951, 24.678], [-82.941, 24.683], [-82.933, 24.685], [-82.931, 24.687], [-82.925, 24.693], [-82.923, 24.695], [-82.902, 24.716], [-82.9, 24.718]]], [[[-80.434, 25.236], [-80.379, 25.292], [-80.156, 25.307], [-80.218, 25.295], [-80.229, 25.226], [-80.255, 25.174], [-80.301, 25.148], [-80.316, 25.125], [-80.355, 25.075], [-80.38, 25.061], [-80.391, 25.043], [-80.409, 25.013], [-80.439, 24.998], [-80.478, 24.948], [-80.559, 24.902], [-80.591, 24.882], [-80.619, 24.855], [-80.675, 24.826], [-80.748, 24.785], [-80.824, 24.755], [-80.868, 24.736], [-80.934, 24.702], [-80.978, 24.681], [-81.012, 24.667], [-81.026, 24.66], [-81.102, 24.634], [-81.146, 24.648], [-81.17, 24.635], [-81.206, 24.63], [-81.234, 24.617], [-81.278, 24.596], [-81.336, 24.585], [-81.375, 24.571], [-81.421, 24.571], [-81.48, 24.555], [-81.504, 24.562], [-81.519, 24.529], [-81.529, 24.5], [-81.589, 24.467], [-81.644, 24.446], [-81.69, 24.434], [-81.755, 24.443], [-81.773, 24.496], [-81.792, 24.495], [-81.833, 24.41], [-81.897, 24.405], [-81.981, 24.457], [-81.996, 24.475], [-82.045, 24.49], [-82.06, 24.517], [-82.12, 24.498], [-82.182, 24.503], [-82.219, 24.574], [-82.154, 24.635], [-82.037, 24.612], [-81.983, 24.638], [-81.913, 24.66], [-81.856, 24.671], [-81.807, 24.696], [-81.761, 24.716], [-81.72, 24.731], [-81.699, 24.746], [-81.667, 24.761], [-81.628, 24.783], [-81.603, 24.8], [-81.57, 24.812], [-81.535, 24.83], [-81.493, 24.854], [-81.442, 24.871], [-81.407, 24.882], [-81.361, 24.865], [-81.3, 24.871], [-81.255, 24.881], [-81.217, 24.875], [-81.168, 24.839], [-81.12, 24.809], [-81.076, 24.799], [-81.039, 24.796], [-81.009, 24.81], [-80.992, 24.812], [-80.924, 24.847], [-80.891, 24.855], [-80.941, 24.856], [-80.994, 24.907], [-81.032, 24.949], [-81.062, 25.003], [-81.109, 25.069], [-81.15, 25.107], [-81.196, 25.15], [-81.234, 25.235], [-81.213, 25.313], [-81.206, 25.377], [-81.221, 25.437], [-81.246, 25.464], [-81.267, 25.5], [-81.286, 25.55], [-81.327, 25.602], [-81.361, 25.637], [-81.41, 25.677], [-81.44, 25.723], [-81.484, 25.75], [-81.522, 25.778], [-81.567, 25.798], [-81.571, 25.802], [-81.481, 25.803], [-81.456, 25.803], [-81.437, 25.803], [-81.415, 25.803], [-81.413, 25.803], [-81.408, 25.803], [-81.399, 25.803], [-81.397, 25.803], [-81.394, 25.803], [-81.388, 25.803], [-81.385, 25.803], [-81.382, 25.803], [-81.376, 25.803], [-81.369, 25.803], [-81.35, 25.803], [-81.315, 25.804], [-81.298, 25.804], [-81.29, 25.804], [-81.262, 25.804], [-81.259, 25.804], [-81.258, 25.804], [-81.235, 25.804], [-81.103, 25.803], [-80.981, 25.804], [-80.873, 25.805], [-80.873, 25.805], [-80.873, 25.683], [-80.857, 25.177], [-80.842, 25.176], [-80.828, 25.163], [-80.811, 25.168], [-80.813, 25.18], [-80.812, 25.183], [-80.795, 25.175], [-80.776, 25.138], [-80.722, 25.145], [-80.724, 25.159], [-80.691, 25.168], [-80.656, 25.167], [-80.656, 25.154], [-80.652, 25.192], [-80.606, 25.195], [-80.611, 25.18], [-80.565, 25.21], [-80.562, 25.212], [-80.533, 25.214], [-80.496, 25.2], [-80.492, 25.213], [-80.46, 25.237], [-80.434, 25.236]]]]}, "properties": {"county_fips": "12087", "county_name": "Monroe", "state": "FL"}}, {"type": "Feature", "id": "12089", "geometry": {"type": "Polygon", "coordinates": [[[-82.043, 30.69], [-82.036, 30.707], [-82.043, 30.732], [-82.025, 30.752], [-82.017, 30.773], [-82.011, 30.791], [-81.979, 30.777], [-81.963, 30.816], [-81.935, 30.821], [-81.905, 30.828], [-81.905, 30.828], [-81.905, 30.828], [-81.892, 30.817], [-81.877, 30.8], [-81.852, 30.795], [-81.836, 30.788], [-81.805, 30.789], [-81.793, 30.785], [-81.783, 30.765], [-81.771, 30.773], [-81.748, 30.767], [-81.733, 30.751], [-81.709, 30.748], [-81.679, 30.741], [-81.679, 30.745], [-81.665, 30.754], [-81.659, 30.743], [-81.65, 30.728], [-81.629, 30.734], [-81.621, 30.723], [-81.603, 30.729], [-81.589, 30.723], [-81.564, 30.714], [-81.545, 30.715], [-81.531, 30.724], [-81.485, 30.725], [-81.347, 30.712], [-81.347, 30.712], [-81.347, 30.711], [-81.346, 30.706], [-81.346, 30.701], [-81.347, 30.699], [-81.347, 30.697], [-81.349, 30.691], [-81.352, 30.686], [-81.355, 30.68], [-81.358, 30.676], [-81.363, 30.671], [-81.368, 30.667], [-81.368, 30.666], [-81.373, 30.663], [-81.375, 30.657], [-81.375, 30.655], [-81.375, 30.654], [-81.376, 30.651], [-81.378, 30.641], [-81.38, 30.633], [-81.381, 30.627], [-81.381, 30.625], [-81.381, 30.625], [-81.381, 30.624], [-81.382, 30.616], [-81.382, 30.614], [-81.382, 30.611], [-81.382, 30.61], [-81.382, 30.605], [-81.382, 30.603], [-81.382, 30.601], [-81.382, 30.6], [-81.382, 30.6], [-81.382, 30.6], [-81.382, 30.598], [-81.382, 30.584], [-81.382, 30.582], [-81.381, 30.577], [-81.381, 30.568], [-81.38, 30.563], [-81.378, 30.544], [-81.377, 30.541], [-81.375, 30.533], [-81.372, 30.527], [-81.37, 30.523], [-81.368, 30.519], [-81.366, 30.515], [-81.364, 30.51], [-81.362, 30.508], [-81.362, 30.507], [-81.362, 30.506], [-81.36, 30.504], [-81.359, 30.503], [-81.359, 30.502], [-81.529, 30.528], [-81.584, 30.561], [-81.613, 30.559], [-81.609, 30.579], [-81.626, 30.586], [-81.651, 30.572], [-81.659, 30.554], [-81.668, 30.561], [-81.675, 30.566], [-81.684, 30.566], [-81.691, 30.567], [-81.696, 30.569], [-81.705, 30.564], [-81.71, 30.566], [-81.722, 30.572], [-81.729, 30.564], [-81.728, 30.562], [-81.732, 30.558], [-81.733, 30.552], [-81.734, 30.547], [-81.736, 30.542], [-81.739, 30.535], [-81.765, 30.519], [-81.938, 30.372], [-82.049, 30.273], [-82.049, 30.273], [-82.049, 30.275], [-82.05, 30.28], [-82.05, 30.281], [-82.05, 30.281], [-82.05, 30.282], [-82.05, 30.282], [-82.05, 30.284], [-82.05, 30.288], [-82.05, 30.29], [-82.05, 30.292], [-82.05, 30.292], [-82.05, 30.293], [-82.05, 30.293], [-82.05, 30.293], [-82.05, 30.293], [-82.05, 30.297], [-82.05, 30.307], [-82.05, 30.311], [-82.05, 30.311], [-82.05, 30.313], [-82.05, 30.318], [-82.05, 30.332], [-82.05, 30.338], [-82.05, 30.361], [-82.05, 30.362], [-82.05, 30.362], [-82.05, 30.362], [-82.05, 30.362], [-82.038, 30.373], [-82.04, 30.393], [-82.044, 30.415], [-82.037, 30.432], [-82.027, 30.452], [-82.018, 30.478], [-82.017, 30.496], [-82.019, 30.524], [-82.015, 30.54], [-82.009, 30.56], [-82.008, 30.577], [-82.013, 30.595], [-82.029, 30.622], [-82.039, 30.637], [-82.048, 30.661]]]}, "properties": {"county_fips": "12089", "county_name": "Nassau", "state": "FL"}}, {"type": "Feature", "id": "12091", "geometry": {"type": "Polygon", "coordinates": [[[-86.79, 30.801], [-86.789, 30.83], [-86.788, 30.876], [-86.787, 30.91], [-86.787, 30.922], [-86.787, 30.934], [-86.786, 30.972], [-86.786, 30.997], [-86.778, 30.997], [-86.772, 30.997], [-86.755, 30.997], [-86.75, 30.996], [-86.745, 30.996], [-86.741, 30.996], [-86.737, 30.997], [-86.733, 30.996], [-86.728, 30.996], [-86.728, 30.996], [-86.727, 30.997], [-86.727, 30.997], [-86.727, 30.997], [-86.726, 30.997], [-86.726, 30.997], [-86.725, 30.997], [-86.724, 30.997], [-86.723, 30.996], [-86.718, 30.996], [-86.718, 30.996], [-86.715, 30.996], [-86.711, 30.995], [-86.708, 30.995], [-86.707, 30.995], [-86.706, 30.994], [-86.697, 30.995], [-86.688, 30.995], [-86.685, 30.995], [-86.676, 30.995], [-86.675, 30.995], [-86.672, 30.995], [-86.672, 30.995], [-86.666, 30.995], [-86.651, 30.995], [-86.648, 30.995], [-86.636, 30.995], [-86.633, 30.995], [-86.623, 30.995], [-86.594, 30.995], [-86.592, 30.995], [-86.568, 30.995], [-86.549, 30.995], [-86.529, 30.994], [-86.513, 30.994], [-86.494, 30.993], [-86.484, 30.994], [-86.473, 30.994], [-86.455, 30.994], [-86.446, 30.994], [-86.415, 30.994], [-86.413, 30.994], [-86.405, 30.994], [-86.392, 30.994], [-86.389, 30.994], [-86.389, 30.986], [-86.389, 30.975], [-86.389, 30.97], [-86.389, 30.963], [-86.389, 30.953], [-86.389, 30.946], [-86.389, 30.925], [-86.389, 30.895], [-86.391, 30.837], [-86.391, 30.783], [-86.392, 30.755], [-86.392, 30.73], [-86.392, 30.706], [-86.392, 30.665], [-86.392, 30.635], [-86.392, 30.603], [-86.393, 30.565], [-86.393, 30.526], [-86.394, 30.473], [-86.394, 30.464], [-86.394, 30.457], [-86.395, 30.447], [-86.397, 30.391], [-86.397, 30.387], [-86.397, 30.382], [-86.397, 30.325], [-86.412, 30.327], [-86.432, 30.329], [-86.442, 30.329], [-86.477, 30.331], [-86.487, 30.332], [-86.49, 30.331], [-86.49, 30.331], [-86.492, 30.33], [-86.494, 30.33], [-86.5, 30.329], [-86.505, 30.329], [-86.51, 30.33], [-86.518, 30.33], [-86.523, 30.33], [-86.536, 30.335], [-86.538, 30.336], [-86.541, 30.336], [-86.548, 30.336], [-86.553, 30.337], [-86.565, 30.338], [-86.572, 30.34], [-86.589, 30.342], [-86.609, 30.344], [-86.625, 30.345], [-86.646, 30.346], [-86.66, 30.346], [-86.677, 30.344], [-86.69, 30.343], [-86.702, 30.344], [-86.713, 30.343], [-86.74, 30.341], [-86.75, 30.34], [-86.77, 30.338], [-86.795, 30.335], [-86.799, 30.335], [-86.8, 30.393], [-86.799, 30.415], [-86.799, 30.455], [-86.798, 30.481], [-86.797, 30.515], [-86.797, 30.53], [-86.797, 30.542], [-86.796, 30.558], [-86.796, 30.567], [-86.796, 30.602], [-86.796, 30.618], [-86.793, 30.664], [-86.792, 30.684], [-86.792, 30.724], [-86.791, 30.758], [-86.791, 30.769], [-86.791, 30.773], [-86.791, 30.776], [-86.79, 30.8]]]}, "properties": {"county_fips": "12091", "county_name": "Okaloosa", "state": "FL"}}, {"type": "Feature", "id": "12093", "geometry": {"type": "Polygon", "coordinates": [[[-80.777, 27.562], [-80.777, 27.562], [-80.745, 27.559], [-80.744, 27.559], [-80.741, 27.559], [-80.701, 27.558], [-80.68, 27.558], [-80.68, 27.558], [-80.68, 27.543], [-80.68, 27.531], [-80.68, 27.522], [-80.68, 27.515], [-80.68, 27.499], [-80.679, 27.491], [-80.679, 27.483], [-80.679, 27.457], [-80.679, 27.449], [-80.679, 27.447], [-80.679, 27.443], [-80.679, 27.44], [-80.679, 27.437], [-80.679, 27.434], [-80.679, 27.425], [-80.678, 27.395], [-80.678, 27.391], [-80.678, 27.389], [-80.678, 27.383], [-80.678, 27.373], [-80.678, 27.347], [-80.678, 27.303], [-80.678, 27.261], [-80.678, 27.245], [-80.678, 27.207], [-80.678, 27.206], [-80.678, 27.205], [-80.678, 27.204], [-80.678, 27.203], [-80.678, 27.197], [-80.678, 27.184], [-80.678, 27.168], [-80.678, 27.166], [-80.678, 27.163], [-80.678, 27.158], [-80.678, 27.158], [-80.678, 27.148], [-80.677, 27.14], [-80.677, 27.138], [-80.677, 27.128], [-80.677, 27.125], [-80.677, 27.122], [-80.677, 27.122], [-80.678, 27.121], [-80.678, 27.121], [-80.682, 27.118], [-80.736, 27.074], [-80.749, 27.064], [-80.758, 27.057], [-80.833, 27.0], [-80.845, 26.991], [-80.875, 26.967], [-80.886, 26.959], [-80.885, 26.964], [-80.872, 27.134], [-80.871, 27.151], [-80.877, 27.16], [-80.887, 27.166], [-80.893, 27.166], [-80.898, 27.166], [-80.899, 27.17], [-80.902, 27.17], [-80.906, 27.172], [-80.908, 27.174], [-80.908, 27.176], [-80.907, 27.18], [-80.908, 27.184], [-80.907, 27.187], [-80.91, 27.189], [-80.913, 27.191], [-80.917, 27.19], [-80.92, 27.194], [-80.925, 27.196], [-80.93, 27.197], [-80.931, 27.2], [-80.935, 27.197], [-80.938, 27.202], [-80.941, 27.206], [-80.943, 27.21], [-80.943, 27.211], [-80.943, 27.211], [-80.981, 27.23], [-80.985, 27.248], [-80.999, 27.277], [-80.995, 27.297], [-81.016, 27.302], [-81.027, 27.313], [-81.039, 27.329], [-81.037, 27.348], [-81.04, 27.361], [-81.073, 27.383], [-81.102, 27.383], [-81.125, 27.397], [-81.134, 27.409], [-81.141, 27.423], [-81.148, 27.446], [-81.164, 27.457], [-81.188, 27.483], [-81.2, 27.501], [-81.206, 27.52], [-81.205, 27.542], [-81.176, 27.56], [-81.16, 27.574], [-81.15, 27.596], [-81.144, 27.615], [-81.142, 27.643], [-81.142, 27.643], [-81.142, 27.643], [-81.141, 27.643], [-81.137, 27.643], [-81.136, 27.643], [-81.125, 27.643], [-81.124, 27.643], [-81.085, 27.642], [-81.066, 27.642], [-81.023, 27.642], [-81.008, 27.642], [-81.006, 27.642], [-80.993, 27.642], [-80.986, 27.642], [-80.969, 27.642], [-80.968, 27.642], [-80.968, 27.642], [-80.967, 27.642], [-80.967, 27.642], [-80.95, 27.642], [-80.945, 27.642], [-80.944, 27.642], [-80.943, 27.642], [-80.942, 27.642], [-80.888, 27.642], [-80.879, 27.642], [-80.875, 27.642], [-80.873, 27.643], [-80.869, 27.642], [-80.865, 27.642], [-80.858, 27.642], [-80.853, 27.642], [-80.852, 27.642], [-80.845, 27.643], [-80.833, 27.643], [-80.794, 27.643], [-80.778, 27.632], [-80.778, 27.627], [-80.778, 27.62], [-80.777, 27.618], [-80.777, 27.616], [-80.777, 27.612], [-80.777, 27.61], [-80.777, 27.607], [-80.777, 27.601], [-80.777, 27.597], [-80.777, 27.585], [-80.777, 27.582]]]}, "properties": {"county_fips": "12093", "county_name": "Okeechobee", "state": "FL"}}, {"type": "Feature", "id": "12095", "geometry": {"type": "Polygon", "coordinates": [[[-81.424, 28.64], [-81.424, 28.64], [-81.393, 28.64], [-81.386, 28.64], [-81.37, 28.64], [-81.361, 28.639], [-81.348, 28.639], [-81.328, 28.633], [-81.328, 28.622], [-81.323, 28.61], [-81.302, 28.611], [-81.284, 28.611], [-81.278, 28.611], [-81.262, 28.612], [-81.235, 28.612], [-81.204, 28.612], [-81.115, 28.613], [-81.026, 28.613], [-80.987, 28.613], [-80.987, 28.613], [-80.971, 28.61], [-80.954, 28.605], [-80.951, 28.6], [-80.944, 28.594], [-80.947, 28.586], [-80.939, 28.575], [-80.933, 28.567], [-80.934, 28.559], [-80.933, 28.543], [-80.935, 28.534], [-80.919, 28.524], [-80.908, 28.518], [-80.899, 28.51], [-80.881, 28.502], [-80.878, 28.487], [-80.876, 28.471], [-80.893, 28.464], [-80.896, 28.451], [-80.895, 28.438], [-80.9, 28.432], [-80.897, 28.419], [-80.885, 28.405], [-80.887, 28.385], [-80.876, 28.373], [-80.864, 28.348], [-80.863, 28.347], [-80.865, 28.348], [-80.925, 28.348], [-80.947, 28.348], [-81.031, 28.348], [-81.073, 28.348], [-81.106, 28.348], [-81.174, 28.348], [-81.242, 28.348], [-81.259, 28.348], [-81.293, 28.348], [-81.309, 28.348], [-81.32, 28.348], [-81.343, 28.348], [-81.379, 28.348], [-81.398, 28.348], [-81.424, 28.348], [-81.493, 28.347], [-81.532, 28.347], [-81.547, 28.347], [-81.565, 28.347], [-81.581, 28.347], [-81.613, 28.347], [-81.628, 28.347], [-81.637, 28.347], [-81.643, 28.347], [-81.657, 28.347], [-81.657, 28.347], [-81.657, 28.356], [-81.657, 28.378], [-81.657, 28.393], [-81.657, 28.424], [-81.657, 28.474], [-81.657, 28.538], [-81.656, 28.57], [-81.652, 28.578], [-81.649, 28.586], [-81.657, 28.592], [-81.658, 28.648], [-81.658, 28.685], [-81.658, 28.693], [-81.658, 28.705], [-81.658, 28.728], [-81.659, 28.762], [-81.656, 28.77], [-81.653, 28.766], [-81.647, 28.77], [-81.645, 28.777], [-81.646, 28.782], [-81.636, 28.786], [-81.62, 28.786], [-81.55, 28.786], [-81.521, 28.786], [-81.415, 28.785], [-81.414, 28.785], [-81.415, 28.778], [-81.422, 28.745], [-81.436, 28.722], [-81.447, 28.714], [-81.458, 28.714], [-81.459, 28.684], [-81.46, 28.671], [-81.46, 28.644]]]}, "properties": {"county_fips": "12095", "county_name": "Orange", "state": "FL"}}, {"type": "Feature", "id": "12097", "geometry": {"type": "Polygon", "coordinates": [[[-81.581, 28.347], [-81.565, 28.347], [-81.547, 28.347], [-81.532, 28.347], [-81.493, 28.347], [-81.424, 28.348], [-81.398, 28.348], [-81.379, 28.348], [-81.343, 28.348], [-81.32, 28.348], [-81.309, 28.348], [-81.293, 28.348], [-81.259, 28.348], [-81.242, 28.348], [-81.174, 28.348], [-81.106, 28.348], [-81.073, 28.348], [-81.031, 28.348], [-80.947, 28.348], [-80.925, 28.348], [-80.865, 28.348], [-80.863, 28.347], [-80.863, 28.347], [-80.863, 28.313], [-80.862, 28.271], [-80.861, 28.251], [-80.862, 28.244], [-80.862, 28.22], [-80.862, 28.209], [-80.862, 28.2], [-80.862, 28.181], [-80.862, 28.164], [-80.862, 28.15], [-80.862, 28.121], [-80.863, 28.099], [-80.869, 28.089], [-80.869, 28.083], [-80.87, 28.057], [-80.87, 28.012], [-80.87, 27.988], [-80.87, 27.97], [-80.869, 27.964], [-80.87, 27.958], [-80.869, 27.949], [-80.869, 27.947], [-80.869, 27.873], [-80.869, 27.837], [-80.869, 27.823], [-80.869, 27.823], [-80.875, 27.823], [-80.882, 27.822], [-80.881, 27.809], [-80.881, 27.778], [-80.881, 27.777], [-80.88, 27.758], [-80.88, 27.748], [-80.88, 27.746], [-80.88, 27.734], [-80.874, 27.732], [-80.874, 27.713], [-80.874, 27.709], [-80.874, 27.699], [-80.874, 27.695], [-80.874, 27.691], [-80.873, 27.683], [-80.873, 27.671], [-80.873, 27.666], [-80.873, 27.665], [-80.873, 27.664], [-80.873, 27.663], [-80.873, 27.66], [-80.873, 27.657], [-80.873, 27.652], [-80.873, 27.648], [-80.873, 27.643], [-80.873, 27.643], [-80.875, 27.642], [-80.879, 27.642], [-80.888, 27.642], [-80.942, 27.642], [-80.943, 27.642], [-80.944, 27.642], [-80.945, 27.642], [-80.95, 27.642], [-80.967, 27.642], [-80.967, 27.642], [-80.968, 27.642], [-80.968, 27.642], [-80.969, 27.642], [-80.986, 27.642], [-80.993, 27.642], [-81.006, 27.642], [-81.008, 27.642], [-81.023, 27.642], [-81.066, 27.642], [-81.085, 27.642], [-81.124, 27.643], [-81.125, 27.643], [-81.136, 27.643], [-81.137, 27.643], [-81.141, 27.643], [-81.142, 27.643], [-81.142, 27.643], [-81.142, 27.643], [-81.141, 27.668], [-81.147, 27.69], [-81.147, 27.709], [-81.166, 27.724], [-81.165, 27.737], [-81.179, 27.752], [-81.181, 27.77], [-81.209, 27.818], [-81.243, 27.846], [-81.292, 27.858], [-81.314, 27.905], [-81.341, 27.932], [-81.349, 27.955], [-81.383, 27.997], [-81.416, 27.998], [-81.438, 28.032], [-81.46, 28.05], [-81.442, 28.059], [-81.417, 28.037], [-81.384, 28.015], [-81.369, 28.034], [-81.366, 28.063], [-81.347, 28.075], [-81.524, 28.143], [-81.657, 28.347], [-81.657, 28.347], [-81.657, 28.347], [-81.643, 28.347], [-81.637, 28.347], [-81.628, 28.347], [-81.613, 28.347]]]}, "properties": {"county_fips": "12097", "county_name": "Osceola", "state": "FL"}}, {"type": "Feature", "id": "12099", "geometry": {"type": "Polygon", "coordinates": [[[-80.145, 26.957], [-80.142, 26.971], [-80.133, 26.971], [-80.124, 26.971], [-80.109, 26.971], [-80.105, 26.971], [-80.1, 26.971], [-80.095, 26.971], [-80.088, 26.971], [-80.023, 26.97], [-80.015, 26.944], [-80.015, 26.943], [-80.014, 26.942], [-80.013, 26.938], [-80.005, 26.911], [-80.0, 26.893], [-79.999, 26.89], [-79.997, 26.882], [-79.996, 26.882], [-79.994, 26.875], [-79.994, 26.873], [-79.992, 26.866], [-79.991, 26.861], [-79.991, 26.859], [-79.991, 26.857], [-79.99, 26.853], [-79.985, 26.837], [-79.985, 26.836], [-79.984, 26.829], [-79.979, 26.814], [-79.978, 26.809], [-79.975, 26.8], [-79.974, 26.792], [-79.975, 26.786], [-79.975, 26.782], [-79.975, 26.781], [-79.975, 26.779], [-79.975, 26.775], [-79.975, 26.773], [-79.976, 26.765], [-79.977, 26.756], [-79.98, 26.75], [-79.979, 26.747], [-79.979, 26.74], [-79.979, 26.733], [-79.979, 26.727], [-79.979, 26.724], [-79.978, 26.722], [-79.978, 26.716], [-79.977, 26.713], [-79.975, 26.708], [-79.975, 26.708], [-79.975, 26.703], [-79.975, 26.698], [-79.976, 26.692], [-79.977, 26.687], [-79.978, 26.683], [-79.98, 26.677], [-79.98, 26.676], [-79.98, 26.672], [-79.981, 26.664], [-79.981, 26.65], [-79.981, 26.647], [-79.981, 26.638], [-79.981, 26.625], [-79.981, 26.618], [-79.981, 26.615], [-79.981, 26.605], [-79.981, 26.595], [-79.981, 26.595], [-79.981, 26.588], [-79.981, 26.587], [-79.982, 26.584], [-79.982, 26.58], [-79.982, 26.569], [-79.984, 26.561], [-79.985, 26.554], [-79.986, 26.551], [-79.986, 26.549], [-79.985, 26.545], [-79.985, 26.545], [-79.986, 26.537], [-79.989, 26.527], [-79.991, 26.523], [-79.993, 26.51], [-79.993, 26.509], [-79.994, 26.505], [-79.994, 26.503], [-79.994, 26.5], [-79.996, 26.496], [-79.997, 26.493], [-79.997, 26.488], [-79.997, 26.484], [-79.998, 26.477], [-79.998, 26.476], [-80.0, 26.471], [-80.003, 26.455], [-80.006, 26.433], [-80.007, 26.426], [-80.011, 26.391], [-80.014, 26.362], [-80.015, 26.351], [-80.015, 26.336], [-80.015, 26.336], [-80.015, 26.321], [-80.082, 26.321], [-80.089, 26.322], [-80.091, 26.326], [-80.094, 26.326], [-80.096, 26.323], [-80.099, 26.323], [-80.098, 26.326], [-80.103, 26.328], [-80.117, 26.328], [-80.125, 26.328], [-80.129, 26.328], [-80.132, 26.328], [-80.147, 26.328], [-80.17, 26.328], [-80.177, 26.328], [-80.186, 26.328], [-80.197, 26.328], [-80.203, 26.328], [-80.221, 26.333], [-80.241, 26.335], [-80.279, 26.334], [-80.536, 26.335], [-80.549, 26.335], [-80.625, 26.334], [-80.875, 26.334], [-80.881, 26.334], [-80.881, 26.334], [-80.88, 26.347], [-80.882, 26.418], [-80.883, 26.472], [-80.883, 26.501], [-80.884, 26.522], [-80.884, 26.543], [-80.885, 26.565], [-80.885, 26.597], [-80.886, 26.611], [-80.886, 26.629], [-80.886, 26.638], [-80.886, 26.653], [-80.886, 26.666], [-80.886, 26.679], [-80.886, 26.696], [-80.886, 26.711], [-80.886, 26.733], [-80.886, 26.743], [-80.886, 26.745], [-80.886, 26.746], [-80.886, 26.758], [-80.886, 26.759], [-80.886, 26.765], [-80.886, 26.769], [-80.886, 26.949], [-80.886, 26.959], [-80.875, 26.959], [-80.63, 26.958], [-80.597, 26.958], [-80.45, 26.958], [-80.375, 26.958], [-80.365, 26.958], [-80.356, 26.958], [-80.338, 26.958], [-80.321, 26.958], [-80.305, 26.958], [-80.285, 26.958], [-80.262, 26.957], [-80.238, 26.957], [-80.191, 26.957], [-80.167, 26.957], [-80.153, 26.957]]]}, "properties": {"county_fips": "12099", "county_name": "Palm Beach", "state": "FL"}}, {"type": "Feature", "id": "12101", "geometry": {"type": "Polygon", "coordinates": [[[-82.238, 28.172], [-82.29, 28.171], [-82.319, 28.171], [-82.354, 28.171], [-82.363, 28.171], [-82.372, 28.17], [-82.379, 28.17], [-82.383, 28.171], [-82.412, 28.171], [-82.425, 28.171], [-82.438, 28.172], [-82.449, 28.172], [-82.469, 28.172], [-82.484, 28.172], [-82.496, 28.172], [-82.501, 28.172], [-82.518, 28.173], [-82.536, 28.173], [-82.564, 28.173], [-82.576, 28.173], [-82.592, 28.173], [-82.597, 28.173], [-82.645, 28.173], [-82.651, 28.173], [-82.666, 28.173], [-82.687, 28.173], [-82.718, 28.173], [-82.72, 28.173], [-82.722, 28.173], [-82.723, 28.173], [-82.724, 28.173], [-82.73, 28.173], [-82.74, 28.173], [-82.744, 28.173], [-82.751, 28.173], [-82.758, 28.173], [-82.764, 28.173], [-82.777, 28.173], [-82.783, 28.173], [-82.787, 28.172], [-82.788, 28.172], [-82.789, 28.172], [-82.79, 28.172], [-82.791, 28.172], [-82.792, 28.173], [-82.796, 28.173], [-82.8, 28.172], [-82.829, 28.172], [-82.852, 28.172], [-82.905, 28.172], [-82.905, 28.173], [-82.906, 28.178], [-82.906, 28.18], [-82.906, 28.184], [-82.906, 28.188], [-82.906, 28.189], [-82.907, 28.19], [-82.908, 28.194], [-82.908, 28.2], [-82.908, 28.205], [-82.908, 28.207], [-82.908, 28.213], [-82.908, 28.213], [-82.907, 28.22], [-82.905, 28.224], [-82.904, 28.227], [-82.901, 28.234], [-82.897, 28.24], [-82.892, 28.245], [-82.887, 28.25], [-82.886, 28.251], [-82.885, 28.252], [-82.883, 28.253], [-82.879, 28.256], [-82.875, 28.257], [-82.875, 28.257], [-82.875, 28.257], [-82.874, 28.258], [-82.872, 28.258], [-82.867, 28.26], [-82.859, 28.261], [-82.85, 28.262], [-82.844, 28.263], [-82.84, 28.263], [-82.837, 28.263], [-82.833, 28.262], [-82.825, 28.26], [-82.82, 28.259], [-82.819, 28.263], [-82.819, 28.266], [-82.818, 28.267], [-82.816, 28.274], [-82.813, 28.281], [-82.81, 28.285], [-82.809, 28.288], [-82.805, 28.293], [-82.802, 28.295], [-82.8, 28.297], [-82.796, 28.299], [-82.795, 28.3], [-82.795, 28.302], [-82.793, 28.308], [-82.793, 28.315], [-82.793, 28.319], [-82.793, 28.32], [-82.795, 28.324], [-82.797, 28.328], [-82.797, 28.329], [-82.8, 28.334], [-82.801, 28.339], [-82.801, 28.341], [-82.801, 28.344], [-82.801, 28.347], [-82.8, 28.353], [-82.8, 28.355], [-82.8, 28.356], [-82.8, 28.357], [-82.799, 28.359], [-82.799, 28.36], [-82.798, 28.363], [-82.798, 28.363], [-82.795, 28.371], [-82.794, 28.372], [-82.791, 28.375], [-82.791, 28.375], [-82.79, 28.377], [-82.789, 28.377], [-82.786, 28.381], [-82.786, 28.383], [-82.786, 28.384], [-82.786, 28.386], [-82.785, 28.388], [-82.783, 28.392], [-82.782, 28.397], [-82.781, 28.397], [-82.777, 28.403], [-82.769, 28.411], [-82.762, 28.417], [-82.761, 28.419], [-82.761, 28.422], [-82.76, 28.423], [-82.76, 28.424], [-82.754, 28.433], [-82.754, 28.433], [-82.676, 28.433], [-82.666, 28.434], [-82.636, 28.434], [-82.615, 28.434], [-82.602, 28.434], [-82.587, 28.434], [-82.564, 28.434], [-82.542, 28.434], [-82.513, 28.434], [-82.48, 28.434], [-82.458, 28.434], [-82.41, 28.434], [-82.373, 28.434], [-82.315, 28.435], [-82.282, 28.435], [-82.253, 28.438], [-82.253, 28.468], [-82.243, 28.479], [-82.205, 28.479], [-82.196, 28.479], [-82.175, 28.478], [-82.167, 28.478], [-82.163, 28.478], [-82.112, 28.478], [-82.063, 28.478], [-82.055, 28.478], [-82.055, 28.475], [-82.055, 28.459], [-82.055, 28.452], [-82.055, 28.449], [-82.055, 28.444], [-82.055, 28.442], [-82.055, 28.434], [-82.055, 28.427], [-82.055, 28.427], [-82.055, 28.425], [-82.055, 28.418], [-82.055, 28.417], [-82.055, 28.415], [-82.055, 28.413], [-82.055, 28.411], [-82.055, 28.41], [-82.055, 28.409], [-82.055, 28.406], [-82.055, 28.397], [-82.055, 28.375], [-82.055, 28.374], [-82.055, 28.352], [-82.056, 28.346], [-82.056, 28.333], [-82.056, 28.322], [-82.056, 28.313], [-82.056, 28.313], [-82.056, 28.312], [-82.056, 28.303], [-82.056, 28.301], [-82.056, 28.299], [-82.056, 28.296], [-82.055, 28.294], [-82.056, 28.285], [-82.055, 28.275], [-82.055, 28.267], [-82.056, 28.26], [-82.056, 28.259], [-82.064, 28.259], [-82.071, 28.259], [-82.074, 28.259], [-82.076, 28.259], [-82.076, 28.259], [-82.081, 28.259], [-82.085, 28.259], [-82.093, 28.259], [-82.099, 28.259], [-82.106, 28.259], [-82.106, 28.244], [-82.106, 28.224], [-82.106, 28.186], [-82.106, 28.178], [-82.106, 28.173], [-82.106, 28.172], [-82.158, 28.172], [-82.174, 28.172], [-82.232, 28.172]]]}, "properties": {"county_fips": "12101", "county_name": "Pasco", "state": "FL"}}, {"type": "Feature", "id": "12103", "geometry": {"type": "Polygon", "coordinates": [[[-82.687, 28.173], [-82.666, 28.173], [-82.651, 28.173], [-82.651, 28.171], [-82.65, 28.121], [-82.65, 28.118], [-82.649, 28.099], [-82.649, 28.063], [-82.648, 28.058], [-82.648, 28.055], [-82.649, 28.041], [-82.649, 28.032], [-82.649, 28.026], [-82.649, 28.018], [-82.649, 28.016], [-82.649, 27.988], [-82.613, 27.941], [-82.585, 27.925], [-82.567, 27.858], [-82.542, 27.782], [-82.58, 27.699], [-82.672, 27.645], [-82.697, 27.645], [-82.704, 27.625], [-82.736, 27.61], [-82.74, 27.631], [-82.75, 27.646], [-82.761, 27.646], [-82.813, 27.646], [-82.815, 27.655], [-82.812, 27.677], [-82.805, 27.706], [-82.807, 27.711], [-82.843, 27.756], [-82.875, 27.794], [-82.877, 27.797], [-82.879, 27.8], [-82.879, 27.801], [-82.881, 27.803], [-82.886, 27.812], [-82.89, 27.817], [-82.894, 27.824], [-82.901, 27.839], [-82.904, 27.849], [-82.906, 27.857], [-82.907, 27.859], [-82.908, 27.867], [-82.908, 27.872], [-82.909, 27.875], [-82.909, 27.883], [-82.909, 27.89], [-82.908, 27.896], [-82.907, 27.9], [-82.907, 27.901], [-82.906, 27.905], [-82.906, 27.908], [-82.905, 27.911], [-82.904, 27.916], [-82.902, 27.927], [-82.9, 27.936], [-82.9, 27.938], [-82.898, 27.944], [-82.895, 27.951], [-82.892, 27.958], [-82.888, 27.964], [-82.888, 27.966], [-82.889, 27.969], [-82.888, 27.973], [-82.887, 27.978], [-82.887, 27.978], [-82.885, 27.982], [-82.885, 27.984], [-82.885, 27.985], [-82.885, 27.988], [-82.885, 27.99], [-82.885, 27.991], [-82.884, 27.993], [-82.884, 27.994], [-82.884, 27.996], [-82.884, 28.0], [-82.886, 28.008], [-82.887, 28.011], [-82.887, 28.014], [-82.886, 28.017], [-82.886, 28.018], [-82.885, 28.019], [-82.885, 28.021], [-82.885, 28.022], [-82.885, 28.023], [-82.885, 28.025], [-82.884, 28.028], [-82.882, 28.034], [-82.88, 28.04], [-82.878, 28.043], [-82.88, 28.044], [-82.883, 28.046], [-82.887, 28.049], [-82.889, 28.053], [-82.89, 28.054], [-82.892, 28.058], [-82.895, 28.064], [-82.896, 28.069], [-82.897, 28.073], [-82.897, 28.077], [-82.897, 28.08], [-82.896, 28.081], [-82.896, 28.087], [-82.894, 28.094], [-82.894, 28.1], [-82.893, 28.104], [-82.893, 28.106], [-82.892, 28.108], [-82.893, 28.109], [-82.897, 28.113], [-82.9, 28.117], [-82.901, 28.119], [-82.902, 28.121], [-82.903, 28.124], [-82.903, 28.125], [-82.904, 28.129], [-82.905, 28.135], [-82.905, 28.141], [-82.905, 28.142], [-82.905, 28.147], [-82.904, 28.151], [-82.902, 28.156], [-82.902, 28.161], [-82.902, 28.163], [-82.902, 28.165], [-82.904, 28.169], [-82.905, 28.172], [-82.852, 28.172], [-82.829, 28.172], [-82.8, 28.172], [-82.796, 28.173], [-82.792, 28.173], [-82.791, 28.172], [-82.79, 28.172], [-82.789, 28.172], [-82.788, 28.172], [-82.787, 28.172], [-82.783, 28.173], [-82.777, 28.173], [-82.764, 28.173], [-82.758, 28.173], [-82.751, 28.173], [-82.744, 28.173], [-82.74, 28.173], [-82.73, 28.173], [-82.724, 28.173], [-82.723, 28.173], [-82.722, 28.173], [-82.72, 28.173], [-82.718, 28.173]]]}, "properties": {"county_fips": "12103", "county_name": "Pinellas", "state": "FL"}}, {"type": "Feature", "id": "12105", "geometry": {"type": "Polygon", "coordinates": [[[-82.056, 28.029], [-82.056, 28.03], [-82.056, 28.037], [-82.056, 28.041], [-82.056, 28.053], [-82.056, 28.066], [-82.056, 28.071], [-82.056, 28.088], [-82.057, 28.117], [-82.056, 28.16], [-82.106, 28.172], [-82.106, 28.173], [-82.106, 28.178], [-82.106, 28.186], [-82.106, 28.224], [-82.106, 28.244], [-82.106, 28.259], [-82.099, 28.259], [-82.093, 28.259], [-82.085, 28.259], [-82.081, 28.259], [-82.076, 28.259], [-82.076, 28.259], [-82.074, 28.259], [-82.071, 28.259], [-82.064, 28.259], [-82.056, 28.259], [-82.056, 28.26], [-82.055, 28.267], [-82.055, 28.275], [-82.056, 28.285], [-82.055, 28.294], [-82.056, 28.296], [-82.056, 28.299], [-82.056, 28.301], [-82.056, 28.303], [-82.056, 28.312], [-82.056, 28.313], [-82.056, 28.313], [-82.048, 28.316], [-82.044, 28.319], [-82.041, 28.32], [-82.039, 28.319], [-82.036, 28.32], [-82.033, 28.321], [-82.03, 28.322], [-82.027, 28.323], [-82.023, 28.323], [-82.021, 28.323], [-82.02, 28.323], [-82.017, 28.323], [-82.015, 28.323], [-82.011, 28.322], [-82.009, 28.323], [-82.007, 28.323], [-82.006, 28.323], [-82.003, 28.321], [-82.002, 28.32], [-81.998, 28.319], [-81.99, 28.31], [-81.977, 28.308], [-81.974, 28.309], [-81.969, 28.308], [-81.958, 28.338], [-81.958, 28.345], [-81.941, 28.345], [-81.918, 28.345], [-81.897, 28.345], [-81.895, 28.345], [-81.885, 28.345], [-81.878, 28.345], [-81.874, 28.345], [-81.867, 28.346], [-81.858, 28.362], [-81.837, 28.362], [-81.828, 28.362], [-81.819, 28.362], [-81.804, 28.362], [-81.791, 28.362], [-81.786, 28.346], [-81.779, 28.346], [-81.772, 28.346], [-81.721, 28.346], [-81.679, 28.347], [-81.675, 28.347], [-81.674, 28.347], [-81.671, 28.347], [-81.666, 28.347], [-81.665, 28.347], [-81.661, 28.347], [-81.657, 28.347], [-81.657, 28.347], [-81.657, 28.347], [-81.524, 28.143], [-81.347, 28.075], [-81.366, 28.063], [-81.369, 28.034], [-81.384, 28.015], [-81.417, 28.037], [-81.442, 28.059], [-81.46, 28.05], [-81.438, 28.032], [-81.416, 27.998], [-81.383, 27.997], [-81.349, 27.955], [-81.341, 27.932], [-81.314, 27.905], [-81.292, 27.858], [-81.243, 27.846], [-81.209, 27.818], [-81.181, 27.77], [-81.179, 27.752], [-81.165, 27.737], [-81.166, 27.724], [-81.147, 27.709], [-81.147, 27.69], [-81.141, 27.668], [-81.142, 27.643], [-81.142, 27.643], [-81.142, 27.643], [-81.17, 27.644], [-81.177, 27.644], [-81.191, 27.644], [-81.195, 27.644], [-81.211, 27.644], [-81.225, 27.645], [-81.274, 27.646], [-81.319, 27.646], [-81.338, 27.646], [-81.342, 27.646], [-81.353, 27.646], [-81.375, 27.647], [-81.42, 27.647], [-81.478, 27.647], [-81.485, 27.647], [-81.489, 27.647], [-81.5, 27.646], [-81.512, 27.646], [-81.521, 27.646], [-81.531, 27.647], [-81.532, 27.647], [-81.544, 27.647], [-81.55, 27.647], [-81.555, 27.647], [-81.563, 27.647], [-81.563, 27.647], [-81.567, 27.647], [-81.617, 27.646], [-81.626, 27.646], [-81.651, 27.646], [-81.687, 27.646], [-81.709, 27.646], [-81.749, 27.646], [-81.767, 27.646], [-81.793, 27.646], [-81.819, 27.646], [-81.824, 27.646], [-81.829, 27.646], [-81.835, 27.646], [-81.859, 27.646], [-81.879, 27.646], [-81.88, 27.646], [-81.885, 27.646], [-81.909, 27.646], [-81.949, 27.646], [-81.971, 27.646], [-81.984, 27.646], [-81.988, 27.647], [-82.005, 27.646], [-82.01, 27.646], [-82.015, 27.646], [-82.054, 27.646], [-82.054, 27.646], [-82.054, 27.653], [-82.054, 27.659], [-82.055, 27.676], [-82.055, 27.727], [-82.055, 27.774], [-82.055, 27.785], [-82.054, 27.814], [-82.054, 27.855], [-82.055, 27.874], [-82.055, 27.927], [-82.055, 27.942], [-82.056, 27.966], [-82.056, 27.981], [-82.056, 27.992], [-82.056, 28.004], [-82.056, 28.018]]]}, "properties": {"county_fips": "12105", "county_name": "Polk", "state": "FL"}}, {"type": "Feature", "id": "12107", "geometry": {"type": "Polygon", "coordinates": [[[-81.843, 29.513], [-81.857, 29.517], [-81.864, 29.515], [-81.876, 29.513], [-81.897, 29.514], [-81.908, 29.507], [-81.919, 29.512], [-81.931, 29.516], [-81.939, 29.513], [-81.945, 29.512], [-81.951, 29.508], [-81.959, 29.506], [-81.972, 29.504], [-81.987, 29.502], [-81.999, 29.502], [-82.02, 29.496], [-82.044, 29.478], [-82.056, 29.471], [-82.056, 29.471], [-82.056, 29.492], [-82.056, 29.502], [-82.056, 29.516], [-82.056, 29.523], [-82.056, 29.526], [-82.056, 29.53], [-82.056, 29.547], [-82.056, 29.557], [-82.056, 29.563], [-82.055, 29.566], [-82.055, 29.567], [-82.055, 29.574], [-82.055, 29.594], [-82.055, 29.608], [-82.056, 29.625], [-82.056, 29.642], [-82.056, 29.658], [-82.055, 29.671], [-82.05, 29.71], [-82.049, 29.713], [-82.049, 29.713], [-82.05, 29.714], [-82.051, 29.716], [-82.053, 29.717], [-82.055, 29.718], [-82.056, 29.718], [-82.054, 29.718], [-82.051, 29.719], [-82.049, 29.719], [-82.048, 29.719], [-82.022, 29.728], [-82.013, 29.734], [-81.997, 29.742], [-81.981, 29.746], [-81.968, 29.747], [-81.957, 29.747], [-81.942, 29.747], [-81.933, 29.754], [-81.928, 29.763], [-81.925, 29.777], [-81.91, 29.793], [-81.897, 29.795], [-81.884, 29.799], [-81.878, 29.8], [-81.864, 29.801], [-81.857, 29.804], [-81.849, 29.809], [-81.836, 29.817], [-81.82, 29.829], [-81.799, 29.837], [-81.757, 29.837], [-81.729, 29.837], [-81.676, 29.839], [-81.639, 29.839], [-81.586, 29.84], [-81.581, 29.84], [-81.581, 29.84], [-81.573, 29.818], [-81.569, 29.808], [-81.565, 29.8], [-81.562, 29.796], [-81.555, 29.789], [-81.548, 29.783], [-81.544, 29.779], [-81.542, 29.774], [-81.542, 29.771], [-81.539, 29.768], [-81.531, 29.763], [-81.528, 29.761], [-81.525, 29.759], [-81.525, 29.749], [-81.525, 29.744], [-81.525, 29.732], [-81.525, 29.715], [-81.525, 29.705], [-81.525, 29.697], [-81.524, 29.667], [-81.524, 29.658], [-81.524, 29.647], [-81.524, 29.632], [-81.524, 29.628], [-81.524, 29.623], [-81.524, 29.622], [-81.523, 29.593], [-81.523, 29.574], [-81.522, 29.55], [-81.522, 29.549], [-81.521, 29.52], [-81.521, 29.498], [-81.515, 29.486], [-81.51, 29.48], [-81.501, 29.469], [-81.498, 29.464], [-81.492, 29.455], [-81.487, 29.445], [-81.486, 29.441], [-81.486, 29.435], [-81.486, 29.429], [-81.485, 29.422], [-81.481, 29.417], [-81.48, 29.409], [-81.48, 29.402], [-81.476, 29.396], [-81.472, 29.394], [-81.464, 29.391], [-81.453, 29.39], [-81.445, 29.393], [-81.438, 29.398], [-81.434, 29.399], [-81.434, 29.399], [-81.434, 29.398], [-81.434, 29.397], [-81.436, 29.395], [-81.439, 29.392], [-81.44, 29.39], [-81.441, 29.388], [-81.441, 29.386], [-81.44, 29.385], [-81.442, 29.385], [-81.443, 29.384], [-81.444, 29.383], [-81.445, 29.381], [-81.446, 29.381], [-81.446, 29.38], [-81.448, 29.38], [-81.451, 29.379], [-81.454, 29.378], [-81.461, 29.376], [-81.5, 29.367], [-81.51, 29.364], [-81.515, 29.363], [-81.524, 29.361], [-81.549, 29.354], [-81.582, 29.347], [-81.646, 29.332], [-81.681, 29.324], [-81.681, 29.324], [-81.674, 29.339], [-81.658, 29.337], [-81.662, 29.359], [-81.725, 29.371], [-81.741, 29.403], [-81.775, 29.437], [-81.785, 29.487], [-81.829, 29.486], [-81.843, 29.512]]]}, "properties": {"county_fips": "12107", "county_name": "Putnam", "state": "FL"}}, {"type": "Feature", "id": "12109", "geometry": {"type": "Polygon", "coordinates": [[[-81.525, 29.705], [-81.525, 29.715], [-81.525, 29.732], [-81.525, 29.744], [-81.525, 29.749], [-81.525, 29.759], [-81.528, 29.761], [-81.531, 29.763], [-81.539, 29.768], [-81.542, 29.771], [-81.542, 29.774], [-81.544, 29.779], [-81.548, 29.783], [-81.555, 29.789], [-81.562, 29.796], [-81.565, 29.8], [-81.569, 29.808], [-81.573, 29.818], [-81.581, 29.84], [-81.581, 29.84], [-81.582, 29.841], [-81.596, 29.869], [-81.601, 29.88], [-81.602, 29.885], [-81.604, 29.893], [-81.606, 29.898], [-81.607, 29.905], [-81.608, 29.912], [-81.608, 29.918], [-81.605, 29.925], [-81.601, 29.933], [-81.599, 29.939], [-81.6, 29.952], [-81.605, 29.963], [-81.608, 29.968], [-81.612, 29.972], [-81.62, 29.978], [-81.625, 29.982], [-81.635, 29.987], [-81.658, 30.0], [-81.681, 30.015], [-81.69, 30.037], [-81.689, 30.063], [-81.684, 30.074], [-81.682, 30.104], [-81.68, 30.121], [-81.68, 30.121], [-81.676, 30.121], [-81.667, 30.121], [-81.624, 30.134], [-81.61, 30.133], [-81.578, 30.123], [-81.574, 30.12], [-81.571, 30.12], [-81.567, 30.118], [-81.562, 30.117], [-81.558, 30.117], [-81.546, 30.119], [-81.515, 30.104], [-81.494, 30.104], [-81.473, 30.105], [-81.434, 30.105], [-81.435, 30.179], [-81.436, 30.229], [-81.437, 30.238], [-81.43, 30.252], [-81.42, 30.252], [-81.417, 30.252], [-81.412, 30.253], [-81.41, 30.253], [-81.404, 30.253], [-81.396, 30.253], [-81.32, 30.253], [-81.319, 30.246], [-81.316, 30.236], [-81.3, 30.181], [-81.285, 30.125], [-81.263, 30.032], [-81.255, 30.0], [-81.25, 29.983], [-81.246, 29.972], [-81.242, 29.962], [-81.239, 29.956], [-81.237, 29.948], [-81.235, 29.942], [-81.233, 29.937], [-81.227, 29.929], [-81.226, 29.928], [-81.224, 29.922], [-81.221, 29.912], [-81.218, 29.901], [-81.215, 29.891], [-81.212, 29.884], [-81.209, 29.876], [-81.209, 29.875], [-81.209, 29.874], [-81.208, 29.868], [-81.208, 29.863], [-81.207, 29.856], [-81.206, 29.848], [-81.206, 29.838], [-81.206, 29.835], [-81.205, 29.822], [-81.204, 29.82], [-81.202, 29.815], [-81.2, 29.812], [-81.199, 29.803], [-81.199, 29.801], [-81.195, 29.787], [-81.194, 29.784], [-81.193, 29.778], [-81.189, 29.768], [-81.186, 29.76], [-81.183, 29.753], [-81.181, 29.75], [-81.176, 29.739], [-81.176, 29.739], [-81.175, 29.738], [-81.173, 29.735], [-81.171, 29.731], [-81.17, 29.729], [-81.169, 29.726], [-81.167, 29.723], [-81.166, 29.72], [-81.166, 29.717], [-81.165, 29.717], [-81.165, 29.714], [-81.164, 29.712], [-81.164, 29.71], [-81.164, 29.707], [-81.163, 29.705], [-81.162, 29.703], [-81.162, 29.7], [-81.16, 29.696], [-81.159, 29.693], [-81.157, 29.689], [-81.156, 29.685], [-81.154, 29.68], [-81.153, 29.677], [-81.152, 29.673], [-81.151, 29.671], [-81.22, 29.671], [-81.231, 29.664], [-81.247, 29.659], [-81.254, 29.662], [-81.258, 29.668], [-81.265, 29.665], [-81.269, 29.661], [-81.272, 29.657], [-81.275, 29.653], [-81.284, 29.651], [-81.288, 29.651], [-81.291, 29.65], [-81.294, 29.65], [-81.296, 29.651], [-81.301, 29.651], [-81.304, 29.647], [-81.305, 29.644], [-81.311, 29.643], [-81.317, 29.649], [-81.324, 29.653], [-81.362, 29.625], [-81.434, 29.624], [-81.457, 29.623], [-81.478, 29.623], [-81.52, 29.623], [-81.524, 29.622], [-81.524, 29.623], [-81.524, 29.628], [-81.524, 29.632], [-81.524, 29.647], [-81.524, 29.658], [-81.524, 29.667], [-81.525, 29.697]]]}, "properties": {"county_fips": "12109", "county_name": "St. Johns", "state": "FL"}}, {"type": "Feature", "id": "12111", "geometry": {"type": "Polygon", "coordinates": [[[-80.285, 27.243], [-80.285, 27.232], [-80.285, 27.211], [-80.309, 27.206], [-80.345, 27.206], [-80.378, 27.206], [-80.384, 27.206], [-80.393, 27.206], [-80.4, 27.206], [-80.404, 27.206], [-80.439, 27.206], [-80.48, 27.206], [-80.5, 27.206], [-80.512, 27.206], [-80.524, 27.206], [-80.538, 27.206], [-80.573, 27.206], [-80.62, 27.206], [-80.678, 27.206], [-80.678, 27.207], [-80.678, 27.245], [-80.678, 27.261], [-80.678, 27.303], [-80.678, 27.347], [-80.678, 27.373], [-80.678, 27.383], [-80.678, 27.389], [-80.678, 27.391], [-80.678, 27.395], [-80.679, 27.425], [-80.679, 27.434], [-80.679, 27.437], [-80.679, 27.44], [-80.679, 27.443], [-80.679, 27.447], [-80.679, 27.449], [-80.679, 27.457], [-80.679, 27.483], [-80.679, 27.491], [-80.68, 27.499], [-80.68, 27.515], [-80.68, 27.522], [-80.68, 27.531], [-80.68, 27.543], [-80.68, 27.558], [-80.68, 27.558], [-80.68, 27.558], [-80.665, 27.558], [-80.658, 27.558], [-80.647, 27.558], [-80.616, 27.559], [-80.562, 27.558], [-80.528, 27.558], [-80.517, 27.559], [-80.503, 27.558], [-80.478, 27.558], [-80.47, 27.558], [-80.459, 27.558], [-80.448, 27.558], [-80.437, 27.558], [-80.429, 27.558], [-80.419, 27.557], [-80.4, 27.558], [-80.379, 27.558], [-80.37, 27.557], [-80.368, 27.557], [-80.359, 27.557], [-80.35, 27.557], [-80.337, 27.557], [-80.332, 27.56], [-80.328, 27.557], [-80.264, 27.557], [-80.261, 27.549], [-80.261, 27.549], [-80.256, 27.538], [-80.252, 27.527], [-80.252, 27.527], [-80.25, 27.521], [-80.25, 27.52], [-80.25, 27.52], [-80.25, 27.52], [-80.25, 27.519], [-80.25, 27.519], [-80.246, 27.513], [-80.246, 27.513], [-80.246, 27.512], [-80.246, 27.51], [-80.243, 27.508], [-80.24, 27.505], [-80.237, 27.501], [-80.237, 27.5], [-80.233, 27.495], [-80.232, 27.491], [-80.229, 27.486], [-80.229, 27.483], [-80.228, 27.478], [-80.228, 27.473], [-80.228, 27.463], [-80.228, 27.463], [-80.222, 27.447], [-80.22, 27.441], [-80.218, 27.437], [-80.215, 27.43], [-80.213, 27.425], [-80.206, 27.41], [-80.203, 27.403], [-80.2, 27.398], [-80.192, 27.381], [-80.189, 27.375], [-80.189, 27.375], [-80.189, 27.375], [-80.179, 27.353], [-80.169, 27.331], [-80.148, 27.285], [-80.2, 27.263], [-80.21, 27.263], [-80.237, 27.263], [-80.24, 27.263], [-80.257, 27.263], [-80.284, 27.264], [-80.285, 27.256], [-80.285, 27.244]]]}, "properties": {"county_fips": "12111", "county_name": "St. Lucie", "state": "FL"}}, {"type": "Feature", "id": "12115", "geometry": {"type": "Polygon", "coordinates": [[[-82.071, 27.032], [-82.071, 27.032], [-82.082, 27.032], [-82.091, 27.032], [-82.108, 27.033], [-82.126, 27.033], [-82.137, 27.033], [-82.146, 27.033], [-82.159, 27.033], [-82.183, 27.033], [-82.205, 27.033], [-82.219, 27.033], [-82.234, 27.033], [-82.25, 27.033], [-82.254, 27.033], [-82.255, 27.004], [-82.255, 26.98], [-82.256, 26.945], [-82.281, 26.945], [-82.315, 26.946], [-82.32, 26.946], [-82.324, 26.946], [-82.338, 26.946], [-82.347, 26.946], [-82.355, 26.946], [-82.437, 26.946], [-82.459, 26.98], [-82.461, 26.984], [-82.464, 26.989], [-82.466, 26.994], [-82.468, 26.998], [-82.469, 27.0], [-82.473, 27.005], [-82.478, 27.012], [-82.486, 27.022], [-82.491, 27.032], [-82.491, 27.032], [-82.492, 27.032], [-82.497, 27.039], [-82.5, 27.044], [-82.5, 27.044], [-82.503, 27.05], [-82.505, 27.056], [-82.506, 27.061], [-82.507, 27.063], [-82.509, 27.069], [-82.511, 27.076], [-82.511, 27.076], [-82.513, 27.08], [-82.516, 27.085], [-82.519, 27.091], [-82.523, 27.096], [-82.524, 27.099], [-82.524, 27.1], [-82.525, 27.106], [-82.526, 27.112], [-82.528, 27.119], [-82.53, 27.125], [-82.534, 27.137], [-82.544, 27.152], [-82.55, 27.165], [-82.555, 27.179], [-82.556, 27.18], [-82.558, 27.194], [-82.565, 27.206], [-82.566, 27.207], [-82.571, 27.213], [-82.581, 27.222], [-82.595, 27.231], [-82.599, 27.233], [-82.606, 27.238], [-82.616, 27.249], [-82.623, 27.261], [-82.624, 27.266], [-82.625, 27.273], [-82.625, 27.274], [-82.628, 27.285], [-82.632, 27.295], [-82.638, 27.304], [-82.65, 27.315], [-82.663, 27.328], [-82.675, 27.341], [-82.678, 27.344], [-82.678, 27.344], [-82.685, 27.354], [-82.686, 27.356], [-82.687, 27.357], [-82.696, 27.37], [-82.701, 27.38], [-82.705, 27.39], [-82.565, 27.389], [-82.548, 27.389], [-82.537, 27.388], [-82.529, 27.389], [-82.502, 27.388], [-82.474, 27.388], [-82.447, 27.389], [-82.433, 27.386], [-82.398, 27.386], [-82.28, 27.386], [-82.252, 27.375], [-82.253, 27.3], [-82.253, 27.24], [-82.12, 27.208], [-82.12, 27.208], [-82.119, 27.208], [-82.119, 27.208], [-82.118, 27.208], [-82.117, 27.208], [-82.117, 27.208], [-82.116, 27.208], [-82.116, 27.208], [-82.115, 27.208], [-82.115, 27.208], [-82.073, 27.208], [-82.056, 27.208], [-82.057, 27.205], [-82.057, 27.178], [-82.057, 27.158], [-82.057, 27.149], [-82.058, 27.135], [-82.058, 27.134], [-82.058, 27.126], [-82.058, 27.123], [-82.057, 27.12], [-82.057, 27.119], [-82.057, 27.117], [-82.057, 27.114], [-82.057, 27.107], [-82.057, 27.099], [-82.058, 27.076], [-82.058, 27.066], [-82.058, 27.061], [-82.058, 27.056], [-82.058, 27.055], [-82.058, 27.054], [-82.058, 27.053], [-82.058, 27.051], [-82.058, 27.045], [-82.058, 27.043], [-82.057, 27.037], [-82.057, 27.034], [-82.057, 27.032], [-82.06, 27.032]]]}, "properties": {"county_fips": "12115", "county_name": "Sarasota", "state": "FL"}}, {"type": "Feature", "id": "12117", "geometry": {"type": "Polygon", "coordinates": [[[-81.424, 28.64], [-81.46, 28.644], [-81.46, 28.671], [-81.459, 28.684], [-81.458, 28.714], [-81.447, 28.714], [-81.436, 28.722], [-81.422, 28.745], [-81.415, 28.778], [-81.414, 28.785], [-81.414, 28.785], [-81.415, 28.786], [-81.414, 28.79], [-81.415, 28.798], [-81.42, 28.815], [-81.418, 28.822], [-81.409, 28.833], [-81.406, 28.835], [-81.403, 28.837], [-81.399, 28.841], [-81.396, 28.842], [-81.393, 28.845], [-81.392, 28.847], [-81.388, 28.85], [-81.385, 28.85], [-81.382, 28.853], [-81.379, 28.859], [-81.376, 28.862], [-81.375, 28.863], [-81.376, 28.866], [-81.376, 28.866], [-81.374, 28.869], [-81.373, 28.869], [-81.371, 28.87], [-81.366, 28.874], [-81.367, 28.879], [-81.367, 28.879], [-81.367, 28.879], [-81.365, 28.866], [-81.356, 28.853], [-81.327, 28.838], [-81.289, 28.834], [-81.225, 28.831], [-81.217, 28.81], [-81.21, 28.802], [-81.192, 28.795], [-81.18, 28.787], [-81.171, 28.786], [-81.149, 28.792], [-81.14, 28.796], [-81.131, 28.807], [-81.124, 28.822], [-81.106, 28.829], [-81.094, 28.825], [-81.079, 28.817], [-81.067, 28.813], [-81.057, 28.791], [-81.036, 28.723], [-81.028, 28.705], [-81.021, 28.685], [-81.004, 28.649], [-80.997, 28.625], [-80.989, 28.613], [-80.987, 28.613], [-81.026, 28.613], [-81.115, 28.613], [-81.204, 28.612], [-81.235, 28.612], [-81.262, 28.612], [-81.278, 28.611], [-81.284, 28.611], [-81.302, 28.611], [-81.323, 28.61], [-81.328, 28.622], [-81.328, 28.633], [-81.348, 28.639], [-81.361, 28.639], [-81.37, 28.64], [-81.386, 28.64], [-81.393, 28.64], [-81.424, 28.64]]]}, "properties": {"county_fips": "12117", "county_name": "Seminole", "state": "FL"}}, {"type": "Feature", "id": "12119", "geometry": {"type": "Polygon", "coordinates": [[[-81.954, 28.92], [-81.954, 28.906], [-81.953, 28.887], [-81.954, 28.839], [-81.954, 28.824], [-81.954, 28.819], [-81.954, 28.785], [-81.954, 28.766], [-81.954, 28.748], [-81.955, 28.74], [-81.954, 28.717], [-81.954, 28.703], [-81.954, 28.682], [-81.954, 28.668], [-81.955, 28.632], [-81.955, 28.62], [-81.954, 28.599], [-81.954, 28.587], [-81.954, 28.572], [-81.955, 28.524], [-81.956, 28.444], [-81.956, 28.413], [-81.958, 28.345], [-81.958, 28.338], [-81.969, 28.308], [-81.974, 28.309], [-81.977, 28.308], [-81.99, 28.31], [-81.998, 28.319], [-82.002, 28.32], [-82.003, 28.321], [-82.006, 28.323], [-82.007, 28.323], [-82.009, 28.323], [-82.011, 28.322], [-82.015, 28.323], [-82.017, 28.323], [-82.02, 28.323], [-82.021, 28.323], [-82.023, 28.323], [-82.027, 28.323], [-82.03, 28.322], [-82.033, 28.321], [-82.036, 28.32], [-82.039, 28.319], [-82.041, 28.32], [-82.044, 28.319], [-82.048, 28.316], [-82.056, 28.313], [-82.056, 28.313], [-82.056, 28.313], [-82.056, 28.322], [-82.056, 28.333], [-82.056, 28.346], [-82.055, 28.352], [-82.055, 28.374], [-82.055, 28.375], [-82.055, 28.397], [-82.055, 28.406], [-82.055, 28.409], [-82.055, 28.41], [-82.055, 28.411], [-82.055, 28.413], [-82.055, 28.415], [-82.055, 28.417], [-82.055, 28.418], [-82.055, 28.425], [-82.055, 28.427], [-82.055, 28.427], [-82.055, 28.434], [-82.055, 28.442], [-82.055, 28.444], [-82.055, 28.449], [-82.055, 28.452], [-82.055, 28.459], [-82.055, 28.475], [-82.055, 28.478], [-82.055, 28.478], [-82.067, 28.531], [-82.086, 28.527], [-82.105, 28.536], [-82.116, 28.542], [-82.132, 28.549], [-82.137, 28.562], [-82.147, 28.569], [-82.157, 28.573], [-82.163, 28.567], [-82.167, 28.564], [-82.172, 28.566], [-82.176, 28.568], [-82.18, 28.569], [-82.185, 28.57], [-82.188, 28.573], [-82.193, 28.574], [-82.198, 28.574], [-82.219, 28.582], [-82.227, 28.599], [-82.234, 28.609], [-82.247, 28.621], [-82.252, 28.629], [-82.257, 28.649], [-82.275, 28.657], [-82.265, 28.666], [-82.263, 28.668], [-82.262, 28.668], [-82.257, 28.687], [-82.25, 28.7], [-82.25, 28.708], [-82.245, 28.72], [-82.233, 28.73], [-82.215, 28.748], [-82.205, 28.757], [-82.192, 28.759], [-82.184, 28.77], [-82.185, 28.782], [-82.178, 28.787], [-82.171, 28.79], [-82.178, 28.802], [-82.182, 28.815], [-82.189, 28.827], [-82.208, 28.841], [-82.223, 28.853], [-82.236, 28.863], [-82.24, 28.872], [-82.259, 28.887], [-82.276, 28.903], [-82.282, 28.918], [-82.293, 28.937], [-82.302, 28.952], [-82.312, 28.96], [-82.312, 28.96], [-82.312, 28.96], [-82.309, 28.96], [-82.307, 28.96], [-82.29, 28.96], [-82.283, 28.96], [-82.267, 28.96], [-82.229, 28.96], [-82.22, 28.96], [-82.208, 28.96], [-82.187, 28.96], [-82.183, 28.96], [-82.177, 28.96], [-82.154, 28.96], [-82.125, 28.96], [-82.116, 28.96], [-82.101, 28.96], [-82.093, 28.96], [-82.08, 28.96], [-82.073, 28.96], [-82.054, 28.96], [-82.037, 28.96], [-82.032, 28.96], [-82.029, 28.96], [-82.014, 28.96], [-81.984, 28.96], [-81.956, 28.96], [-81.954, 28.96], [-81.954, 28.959], [-81.954, 28.941], [-81.954, 28.93], [-81.954, 28.92]]]}, "properties": {"county_fips": "12119", "county_name": "Sumter", "state": "FL"}}, {"type": "Feature", "id": "12121", "geometry": {"type": "Polygon", "coordinates": [[[-82.795, 30.241], [-82.795, 30.204], [-82.795, 30.148], [-82.795, 30.136], [-82.795, 30.123], [-82.795, 30.103], [-82.794, 30.067], [-82.794, 30.05], [-82.794, 30.036], [-82.794, 29.989], [-82.783, 29.986], [-82.769, 29.987], [-82.763, 29.986], [-82.759, 29.977], [-82.76, 29.97], [-82.767, 29.963], [-82.775, 29.959], [-82.783, 29.955], [-82.787, 29.952], [-82.792, 29.944], [-82.798, 29.936], [-82.8, 29.932], [-82.801, 29.932], [-82.804, 29.931], [-82.81, 29.933], [-82.811, 29.931], [-82.814, 29.93], [-82.819, 29.925], [-82.824, 29.922], [-82.827, 29.918], [-82.831, 29.914], [-82.834, 29.914], [-82.839, 29.914], [-82.841, 29.912], [-82.846, 29.913], [-82.855, 29.913], [-82.86, 29.912], [-82.863, 29.911], [-82.864, 29.908], [-82.866, 29.904], [-82.867, 29.902], [-82.868, 29.898], [-82.873, 29.897], [-82.874, 29.894], [-82.875, 29.891], [-82.876, 29.89], [-82.879, 29.888], [-82.88, 29.887], [-82.88, 29.887], [-82.88, 29.887], [-82.885, 29.892], [-82.916, 29.901], [-82.924, 29.937], [-82.957, 29.969], [-82.99, 30.007], [-83.008, 30.023], [-83.031, 30.045], [-83.062, 30.063], [-83.087, 30.083], [-83.116, 30.104], [-83.134, 30.097], [-83.145, 30.104], [-83.161, 30.11], [-83.168, 30.101], [-83.182, 30.095], [-83.198, 30.106], [-83.216, 30.105], [-83.226, 30.117], [-83.225, 30.134], [-83.235, 30.157], [-83.246, 30.178], [-83.25, 30.196], [-83.24, 30.227], [-83.243, 30.247], [-83.248, 30.261], [-83.247, 30.261], [-83.247, 30.261], [-83.238, 30.261], [-83.238, 30.264], [-83.24, 30.267], [-83.239, 30.27], [-83.232, 30.283], [-83.233, 30.29], [-83.228, 30.299], [-83.222, 30.303], [-83.213, 30.307], [-83.21, 30.314], [-83.214, 30.322], [-83.208, 30.33], [-83.211, 30.337], [-83.212, 30.346], [-83.204, 30.351], [-83.198, 30.348], [-83.191, 30.354], [-83.194, 30.358], [-83.192, 30.363], [-83.193, 30.369], [-83.192, 30.375], [-83.189, 30.378], [-83.182, 30.381], [-83.176, 30.384], [-83.171, 30.385], [-83.171, 30.385], [-83.152, 30.417], [-83.091, 30.437], [-83.078, 30.436], [-83.068, 30.425], [-83.06, 30.43], [-83.046, 30.43], [-83.031, 30.429], [-83.008, 30.423], [-83.002, 30.431], [-82.983, 30.419], [-82.969, 30.417], [-82.956, 30.411], [-82.948, 30.401], [-82.948, 30.401], [-82.933, 30.395], [-82.915, 30.384], [-82.903, 30.384], [-82.889, 30.385], [-82.887, 30.368], [-82.874, 30.366], [-82.862, 30.357], [-82.852, 30.357], [-82.842, 30.342], [-82.827, 30.346], [-82.816, 30.342], [-82.804, 30.345], [-82.795, 30.337], [-82.795, 30.323], [-82.795, 30.313], [-82.795, 30.285], [-82.795, 30.271], [-82.795, 30.241]]]}, "properties": {"county_fips": "12121", "county_name": "Suwannee", "state": "FL"}}, {"type": "Feature", "id": "12123", "geometry": {"type": "Polygon", "coordinates": [[[-83.319, 29.783], [-83.319, 29.783], [-83.322, 29.778], [-83.324, 29.775], [-83.327, 29.773], [-83.326, 29.771], [-83.328, 29.767], [-83.333, 29.762], [-83.339, 29.756], [-83.342, 29.75], [-83.345, 29.743], [-83.348, 29.732], [-83.347, 29.724], [-83.347, 29.718], [-83.351, 29.703], [-83.351, 29.696], [-83.354, 29.69], [-83.359, 29.683], [-83.362, 29.678], [-83.364, 29.671], [-83.366, 29.666], [-83.377, 29.668], [-83.39, 29.671], [-83.402, 29.672], [-83.416, 29.665], [-83.485, 29.629], [-83.494, 29.629], [-83.5, 29.631], [-83.513, 29.635], [-83.529, 29.645], [-83.544, 29.671], [-83.567, 29.68], [-83.58, 29.686], [-83.609, 29.698], [-83.624, 29.72], [-83.625, 29.723], [-83.628, 29.725], [-83.634, 29.732], [-83.639, 29.741], [-83.641, 29.747], [-83.641, 29.749], [-83.642, 29.75], [-83.642, 29.756], [-83.643, 29.763], [-83.646, 29.772], [-83.646, 29.778], [-83.646, 29.789], [-83.648, 29.792], [-83.647, 29.797], [-83.649, 29.798], [-83.666, 29.812], [-83.675, 29.83], [-83.687, 29.841], [-83.693, 29.851], [-83.697, 29.858], [-83.697, 29.859], [-83.702, 29.861], [-83.71, 29.866], [-83.716, 29.873], [-83.719, 29.876], [-83.725, 29.878], [-83.727, 29.88], [-83.732, 29.882], [-83.745, 29.893], [-83.748, 29.894], [-83.751, 29.895], [-83.756, 29.897], [-83.759, 29.898], [-83.76, 29.898], [-83.764, 29.898], [-83.768, 29.898], [-83.776, 29.898], [-83.787, 29.899], [-83.794, 29.9], [-83.801, 29.902], [-83.809, 29.904], [-83.81, 29.905], [-83.815, 29.907], [-83.82, 29.91], [-83.823, 29.912], [-83.824, 29.912], [-83.825, 29.913], [-83.828, 29.915], [-83.831, 29.917], [-83.832, 29.918], [-83.834, 29.919], [-83.834, 29.92], [-83.835, 29.921], [-83.836, 29.921], [-83.837, 29.921], [-83.842, 29.922], [-83.843, 29.922], [-83.848, 29.923], [-83.853, 29.926], [-83.859, 29.928], [-83.863, 29.93], [-83.867, 29.933], [-83.868, 29.934], [-83.871, 29.936], [-83.875, 29.941], [-83.878, 29.946], [-83.884, 29.956], [-83.891, 29.956], [-83.896, 29.956], [-83.913, 29.959], [-83.924, 29.964], [-83.936, 29.974], [-83.944, 29.985], [-83.946, 29.989], [-83.948, 29.99], [-83.958, 29.993], [-83.965, 29.997], [-83.969, 30.0], [-83.97, 30.0], [-83.97, 30.0], [-83.972, 30.002], [-83.974, 30.005], [-83.974, 30.005], [-83.975, 30.007], [-83.979, 30.007], [-83.984, 30.008], [-83.991, 30.009], [-83.993, 30.01], [-83.997, 30.011], [-83.999, 30.012], [-84.0, 30.012], [-84.0, 30.012], [-83.98, 30.115], [-83.974, 30.128], [-83.972, 30.139], [-83.965, 30.15], [-83.958, 30.172], [-83.951, 30.183], [-83.93, 30.189], [-83.924, 30.207], [-83.918, 30.216], [-83.917, 30.224], [-83.92, 30.23], [-83.916, 30.24], [-83.911, 30.247], [-83.905, 30.248], [-83.898, 30.251], [-83.893, 30.259], [-83.885, 30.265], [-83.877, 30.269], [-83.865, 30.271], [-83.855, 30.274], [-83.845, 30.278], [-83.837, 30.282], [-83.831, 30.287], [-83.828, 30.294], [-83.82, 30.304], [-83.82, 30.304], [-83.82, 30.304], [-83.805, 30.303], [-83.783, 30.304], [-83.77, 30.304], [-83.749, 30.304], [-83.742, 30.304], [-83.719, 30.304], [-83.71, 30.304], [-83.699, 30.304], [-83.667, 30.304], [-83.637, 30.304], [-83.625, 30.304], [-83.607, 30.304], [-83.56, 30.304], [-83.532, 30.304], [-83.52, 30.304], [-83.498, 30.304], [-83.469, 30.291], [-83.469, 30.267], [-83.457, 30.26], [-83.448, 30.26], [-83.438, 30.26], [-83.43, 30.261], [-83.414, 30.261], [-83.386, 30.261], [-83.367, 30.26], [-83.367, 30.26], [-83.367, 30.26], [-83.367, 30.252], [-83.367, 30.249], [-83.367, 30.244], [-83.367, 30.241], [-83.367, 30.213], [-83.367, 30.204], [-83.368, 30.197], [-83.368, 30.191], [-83.369, 30.173], [-83.369, 30.153], [-83.369, 30.139], [-83.368, 30.13], [-83.369, 30.11], [-83.369, 30.086], [-83.369, 30.058], [-83.37, 30.031], [-83.37, 30.0], [-83.37, 29.97], [-83.37, 29.942], [-83.371, 29.902], [-83.371, 29.893], [-83.353, 29.874], [-83.353, 29.857], [-83.353, 29.824], [-83.319, 29.823], [-83.319, 29.823], [-83.319, 29.804]]]}, "properties": {"county_fips": "12123", "county_name": "Taylor", "state": "FL"}}, {"type": "Feature", "id": "12125", "geometry": {"type": "Polygon", "coordinates": [[[-82.462, 29.931], [-82.468, 29.928], [-82.47, 29.926], [-82.476, 29.932], [-82.477, 29.935], [-82.481, 29.936], [-82.484, 29.938], [-82.488, 29.94], [-82.493, 29.94], [-82.498, 29.939], [-82.501, 29.942], [-82.505, 29.943], [-82.511, 29.945], [-82.515, 29.944], [-82.521, 29.943], [-82.523, 29.945], [-82.526, 29.944], [-82.529, 29.941], [-82.53, 29.941], [-82.53, 29.941], [-82.53, 29.952], [-82.541, 29.963], [-82.554, 29.963], [-82.562, 29.971], [-82.564, 29.973], [-82.57, 29.978], [-82.574, 29.986], [-82.575, 29.992], [-82.572, 29.999], [-82.573, 30.007], [-82.569, 30.013], [-82.554, 30.018], [-82.541, 30.024], [-82.535, 30.032], [-82.538, 30.04], [-82.537, 30.048], [-82.536, 30.054], [-82.532, 30.061], [-82.525, 30.069], [-82.517, 30.078], [-82.506, 30.083], [-82.497, 30.089], [-82.477, 30.095], [-82.459, 30.102], [-82.458, 30.136], [-82.458, 30.136], [-82.447, 30.138], [-82.438, 30.138], [-82.416, 30.138], [-82.408, 30.139], [-82.405, 30.139], [-82.4, 30.139], [-82.392, 30.139], [-82.391, 30.139], [-82.381, 30.139], [-82.372, 30.139], [-82.363, 30.139], [-82.355, 30.141], [-82.354, 30.141], [-82.351, 30.141], [-82.324, 30.141], [-82.319, 30.141], [-82.313, 30.141], [-82.312, 30.141], [-82.311, 30.141], [-82.302, 30.142], [-82.29, 30.142], [-82.267, 30.142], [-82.216, 30.143], [-82.187, 30.143], [-82.185, 30.143], [-82.143, 30.143], [-82.143, 30.143], [-82.143, 30.143], [-82.142, 30.118], [-82.165, 30.101], [-82.181, 30.07], [-82.214, 30.044], [-82.23, 30.033], [-82.242, 30.029], [-82.256, 30.028], [-82.266, 30.021], [-82.269, 30.01], [-82.273, 30.0], [-82.279, 29.991], [-82.287, 29.981], [-82.293, 29.974], [-82.299, 29.969], [-82.304, 29.96], [-82.32, 29.955], [-82.326, 29.955], [-82.331, 29.959], [-82.34, 29.961], [-82.345, 29.954], [-82.348, 29.943], [-82.353, 29.937], [-82.371, 29.935], [-82.399, 29.927], [-82.419, 29.923], [-82.419, 29.923], [-82.419, 29.923], [-82.423, 29.92], [-82.429, 29.925], [-82.434, 29.929], [-82.438, 29.93], [-82.442, 29.929], [-82.45, 29.929], [-82.457, 29.928]]]}, "properties": {"county_fips": "12125", "county_name": "Union", "state": "FL"}}, {"type": "Feature", "id": "12127", "geometry": {"type": "Polygon", "coordinates": [[[-81.524, 29.361], [-81.515, 29.363], [-81.51, 29.364], [-81.5, 29.367], [-81.461, 29.376], [-81.454, 29.378], [-81.451, 29.379], [-81.448, 29.38], [-81.446, 29.38], [-81.446, 29.381], [-81.445, 29.381], [-81.444, 29.383], [-81.443, 29.384], [-81.442, 29.385], [-81.44, 29.385], [-81.441, 29.386], [-81.441, 29.388], [-81.44, 29.39], [-81.439, 29.392], [-81.436, 29.395], [-81.434, 29.397], [-81.434, 29.398], [-81.434, 29.399], [-81.434, 29.399], [-81.433, 29.4], [-81.43, 29.398], [-81.424, 29.399], [-81.422, 29.4], [-81.42, 29.368], [-81.415, 29.261], [-81.364, 29.262], [-81.327, 29.262], [-81.237, 29.264], [-81.209, 29.264], [-81.165, 29.266], [-81.155, 29.266], [-81.151, 29.281], [-81.151, 29.307], [-81.153, 29.352], [-81.154, 29.383], [-81.154, 29.389], [-81.155, 29.395], [-81.155, 29.404], [-81.156, 29.411], [-81.148, 29.415], [-81.129, 29.422], [-81.113, 29.426], [-81.106, 29.427], [-81.046, 29.432], [-81.037, 29.414], [-81.011, 29.36], [-81.002, 29.342], [-81.001, 29.34], [-81.0, 29.337], [-81.0, 29.337], [-81.0, 29.337], [-81.0, 29.337], [-80.994, 29.326], [-80.989, 29.315], [-80.985, 29.307], [-80.983, 29.304], [-80.977, 29.292], [-80.975, 29.289], [-80.972, 29.283], [-80.964, 29.266], [-80.961, 29.261], [-80.96, 29.259], [-80.959, 29.256], [-80.958, 29.254], [-80.957, 29.254], [-80.956, 29.251], [-80.956, 29.25], [-80.956, 29.25], [-80.956, 29.25], [-80.955, 29.248], [-80.954, 29.245], [-80.952, 29.242], [-80.952, 29.24], [-80.951, 29.238], [-80.947, 29.23], [-80.946, 29.227], [-80.942, 29.216], [-80.94, 29.212], [-80.926, 29.182], [-80.921, 29.171], [-80.907, 29.145], [-80.904, 29.142], [-80.875, 29.106], [-80.875, 29.106], [-80.872, 29.102], [-80.872, 29.102], [-80.872, 29.102], [-80.872, 29.102], [-80.872, 29.101], [-80.871, 29.1], [-80.871, 29.1], [-80.869, 29.097], [-80.863, 29.088], [-80.861, 29.085], [-80.861, 29.085], [-80.86, 29.085], [-80.86, 29.085], [-80.857, 29.08], [-80.848, 29.067], [-80.845, 29.063], [-80.843, 29.059], [-80.835, 29.047], [-80.832, 29.043], [-80.826, 29.033], [-80.807, 29.004], [-80.801, 28.994], [-80.8, 28.993], [-80.797, 28.988], [-80.796, 28.987], [-80.79, 28.977], [-80.77, 28.948], [-80.764, 28.938], [-80.764, 28.938], [-80.764, 28.937], [-80.764, 28.937], [-80.761, 28.933], [-80.757, 28.927], [-80.753, 28.921], [-80.75, 28.917], [-80.75, 28.917], [-80.726, 28.881], [-80.725, 28.88], [-80.723, 28.876], [-80.722, 28.875], [-80.71, 28.858], [-80.693, 28.833], [-80.675, 28.807], [-80.663, 28.791], [-80.74, 28.791], [-80.75, 28.791], [-80.789, 28.791], [-80.808, 28.791], [-80.827, 28.791], [-80.842, 28.791], [-80.856, 28.791], [-80.87, 28.791], [-80.884, 28.791], [-80.898, 28.791], [-80.905, 28.791], [-80.937, 28.791], [-80.95, 28.79], [-80.964, 28.79], [-80.968, 28.783], [-80.967, 28.746], [-80.967, 28.733], [-80.966, 28.706], [-80.966, 28.693], [-80.966, 28.684], [-80.965, 28.674], [-80.965, 28.651], [-80.965, 28.613], [-80.969, 28.613], [-80.987, 28.613], [-80.987, 28.613], [-80.989, 28.613], [-80.997, 28.625], [-81.004, 28.649], [-81.021, 28.685], [-81.028, 28.705], [-81.036, 28.723], [-81.057, 28.791], [-81.067, 28.813], [-81.079, 28.817], [-81.094, 28.825], [-81.106, 28.829], [-81.124, 28.822], [-81.131, 28.807], [-81.14, 28.796], [-81.149, 28.792], [-81.171, 28.786], [-81.18, 28.787], [-81.192, 28.795], [-81.21, 28.802], [-81.217, 28.81], [-81.225, 28.831], [-81.289, 28.834], [-81.327, 28.838], [-81.356, 28.853], [-81.365, 28.866], [-81.367, 28.879], [-81.367, 28.879], [-81.367, 28.88], [-81.356, 28.888], [-81.359, 28.905], [-81.353, 28.923], [-81.355, 28.94], [-81.355, 28.951], [-81.367, 28.959], [-81.364, 28.968], [-81.362, 28.991], [-81.383, 29.009], [-81.41, 29.032], [-81.455, 29.062], [-81.46, 29.095], [-81.502, 29.098], [-81.513, 29.136], [-81.524, 29.161], [-81.537, 29.178], [-81.554, 29.189], [-81.574, 29.203], [-81.594, 29.199], [-81.612, 29.204], [-81.617, 29.211], [-81.616, 29.219], [-81.624, 29.233], [-81.634, 29.246], [-81.642, 29.277], [-81.642, 29.277], [-81.642, 29.277], [-81.643, 29.279], [-81.645, 29.281], [-81.646, 29.283], [-81.647, 29.284], [-81.648, 29.288], [-81.648, 29.29], [-81.651, 29.295], [-81.652, 29.297], [-81.653, 29.297], [-81.654, 29.298], [-81.657, 29.3], [-81.66, 29.299], [-81.662, 29.3], [-81.665, 29.3], [-81.669, 29.303], [-81.672, 29.305], [-81.674, 29.307], [-81.675, 29.309], [-81.676, 29.312], [-81.677, 29.315], [-81.678, 29.316], [-81.68, 29.32], [-81.68, 29.322], [-81.681, 29.323], [-81.681, 29.324], [-81.681, 29.324], [-81.681, 29.324], [-81.646, 29.332], [-81.582, 29.347], [-81.549, 29.354]]]}, "properties": {"county_fips": "12127", "county_name": "Volusia", "state": "FL"}}, {"type": "Feature", "id": "12129", "geometry": {"type": "Polygon", "coordinates": [[[-84.439, 29.977], [-84.442, 29.982], [-84.448, 29.976], [-84.454, 29.971], [-84.458, 29.975], [-84.459, 29.984], [-84.46, 29.993], [-84.469, 30.002], [-84.476, 30.0], [-84.478, 29.998], [-84.486, 29.99], [-84.494, 29.987], [-84.504, 29.988], [-84.515, 29.988], [-84.512, 29.983], [-84.516, 29.98], [-84.525, 29.984], [-84.52, 29.993], [-84.524, 30.004], [-84.53, 30.008], [-84.541, 30.002], [-84.549, 30.007], [-84.546, 30.011], [-84.544, 30.011], [-84.544, 30.011], [-84.561, 30.023], [-84.585, 30.027], [-84.595, 30.042], [-84.618, 30.065], [-84.633, 30.068], [-84.639, 30.084], [-84.652, 30.098], [-84.648, 30.105], [-84.65, 30.11], [-84.66, 30.116], [-84.668, 30.124], [-84.668, 30.132], [-84.672, 30.138], [-84.669, 30.147], [-84.671, 30.154], [-84.668, 30.163], [-84.668, 30.171], [-84.671, 30.185], [-84.678, 30.195], [-84.682, 30.216], [-84.695, 30.225], [-84.699, 30.236], [-84.706, 30.252], [-84.731, 30.273], [-84.714, 30.299], [-84.713, 30.3], [-84.713, 30.3], [-84.654, 30.3], [-84.63, 30.3], [-84.628, 30.3], [-84.576, 30.301], [-84.51, 30.302], [-84.448, 30.302], [-84.403, 30.303], [-84.379, 30.303], [-84.369, 30.303], [-84.322, 30.303], [-84.305, 30.303], [-84.298, 30.303], [-84.296, 30.303], [-84.29, 30.303], [-84.265, 30.303], [-84.246, 30.296], [-84.242, 30.277], [-84.233, 30.274], [-84.211, 30.274], [-84.185, 30.274], [-84.169, 30.274], [-84.153, 30.274], [-84.147, 30.274], [-84.125, 30.274], [-84.081, 30.274], [-84.076, 30.274], [-84.076, 30.27], [-84.076, 30.264], [-84.076, 30.263], [-84.076, 30.259], [-84.076, 30.25], [-84.076, 30.242], [-84.076, 30.227], [-84.076, 30.196], [-84.076, 30.19], [-84.076, 30.181], [-84.076, 30.16], [-84.076, 30.142], [-84.076, 30.14], [-84.076, 30.136], [-84.076, 30.126], [-84.076, 30.125], [-84.076, 30.118], [-84.076, 30.118], [-84.076, 30.108], [-84.076, 30.099], [-84.076, 30.098], [-84.076, 30.098], [-84.076, 30.098], [-84.076, 30.098], [-84.076, 30.096], [-84.075, 30.035], [-84.076, 30.034], [-84.082, 30.032], [-84.086, 30.03], [-84.087, 30.03], [-84.093, 30.029], [-84.1, 30.028], [-84.105, 30.028], [-84.109, 30.028], [-84.111, 30.025], [-84.114, 30.018], [-84.115, 30.017], [-84.118, 30.013], [-84.121, 30.008], [-84.121, 30.008], [-84.122, 30.007], [-84.123, 30.007], [-84.124, 30.005], [-84.124, 30.005], [-84.125, 30.004], [-84.125, 30.004], [-84.125, 30.004], [-84.126, 30.003], [-84.126, 30.003], [-84.126, 30.003], [-84.126, 30.003], [-84.127, 30.002], [-84.128, 30.002], [-84.128, 30.001], [-84.13, 30.0], [-84.13, 30.0], [-84.13, 30.0], [-84.134, 29.997], [-84.141, 29.993], [-84.141, 29.993], [-84.146, 29.992], [-84.15, 29.991], [-84.154, 29.99], [-84.16, 29.99], [-84.166, 29.991], [-84.168, 29.989], [-84.175, 29.986], [-84.18, 29.985], [-84.18, 29.985], [-84.185, 29.983], [-84.188, 29.983], [-84.193, 29.983], [-84.194, 29.983], [-84.201, 29.983], [-84.205, 29.984], [-84.209, 29.984], [-84.217, 29.986], [-84.227, 29.99], [-84.233, 29.993], [-84.237, 29.996], [-84.238, 29.996], [-84.242, 29.995], [-84.245, 29.995], [-84.25, 29.996], [-84.25, 29.996], [-84.25, 29.996], [-84.251, 29.996], [-84.251, 29.996], [-84.251, 29.996], [-84.252, 29.994], [-84.253, 29.992], [-84.255, 29.989], [-84.256, 29.987], [-84.256, 29.987], [-84.258, 29.985], [-84.26, 29.983], [-84.264, 29.98], [-84.265, 29.979], [-84.341, 29.961], [-84.359, 29.964], [-84.438, 29.977]]]}, "properties": {"county_fips": "12129", "county_name": "Wakulla", "state": "FL"}}, {"type": "Feature", "id": "12131", "geometry": {"type": "Polygon", "coordinates": [[[-86.397, 30.387], [-86.397, 30.391], [-86.395, 30.447], [-86.394, 30.457], [-86.394, 30.464], [-86.394, 30.473], [-86.393, 30.526], [-86.393, 30.565], [-86.392, 30.603], [-86.392, 30.635], [-86.392, 30.665], [-86.392, 30.706], [-86.392, 30.73], [-86.392, 30.755], [-86.391, 30.783], [-86.391, 30.837], [-86.389, 30.895], [-86.389, 30.925], [-86.389, 30.946], [-86.389, 30.953], [-86.389, 30.963], [-86.389, 30.97], [-86.389, 30.975], [-86.389, 30.986], [-86.389, 30.994], [-86.384, 30.994], [-86.374, 30.994], [-86.372, 30.994], [-86.369, 30.995], [-86.368, 30.995], [-86.365, 30.995], [-86.357, 30.994], [-86.349, 30.994], [-86.341, 30.994], [-86.339, 30.994], [-86.335, 30.994], [-86.331, 30.994], [-86.325, 30.994], [-86.316, 30.994], [-86.305, 30.994], [-86.304, 30.994], [-86.3, 30.994], [-86.296, 30.994], [-86.294, 30.994], [-86.292, 30.994], [-86.289, 30.994], [-86.26, 30.994], [-86.25, 30.994], [-86.228, 30.994], [-86.206, 30.994], [-86.191, 30.994], [-86.187, 30.994], [-86.181, 30.994], [-86.18, 30.994], [-86.179, 30.994], [-86.176, 30.994], [-86.175, 30.994], [-86.175, 30.994], [-86.172, 30.994], [-86.171, 30.994], [-86.169, 30.994], [-86.166, 30.994], [-86.166, 30.994], [-86.165, 30.994], [-86.164, 30.994], [-86.145, 30.993], [-86.131, 30.993], [-86.125, 30.993], [-86.117, 30.993], [-86.102, 30.993], [-86.079, 30.993], [-86.064, 30.993], [-86.063, 30.993], [-86.062, 30.993], [-86.061, 30.993], [-86.056, 30.993], [-86.054, 30.993], [-86.036, 30.993], [-86.035, 30.993], [-86.035, 30.993], [-86.035, 30.955], [-86.036, 30.924], [-86.036, 30.903], [-86.036, 30.888], [-86.036, 30.876], [-86.036, 30.865], [-86.037, 30.856], [-86.037, 30.845], [-86.037, 30.817], [-86.037, 30.807], [-86.038, 30.79], [-86.037, 30.767], [-86.037, 30.738], [-86.037, 30.733], [-86.037, 30.729], [-86.038, 30.715], [-86.03, 30.705], [-85.993, 30.704], [-85.964, 30.704], [-85.945, 30.704], [-85.922, 30.703], [-85.885, 30.703], [-85.876, 30.703], [-85.874, 30.703], [-85.859, 30.703], [-85.844, 30.703], [-85.854, 30.699], [-85.866, 30.682], [-85.871, 30.67], [-85.868, 30.663], [-85.882, 30.657], [-85.893, 30.653], [-85.901, 30.648], [-85.912, 30.639], [-85.912, 30.639], [-85.911, 30.631], [-85.91, 30.621], [-85.91, 30.608], [-85.912, 30.597], [-85.902, 30.585], [-85.891, 30.566], [-85.88, 30.54], [-85.887, 30.528], [-85.88, 30.508], [-85.874, 30.507], [-85.864, 30.498], [-85.887, 30.467], [-85.898, 30.456], [-85.938, 30.444], [-85.969, 30.435], [-85.982, 30.429], [-85.994, 30.402], [-85.993, 30.389], [-85.993, 30.388], [-85.993, 30.375], [-85.993, 30.371], [-85.993, 30.358], [-85.993, 30.356], [-85.994, 30.349], [-85.994, 30.339], [-85.994, 30.33], [-85.994, 30.322], [-85.995, 30.312], [-85.995, 30.311], [-85.995, 30.311], [-85.995, 30.309], [-85.994, 30.3], [-85.995, 30.294], [-85.995, 30.284], [-85.996, 30.282], [-85.996, 30.28], [-85.996, 30.28], [-85.996, 30.276], [-85.996, 30.276], [-85.996, 30.275], [-85.996, 30.272], [-85.996, 30.269], [-85.999, 30.235], [-86.0, 30.213], [-86.0, 30.213], [-86.051, 30.231], [-86.078, 30.241], [-86.103, 30.25], [-86.119, 30.256], [-86.133, 30.261], [-86.185, 30.278], [-86.244, 30.295], [-86.268, 30.301], [-86.28, 30.304], [-86.305, 30.31], [-86.375, 30.322], [-86.396, 30.325], [-86.397, 30.325], [-86.397, 30.382]]]}, "properties": {"county_fips": "12131", "county_name": "Walton", "state": "FL"}}, {"type": "Feature", "id": "12133", "geometry": {"type": "Polygon", "coordinates": [[[-85.912, 30.639], [-85.901, 30.648], [-85.893, 30.653], [-85.882, 30.657], [-85.868, 30.663], [-85.871, 30.67], [-85.866, 30.682], [-85.854, 30.699], [-85.844, 30.703], [-85.844, 30.705], [-85.838, 30.71], [-85.839, 30.715], [-85.834, 30.72], [-85.831, 30.723], [-85.825, 30.735], [-85.826, 30.739], [-85.824, 30.744], [-85.833, 30.75], [-85.832, 30.76], [-85.823, 30.779], [-85.82, 30.791], [-85.752, 30.776], [-85.723, 30.746], [-85.668, 30.745], [-85.667, 30.745], [-85.619, 30.744], [-85.619, 30.752], [-85.62, 30.759], [-85.621, 30.764], [-85.621, 30.77], [-85.616, 30.776], [-85.614, 30.781], [-85.608, 30.791], [-85.602, 30.805], [-85.599, 30.826], [-85.6, 30.831], [-85.598, 30.831], [-85.557, 30.83], [-85.529, 30.83], [-85.494, 30.83], [-85.482, 30.828], [-85.483, 30.805], [-85.483, 30.793], [-85.456, 30.786], [-85.445, 30.786], [-85.433, 30.785], [-85.433, 30.766], [-85.432, 30.752], [-85.433, 30.743], [-85.433, 30.734], [-85.433, 30.726], [-85.433, 30.723], [-85.433, 30.709], [-85.433, 30.7], [-85.433, 30.693], [-85.433, 30.686], [-85.434, 30.675], [-85.434, 30.663], [-85.434, 30.655], [-85.435, 30.641], [-85.435, 30.612], [-85.435, 30.568], [-85.435, 30.568], [-85.436, 30.568], [-85.486, 30.568], [-85.486, 30.516], [-85.487, 30.499], [-85.487, 30.488], [-85.488, 30.459], [-85.488, 30.45], [-85.488, 30.438], [-85.536, 30.437], [-85.57, 30.438], [-85.622, 30.438], [-85.67, 30.439], [-85.686, 30.439], [-85.717, 30.439], [-85.776, 30.44], [-85.828, 30.441], [-85.861, 30.436], [-85.87, 30.42], [-85.882, 30.411], [-85.896, 30.41], [-85.909, 30.407], [-85.93, 30.414], [-85.952, 30.412], [-85.967, 30.407], [-85.977, 30.398], [-85.993, 30.389], [-85.993, 30.389], [-85.994, 30.402], [-85.982, 30.429], [-85.969, 30.435], [-85.938, 30.444], [-85.898, 30.456], [-85.887, 30.467], [-85.864, 30.498], [-85.874, 30.507], [-85.88, 30.508], [-85.887, 30.528], [-85.88, 30.54], [-85.891, 30.566], [-85.902, 30.585], [-85.912, 30.597], [-85.91, 30.608], [-85.91, 30.621], [-85.911, 30.631], [-85.912, 30.639]]]}, "properties": {"county_fips": "12133", "county_name": "Washington", "state": "FL"}}, {"type": "Feature", "id": "13001", "geometry": {"type": "Polygon", "coordinates": [[[-82.136, 31.892], [-82.127, 31.89], [-82.121, 31.886], [-82.116, 31.892], [-82.117, 31.9], [-82.111, 31.899], [-82.11, 31.888], [-82.109, 31.881], [-82.111, 31.869], [-82.106, 31.863], [-82.086, 31.849], [-82.064, 31.837], [-82.049, 31.827], [-82.049, 31.827], [-82.055, 31.828], [-82.059, 31.827], [-82.06, 31.826], [-82.064, 31.825], [-82.067, 31.827], [-82.069, 31.826], [-82.072, 31.826], [-82.077, 31.829], [-82.08, 31.827], [-82.081, 31.826], [-82.083, 31.823], [-82.086, 31.823], [-82.087, 31.813], [-82.091, 31.773], [-82.13, 31.773], [-82.133, 31.744], [-82.133, 31.706], [-82.133, 31.688], [-82.133, 31.655], [-82.134, 31.652], [-82.134, 31.622], [-82.133, 31.6], [-82.147, 31.569], [-82.133, 31.542], [-82.133, 31.471], [-82.133, 31.471], [-82.133, 31.471], [-82.139, 31.47], [-82.144, 31.469], [-82.149, 31.469], [-82.151, 31.47], [-82.153, 31.47], [-82.157, 31.472], [-82.163, 31.476], [-82.168, 31.479], [-82.171, 31.482], [-82.175, 31.485], [-82.182, 31.49], [-82.185, 31.492], [-82.188, 31.496], [-82.19, 31.497], [-82.194, 31.501], [-82.198, 31.505], [-82.2, 31.506], [-82.2, 31.507], [-82.203, 31.508], [-82.208, 31.511], [-82.212, 31.513], [-82.217, 31.517], [-82.219, 31.518], [-82.224, 31.526], [-82.226, 31.53], [-82.227, 31.531], [-82.227, 31.531], [-82.24, 31.555], [-82.259, 31.562], [-82.271, 31.572], [-82.29, 31.581], [-82.304, 31.586], [-82.319, 31.595], [-82.33, 31.604], [-82.346, 31.618], [-82.358, 31.624], [-82.374, 31.631], [-82.384, 31.634], [-82.395, 31.638], [-82.405, 31.639], [-82.413, 31.642], [-82.418, 31.648], [-82.435, 31.66], [-82.444, 31.659], [-82.452, 31.666], [-82.462, 31.672], [-82.467, 31.677], [-82.475, 31.684], [-82.479, 31.692], [-82.487, 31.698], [-82.492, 31.705], [-82.52, 31.711], [-82.521, 31.711], [-82.521, 31.714], [-82.521, 31.714], [-82.521, 31.736], [-82.547, 31.749], [-82.545, 31.749], [-82.52, 31.75], [-82.52, 31.758], [-82.52, 31.76], [-82.52, 31.768], [-82.52, 31.771], [-82.52, 31.775], [-82.52, 31.784], [-82.521, 31.812], [-82.52, 31.824], [-82.52, 31.837], [-82.513, 31.838], [-82.498, 31.838], [-82.431, 31.844], [-82.432, 31.862], [-82.431, 31.9], [-82.431, 31.927], [-82.431, 31.945], [-82.431, 31.957], [-82.431, 31.964], [-82.431, 31.964], [-82.432, 31.966], [-82.432, 31.966], [-82.431, 31.966], [-82.421, 31.961], [-82.409, 31.956], [-82.407, 31.949], [-82.403, 31.956], [-82.398, 31.959], [-82.392, 31.952], [-82.386, 31.949], [-82.389, 31.957], [-82.379, 31.955], [-82.372, 31.952], [-82.376, 31.949], [-82.378, 31.942], [-82.365, 31.944], [-82.337, 31.937], [-82.309, 31.933], [-82.312, 31.939], [-82.307, 31.942], [-82.298, 31.934], [-82.275, 31.937], [-82.264, 31.928], [-82.255, 31.929], [-82.247, 31.916], [-82.24, 31.919], [-82.232, 31.916], [-82.225, 31.913], [-82.225, 31.913], [-82.224, 31.913], [-82.22, 31.91], [-82.216, 31.91], [-82.207, 31.91], [-82.199, 31.906], [-82.192, 31.902], [-82.182, 31.901], [-82.166, 31.904], [-82.158, 31.904], [-82.148, 31.898], [-82.141, 31.903], [-82.134, 31.908], [-82.132, 31.901], [-82.136, 31.893]]]}, "properties": {"county_fips": "13001", "county_name": "Appling", "state": "GA"}}, {"type": "Feature", "id": "13003", "geometry": {"type": "Polygon", "coordinates": [[[-82.806, 31.364], [-82.77, 31.364], [-82.751, 31.364], [-82.723, 31.364], [-82.706, 31.364], [-82.69, 31.364], [-82.675, 31.364], [-82.659, 31.364], [-82.633, 31.364], [-82.629, 31.364], [-82.629, 31.364], [-82.629, 31.325], [-82.63, 31.286], [-82.635, 31.274], [-82.639, 31.277], [-82.642, 31.278], [-82.646, 31.28], [-82.65, 31.284], [-82.654, 31.285], [-82.659, 31.286], [-82.665, 31.288], [-82.668, 31.287], [-82.67, 31.286], [-82.672, 31.285], [-82.673, 31.285], [-82.677, 31.284], [-82.679, 31.285], [-82.683, 31.284], [-82.685, 31.283], [-82.689, 31.282], [-82.694, 31.28], [-82.698, 31.278], [-82.7, 31.263], [-82.701, 31.227], [-82.682, 31.205], [-82.672, 31.184], [-82.672, 31.183], [-82.672, 31.183], [-82.682, 31.184], [-82.695, 31.183], [-82.704, 31.183], [-82.716, 31.183], [-82.731, 31.183], [-82.754, 31.183], [-82.765, 31.183], [-82.775, 31.183], [-82.784, 31.183], [-82.803, 31.184], [-82.82, 31.184], [-82.838, 31.184], [-82.845, 31.184], [-82.846, 31.184], [-82.851, 31.184], [-82.872, 31.184], [-82.879, 31.184], [-82.89, 31.184], [-82.906, 31.184], [-82.915, 31.184], [-82.925, 31.184], [-82.933, 31.184], [-82.935, 31.184], [-82.96, 31.184], [-82.97, 31.184], [-82.97, 31.184], [-82.977, 31.184], [-82.978, 31.184], [-82.98, 31.184], [-82.985, 31.184], [-82.991, 31.184], [-82.992, 31.184], [-83.0, 31.184], [-83.001, 31.184], [-83.018, 31.184], [-83.021, 31.184], [-83.023, 31.184], [-83.026, 31.184], [-83.028, 31.184], [-83.029, 31.184], [-83.032, 31.184], [-83.034, 31.184], [-83.037, 31.184], [-83.038, 31.184], [-83.039, 31.184], [-83.043, 31.184], [-83.043, 31.184], [-83.047, 31.184], [-83.047, 31.184], [-83.045, 31.194], [-83.049, 31.203], [-83.049, 31.208], [-83.047, 31.215], [-83.049, 31.225], [-83.049, 31.233], [-83.047, 31.24], [-83.041, 31.252], [-83.042, 31.263], [-83.035, 31.273], [-83.038, 31.28], [-83.047, 31.288], [-83.051, 31.299], [-83.058, 31.307], [-83.061, 31.317], [-83.06, 31.326], [-83.067, 31.334], [-83.073, 31.342], [-83.084, 31.348], [-83.097, 31.352], [-83.104, 31.359], [-83.112, 31.37], [-83.115, 31.383], [-83.134, 31.398], [-83.141, 31.42], [-83.14, 31.42], [-83.14, 31.42], [-83.076, 31.419], [-83.021, 31.418], [-82.98, 31.418], [-82.958, 31.408], [-82.935, 31.403], [-82.908, 31.403], [-82.88, 31.403], [-82.858, 31.403], [-82.841, 31.401], [-82.837, 31.399], [-82.836, 31.394], [-82.836, 31.388], [-82.831, 31.38], [-82.828, 31.377], [-82.823, 31.375], [-82.822, 31.37]]]}, "properties": {"county_fips": "13003", "county_name": "Atkinson", "state": "GA"}}, {"type": "Feature", "id": "13005", "geometry": {"type": "Polygon", "coordinates": [[[-82.475, 31.684], [-82.467, 31.677], [-82.462, 31.672], [-82.452, 31.666], [-82.444, 31.659], [-82.435, 31.66], [-82.418, 31.648], [-82.413, 31.642], [-82.405, 31.639], [-82.395, 31.638], [-82.384, 31.634], [-82.374, 31.631], [-82.358, 31.624], [-82.346, 31.618], [-82.33, 31.604], [-82.319, 31.595], [-82.304, 31.586], [-82.29, 31.581], [-82.271, 31.572], [-82.259, 31.562], [-82.24, 31.555], [-82.227, 31.531], [-82.227, 31.531], [-82.227, 31.531], [-82.233, 31.531], [-82.239, 31.528], [-82.239, 31.521], [-82.248, 31.518], [-82.256, 31.518], [-82.256, 31.51], [-82.27, 31.506], [-82.271, 31.493], [-82.278, 31.493], [-82.293, 31.493], [-82.3, 31.487], [-82.301, 31.475], [-82.302, 31.468], [-82.315, 31.46], [-82.327, 31.457], [-82.336, 31.442], [-82.342, 31.442], [-82.345, 31.434], [-82.351, 31.43], [-82.357, 31.43], [-82.372, 31.43], [-82.386, 31.43], [-82.398, 31.43], [-82.402, 31.418], [-82.414, 31.417], [-82.417, 31.417], [-82.417, 31.417], [-82.424, 31.417], [-82.432, 31.417], [-82.438, 31.417], [-82.446, 31.417], [-82.458, 31.417], [-82.474, 31.417], [-82.481, 31.418], [-82.481, 31.424], [-82.481, 31.432], [-82.481, 31.436], [-82.485, 31.443], [-82.492, 31.443], [-82.494, 31.443], [-82.494, 31.448], [-82.494, 31.466], [-82.497, 31.469], [-82.506, 31.469], [-82.523, 31.469], [-82.529, 31.469], [-82.551, 31.469], [-82.558, 31.469], [-82.568, 31.469], [-82.574, 31.469], [-82.59, 31.469], [-82.597, 31.469], [-82.597, 31.469], [-82.597, 31.469], [-82.598, 31.479], [-82.597, 31.494], [-82.597, 31.503], [-82.597, 31.512], [-82.597, 31.521], [-82.597, 31.525], [-82.597, 31.53], [-82.596, 31.538], [-82.596, 31.545], [-82.596, 31.554], [-82.596, 31.558], [-82.608, 31.558], [-82.612, 31.558], [-82.618, 31.558], [-82.622, 31.558], [-82.628, 31.571], [-82.628, 31.601], [-82.627, 31.612], [-82.627, 31.619], [-82.627, 31.623], [-82.628, 31.626], [-82.627, 31.641], [-82.627, 31.653], [-82.627, 31.664], [-82.627, 31.672], [-82.627, 31.673], [-82.626, 31.673], [-82.624, 31.673], [-82.622, 31.673], [-82.621, 31.673], [-82.621, 31.673], [-82.62, 31.673], [-82.612, 31.673], [-82.604, 31.673], [-82.601, 31.673], [-82.599, 31.673], [-82.592, 31.673], [-82.588, 31.673], [-82.581, 31.673], [-82.572, 31.673], [-82.565, 31.673], [-82.564, 31.673], [-82.56, 31.673], [-82.559, 31.673], [-82.554, 31.673], [-82.537, 31.673], [-82.532, 31.673], [-82.525, 31.673], [-82.521, 31.674], [-82.521, 31.679], [-82.522, 31.698], [-82.522, 31.705], [-82.521, 31.711], [-82.52, 31.711], [-82.492, 31.705], [-82.487, 31.698], [-82.479, 31.692]]]}, "properties": {"county_fips": "13005", "county_name": "Bacon", "state": "GA"}}, {"type": "Feature", "id": "13007", "geometry": {"type": "Polygon", "coordinates": [[[-84.337, 31.3], [-84.341, 31.277], [-84.354, 31.266], [-84.362, 31.251], [-84.378, 31.238], [-84.409, 31.21], [-84.405, 31.199], [-84.416, 31.186], [-84.418, 31.197], [-84.463, 31.167], [-84.481, 31.152], [-84.501, 31.12], [-84.508, 31.078], [-84.508, 31.078], [-84.509, 31.078], [-84.509, 31.078], [-84.51, 31.078], [-84.522, 31.079], [-84.522, 31.079], [-84.522, 31.079], [-84.543, 31.079], [-84.542, 31.09], [-84.541, 31.154], [-84.54, 31.174], [-84.539, 31.185], [-84.539, 31.192], [-84.538, 31.222], [-84.538, 31.225], [-84.538, 31.226], [-84.538, 31.229], [-84.538, 31.24], [-84.554, 31.257], [-84.557, 31.257], [-84.56, 31.257], [-84.574, 31.257], [-84.578, 31.257], [-84.586, 31.257], [-84.593, 31.258], [-84.597, 31.258], [-84.6, 31.258], [-84.606, 31.258], [-84.61, 31.258], [-84.614, 31.258], [-84.623, 31.258], [-84.631, 31.259], [-84.634, 31.259], [-84.637, 31.259], [-84.642, 31.259], [-84.642, 31.26], [-84.642, 31.265], [-84.641, 31.271], [-84.642, 31.282], [-84.642, 31.294], [-84.642, 31.296], [-84.642, 31.3], [-84.642, 31.303], [-84.64, 31.313], [-84.64, 31.323], [-84.638, 31.324], [-84.638, 31.326], [-84.638, 31.332], [-84.635, 31.332], [-84.628, 31.336], [-84.628, 31.342], [-84.638, 31.351], [-84.638, 31.364], [-84.638, 31.37], [-84.64, 31.378], [-84.639, 31.388], [-84.639, 31.39], [-84.638, 31.4], [-84.638, 31.415], [-84.638, 31.427], [-84.638, 31.431], [-84.638, 31.434], [-84.637, 31.434], [-84.636, 31.434], [-84.622, 31.434], [-84.605, 31.433], [-84.592, 31.433], [-84.569, 31.432], [-84.564, 31.432], [-84.546, 31.433], [-84.546, 31.433], [-84.546, 31.436], [-84.546, 31.441], [-84.535, 31.432], [-84.513, 31.44], [-84.503, 31.43], [-84.492, 31.428], [-84.484, 31.435], [-84.481, 31.437], [-84.469, 31.443], [-84.462, 31.448], [-84.459, 31.453], [-84.448, 31.455], [-84.439, 31.446], [-84.436, 31.442], [-84.448, 31.442], [-84.443, 31.437], [-84.43, 31.437], [-84.43, 31.437], [-84.424, 31.437], [-84.359, 31.436], [-84.355, 31.436], [-84.353, 31.436], [-84.337, 31.436], [-84.316, 31.436], [-84.305, 31.436], [-84.298, 31.436], [-84.287, 31.436], [-84.275, 31.436], [-84.274, 31.436], [-84.268, 31.436], [-84.252, 31.436], [-84.239, 31.436], [-84.233, 31.436], [-84.212, 31.437], [-84.212, 31.438], [-84.211, 31.44], [-84.195, 31.44], [-84.188, 31.44], [-84.178, 31.44], [-84.171, 31.44], [-84.165, 31.44], [-84.158, 31.44], [-84.151, 31.44], [-84.142, 31.44], [-84.141, 31.44], [-84.141, 31.44], [-84.15, 31.421], [-84.17, 31.413], [-84.182, 31.391], [-84.199, 31.385], [-84.211, 31.359], [-84.23, 31.347], [-84.243, 31.342], [-84.256, 31.339], [-84.271, 31.338], [-84.284, 31.327], [-84.301, 31.324], [-84.323, 31.313], [-84.337, 31.3]]]}, "properties": {"county_fips": "13007", "county_name": "Baker", "state": "GA"}}, {"type": "Feature", "id": "13017", "geometry": {"type": "Polygon", "coordinates": [[[-83.175, 31.846], [-83.163, 31.838], [-83.156, 31.832], [-83.153, 31.827], [-83.149, 31.825], [-83.134, 31.818], [-83.138, 31.817], [-83.132, 31.811], [-83.122, 31.812], [-83.111, 31.809], [-83.112, 31.815], [-83.107, 31.815], [-83.099, 31.808], [-83.089, 31.809], [-83.085, 31.811], [-83.082, 31.802], [-83.078, 31.803], [-83.071, 31.798], [-83.061, 31.794], [-83.057, 31.792], [-83.047, 31.789], [-83.039, 31.791], [-83.034, 31.785], [-83.017, 31.779], [-83.0, 31.781], [-82.996, 31.781], [-82.996, 31.78], [-82.996, 31.779], [-82.996, 31.776], [-82.996, 31.77], [-82.996, 31.763], [-82.996, 31.762], [-82.997, 31.751], [-82.997, 31.749], [-82.997, 31.747], [-82.997, 31.743], [-82.997, 31.741], [-82.997, 31.74], [-82.997, 31.738], [-82.997, 31.734], [-82.997, 31.731], [-82.997, 31.729], [-82.997, 31.723], [-82.997, 31.712], [-82.997, 31.709], [-82.998, 31.703], [-82.998, 31.697], [-82.998, 31.692], [-82.998, 31.685], [-82.998, 31.679], [-82.998, 31.679], [-82.998, 31.674], [-82.998, 31.673], [-82.999, 31.673], [-83.014, 31.674], [-83.051, 31.675], [-83.113, 31.676], [-83.145, 31.678], [-83.172, 31.678], [-83.177, 31.66], [-83.188, 31.652], [-83.224, 31.653], [-83.245, 31.653], [-83.266, 31.658], [-83.266, 31.674], [-83.272, 31.68], [-83.28, 31.68], [-83.315, 31.68], [-83.326, 31.682], [-83.325, 31.696], [-83.325, 31.73], [-83.325, 31.744], [-83.336, 31.757], [-83.347, 31.77], [-83.357, 31.77], [-83.37, 31.761], [-83.381, 31.757], [-83.404, 31.757], [-83.444, 31.758], [-83.454, 31.758], [-83.454, 31.758], [-83.453, 31.762], [-83.455, 31.767], [-83.455, 31.778], [-83.46, 31.782], [-83.459, 31.786], [-83.458, 31.788], [-83.459, 31.791], [-83.459, 31.794], [-83.464, 31.796], [-83.466, 31.8], [-83.467, 31.803], [-83.469, 31.805], [-83.473, 31.808], [-83.475, 31.812], [-83.474, 31.816], [-83.476, 31.819], [-83.479, 31.824], [-83.478, 31.827], [-83.478, 31.831], [-83.48, 31.833], [-83.483, 31.834], [-83.485, 31.836], [-83.482, 31.84], [-83.481, 31.843], [-83.48, 31.846], [-83.48, 31.847], [-83.48, 31.847], [-83.436, 31.847], [-83.387, 31.846], [-83.368, 31.847], [-83.357, 31.847], [-83.348, 31.846], [-83.319, 31.846], [-83.309, 31.846], [-83.286, 31.846], [-83.265, 31.845], [-83.22, 31.845], [-83.211, 31.845], [-83.207, 31.848], [-83.202, 31.849], [-83.197, 31.849], [-83.191, 31.849], [-83.19, 31.849], [-83.188, 31.85], [-83.186, 31.85], [-83.185, 31.851], [-83.184, 31.852], [-83.183, 31.852], [-83.182, 31.851], [-83.18, 31.851], [-83.18, 31.849], [-83.178, 31.848], [-83.177, 31.848], [-83.176, 31.846]]]}, "properties": {"county_fips": "13017", "county_name": "Ben Hill", "state": "GA"}}, {"type": "Feature", "id": "13019", "geometry": {"type": "Polygon", "coordinates": [[[-83.295, 31.074], [-83.295, 31.074], [-83.302, 31.084], [-83.307, 31.091], [-83.322, 31.098], [-83.322, 31.107], [-83.322, 31.12], [-83.312, 31.136], [-83.306, 31.16], [-83.323, 31.178], [-83.334, 31.191], [-83.332, 31.214], [-83.334, 31.234], [-83.353, 31.251], [-83.375, 31.253], [-83.388, 31.261], [-83.404, 31.278], [-83.418, 31.292], [-83.435, 31.303], [-83.436, 31.325], [-83.433, 31.338], [-83.434, 31.35], [-83.434, 31.35], [-83.431, 31.351], [-83.43, 31.352], [-83.43, 31.361], [-83.427, 31.364], [-83.423, 31.364], [-83.419, 31.363], [-83.415, 31.365], [-83.414, 31.376], [-83.4, 31.378], [-83.4, 31.386], [-83.395, 31.389], [-83.385, 31.389], [-83.385, 31.401], [-83.38, 31.401], [-83.373, 31.401], [-83.371, 31.406], [-83.371, 31.415], [-83.37, 31.423], [-83.37, 31.437], [-83.37, 31.458], [-83.368, 31.465], [-83.354, 31.465], [-83.346, 31.465], [-83.339, 31.467], [-83.339, 31.474], [-83.339, 31.476], [-83.333, 31.476], [-83.307, 31.476], [-83.287, 31.476], [-83.286, 31.476], [-83.275, 31.475], [-83.273, 31.475], [-83.267, 31.475], [-83.261, 31.475], [-83.25, 31.475], [-83.239, 31.475], [-83.228, 31.474], [-83.219, 31.474], [-83.207, 31.474], [-83.203, 31.474], [-83.197, 31.474], [-83.194, 31.474], [-83.184, 31.473], [-83.179, 31.473], [-83.171, 31.473], [-83.166, 31.473], [-83.159, 31.473], [-83.154, 31.472], [-83.152, 31.472], [-83.15, 31.472], [-83.146, 31.472], [-83.146, 31.472], [-83.146, 31.472], [-83.146, 31.471], [-83.145, 31.47], [-83.146, 31.469], [-83.149, 31.464], [-83.151, 31.462], [-83.151, 31.461], [-83.151, 31.459], [-83.149, 31.456], [-83.146, 31.455], [-83.145, 31.455], [-83.143, 31.451], [-83.142, 31.449], [-83.142, 31.447], [-83.14, 31.446], [-83.14, 31.445], [-83.139, 31.443], [-83.139, 31.439], [-83.14, 31.437], [-83.138, 31.436], [-83.138, 31.435], [-83.137, 31.433], [-83.136, 31.431], [-83.137, 31.429], [-83.139, 31.427], [-83.14, 31.425], [-83.14, 31.421], [-83.14, 31.42], [-83.141, 31.42], [-83.134, 31.398], [-83.115, 31.383], [-83.112, 31.37], [-83.104, 31.359], [-83.097, 31.352], [-83.084, 31.348], [-83.073, 31.342], [-83.067, 31.334], [-83.06, 31.326], [-83.061, 31.317], [-83.058, 31.307], [-83.051, 31.299], [-83.047, 31.288], [-83.038, 31.28], [-83.035, 31.273], [-83.042, 31.263], [-83.041, 31.252], [-83.047, 31.24], [-83.049, 31.233], [-83.049, 31.225], [-83.047, 31.215], [-83.049, 31.208], [-83.049, 31.203], [-83.045, 31.194], [-83.047, 31.184], [-83.047, 31.184], [-83.047, 31.183], [-83.049, 31.184], [-83.048, 31.182], [-83.05, 31.181], [-83.049, 31.177], [-83.046, 31.175], [-83.044, 31.173], [-83.043, 31.17], [-83.04, 31.169], [-83.042, 31.164], [-83.039, 31.161], [-83.04, 31.158], [-83.04, 31.154], [-83.036, 31.151], [-83.038, 31.148], [-83.066, 31.147], [-83.121, 31.147], [-83.165, 31.133], [-83.166, 31.101], [-83.166, 31.085], [-83.167, 31.062], [-83.198, 31.062], [-83.198, 31.05], [-83.198, 31.043], [-83.198, 31.035], [-83.198, 31.026], [-83.198, 31.025], [-83.204, 31.026], [-83.206, 31.026], [-83.207, 31.026], [-83.211, 31.026], [-83.213, 31.026], [-83.213, 31.026], [-83.214, 31.026], [-83.214, 31.026], [-83.224, 31.026], [-83.233, 31.026], [-83.233, 31.026], [-83.24, 31.026], [-83.241, 31.026], [-83.241, 31.026], [-83.241, 31.026], [-83.244, 31.026], [-83.246, 31.026], [-83.246, 31.026], [-83.246, 31.026], [-83.255, 31.027], [-83.256, 31.027], [-83.256, 31.027], [-83.267, 31.027], [-83.28, 31.026], [-83.281, 31.026], [-83.291, 31.027], [-83.296, 31.027], [-83.295, 31.028], [-83.288, 31.038], [-83.285, 31.051], [-83.28, 31.063], [-83.288, 31.069]]]}, "properties": {"county_fips": "13019", "county_name": "Berrien", "state": "GA"}}, {"type": "Feature", "id": "13025", "geometry": {"type": "Polygon", "coordinates": [[[-81.733, 31.315], [-81.733, 31.306], [-81.734, 31.298], [-81.737, 31.29], [-81.746, 31.283], [-81.747, 31.281], [-81.75, 31.274], [-81.753, 31.262], [-81.756, 31.25], [-81.758, 31.242], [-81.76, 31.234], [-81.762, 31.226], [-81.765, 31.221], [-81.766, 31.212], [-81.767, 31.202], [-81.769, 31.196], [-81.775, 31.18], [-81.78, 31.173], [-81.782, 31.173], [-81.782, 31.168], [-81.781, 31.165], [-81.775, 31.165], [-81.771, 31.167], [-81.768, 31.169], [-81.766, 31.17], [-81.768, 31.169], [-81.788, 31.151], [-81.803, 31.15], [-81.818, 31.137], [-81.828, 31.121], [-81.833, 31.109], [-81.862, 31.098], [-81.88, 31.099], [-81.884, 31.099], [-81.889, 31.101], [-81.909, 31.097], [-81.914, 31.095], [-81.913, 31.094], [-81.918, 31.093], [-81.921, 31.092], [-81.919, 31.09], [-81.924, 31.086], [-81.926, 31.08], [-81.927, 31.074], [-81.926, 31.062], [-81.93, 31.061], [-81.935, 31.062], [-81.932, 31.057], [-81.936, 31.052], [-81.933, 31.05], [-81.936, 31.048], [-81.936, 31.048], [-81.936, 31.048], [-81.941, 31.049], [-81.951, 31.051], [-81.957, 31.052], [-81.967, 31.054], [-81.976, 31.056], [-81.984, 31.058], [-81.998, 31.061], [-82.006, 31.063], [-82.016, 31.065], [-82.023, 31.067], [-82.026, 31.068], [-82.035, 31.069], [-82.05, 31.073], [-82.055, 31.074], [-82.061, 31.075], [-82.066, 31.06], [-82.071, 31.042], [-82.074, 31.033], [-82.08, 31.016], [-82.087, 31.01], [-82.096, 31.01], [-82.114, 31.011], [-82.12, 31.011], [-82.128, 31.011], [-82.132, 31.011], [-82.132, 31.011], [-82.132, 31.011], [-82.143, 31.024], [-82.151, 31.033], [-82.16, 31.044], [-82.172, 31.055], [-82.187, 31.068], [-82.197, 31.076], [-82.208, 31.088], [-82.208, 31.104], [-82.208, 31.115], [-82.208, 31.125], [-82.208, 31.133], [-82.209, 31.141], [-82.209, 31.151], [-82.209, 31.158], [-82.209, 31.168], [-82.224, 31.169], [-82.232, 31.169], [-82.24, 31.174], [-82.25, 31.182], [-82.259, 31.185], [-82.272, 31.189], [-82.284, 31.193], [-82.284, 31.203], [-82.284, 31.209], [-82.286, 31.222], [-82.286, 31.224], [-82.286, 31.224], [-82.272, 31.218], [-82.251, 31.219], [-82.224, 31.22], [-82.21, 31.212], [-82.193, 31.202], [-82.176, 31.217], [-82.163, 31.216], [-82.145, 31.229], [-82.141, 31.242], [-82.143, 31.255], [-82.125, 31.26], [-82.098, 31.275], [-82.075, 31.275], [-82.056, 31.274], [-82.039, 31.273], [-82.023, 31.275], [-82.007, 31.276], [-81.997, 31.289], [-82.005, 31.312], [-82.014, 31.322], [-82.02, 31.329], [-82.028, 31.341], [-82.033, 31.349], [-82.041, 31.362], [-82.041, 31.374], [-82.041, 31.374], [-82.041, 31.374], [-82.033, 31.367], [-82.024, 31.365], [-82.015, 31.363], [-82.0, 31.36], [-81.982, 31.357], [-81.969, 31.354], [-81.951, 31.351], [-81.939, 31.349], [-81.927, 31.347], [-81.91, 31.347], [-81.909, 31.347], [-81.908, 31.348], [-81.901, 31.348], [-81.892, 31.349], [-81.871, 31.352], [-81.861, 31.353], [-81.85, 31.354], [-81.834, 31.357], [-81.816, 31.361], [-81.801, 31.364], [-81.784, 31.357], [-81.764, 31.347], [-81.758, 31.341], [-81.747, 31.337], [-81.732, 31.33], [-81.732, 31.33], [-81.733, 31.327], [-81.733, 31.317]]]}, "properties": {"county_fips": "13025", "county_name": "Brantley", "state": "GA"}}, {"type": "Feature", "id": "13027", "geometry": {"type": "MultiPolygon", "coordinates": [[[[-83.312, 30.635], [-83.312, 30.635], [-83.313, 30.635], [-83.313, 30.635], [-83.315, 30.635], [-83.32, 30.635], [-83.32, 30.635], [-83.322, 30.635], [-83.323, 30.635], [-83.328, 30.636], [-83.329, 30.636], [-83.332, 30.636], [-83.339, 30.636], [-83.341, 30.636], [-83.341, 30.637], [-83.34, 30.637], [-83.34, 30.638], [-83.339, 30.638], [-83.339, 30.639], [-83.338, 30.64], [-83.338, 30.64], [-83.337, 30.641], [-83.337, 30.641], [-83.335, 30.641], [-83.334, 30.641], [-83.331, 30.641], [-83.329, 30.64], [-83.329, 30.641], [-83.329, 30.643], [-83.327, 30.643], [-83.325, 30.643], [-83.322, 30.642], [-83.32, 30.641], [-83.318, 30.64], [-83.318, 30.639], [-83.317, 30.637], [-83.314, 30.636], [-83.311, 30.636], [-83.309, 30.636], [-83.309, 30.635], [-83.309, 30.634], [-83.309, 30.634], [-83.31, 30.634], [-83.31, 30.634], [-83.311, 30.634], [-83.311, 30.635]]], [[[-83.737, 30.987], [-83.737, 30.999], [-83.737, 31.009], [-83.737, 31.023], [-83.736, 31.035], [-83.736, 31.038], [-83.736, 31.038], [-83.718, 31.037], [-83.714, 31.037], [-83.706, 31.037], [-83.699, 31.037], [-83.685, 31.037], [-83.682, 31.037], [-83.661, 31.036], [-83.648, 31.036], [-83.641, 31.036], [-83.623, 31.035], [-83.617, 31.035], [-83.608, 31.035], [-83.591, 31.034], [-83.584, 31.034], [-83.576, 31.034], [-83.574, 31.037], [-83.574, 31.051], [-83.574, 31.052], [-83.574, 31.061], [-83.574, 31.064], [-83.574, 31.068], [-83.574, 31.068], [-83.574, 31.069], [-83.574, 31.071], [-83.575, 31.078], [-83.575, 31.078], [-83.575, 31.078], [-83.573, 31.077], [-83.572, 31.076], [-83.571, 31.072], [-83.566, 31.068], [-83.56, 31.063], [-83.555, 31.058], [-83.551, 31.056], [-83.551, 31.054], [-83.548, 31.053], [-83.543, 31.052], [-83.537, 31.052], [-83.53, 31.051], [-83.527, 31.055], [-83.524, 31.054], [-83.52, 31.052], [-83.515, 31.051], [-83.507, 31.049], [-83.504, 31.051], [-83.501, 31.052], [-83.498, 31.048], [-83.496, 31.042], [-83.493, 31.039], [-83.49, 31.036], [-83.482, 31.033], [-83.475, 31.032], [-83.476, 31.032], [-83.477, 31.031], [-83.468, 31.028], [-83.466, 31.018], [-83.463, 31.006], [-83.455, 30.997], [-83.448, 30.99], [-83.443, 30.977], [-83.436, 30.963], [-83.434, 30.956], [-83.43, 30.949], [-83.435, 30.935], [-83.437, 30.921], [-83.441, 30.912], [-83.44, 30.905], [-83.426, 30.896], [-83.414, 30.892], [-83.403, 30.885], [-83.38, 30.884], [-83.361, 30.875], [-83.354, 30.865], [-83.348, 30.848], [-83.401, 30.827], [-83.459, 30.783], [-83.455, 30.711], [-83.454, 30.71], [-83.396, 30.677], [-83.358, 30.637], [-83.358, 30.637], [-83.366, 30.638], [-83.379, 30.639], [-83.39, 30.639], [-83.393, 30.639], [-83.402, 30.64], [-83.428, 30.641], [-83.431, 30.641], [-83.435, 30.642], [-83.439, 30.642], [-83.449, 30.642], [-83.451, 30.643], [-83.456, 30.643], [-83.461, 30.643], [-83.476, 30.644], [-83.48, 30.644], [-83.49, 30.645], [-83.498, 30.646], [-83.51, 30.646], [-83.522, 30.647], [-83.553, 30.648], [-83.561, 30.649], [-83.566, 30.649], [-83.579, 30.65], [-83.584, 30.65], [-83.6, 30.651], [-83.612, 30.651], [-83.612, 30.651], [-83.617, 30.652], [-83.629, 30.652], [-83.632, 30.652], [-83.634, 30.652], [-83.642, 30.653], [-83.668, 30.654], [-83.674, 30.655], [-83.674, 30.655], [-83.676, 30.655], [-83.677, 30.655], [-83.677, 30.655], [-83.687, 30.655], [-83.691, 30.656], [-83.698, 30.656], [-83.708, 30.656], [-83.711, 30.657], [-83.713, 30.657], [-83.72, 30.657], [-83.722, 30.657], [-83.723, 30.657], [-83.723, 30.657], [-83.731, 30.658], [-83.739, 30.658], [-83.739, 30.658], [-83.743, 30.658], [-83.744, 30.658], [-83.743, 30.673], [-83.743, 30.686], [-83.743, 30.708], [-83.743, 30.722], [-83.739, 30.744], [-83.739, 30.758], [-83.739, 30.768], [-83.739, 30.791], [-83.741, 30.815], [-83.74, 30.833], [-83.74, 30.85], [-83.74, 30.871], [-83.74, 30.886], [-83.74, 30.896], [-83.739, 30.912], [-83.739, 30.917], [-83.739, 30.928], [-83.738, 30.949], [-83.738, 30.965], [-83.738, 30.975], [-83.737, 30.987]]]]}, "properties": {"county_fips": "13027", "county_name": "Brooks", "state": "GA"}}, {"type": "Feature", "id": "13029", "geometry": {"type": "Polygon", "coordinates": [[[-81.392, 32.096], [-81.392, 32.096], [-81.392, 32.096], [-81.385, 32.079], [-81.374, 32.068], [-81.367, 32.056], [-81.364, 32.048], [-81.351, 32.035], [-81.347, 32.035], [-81.337, 32.031], [-81.324, 32.021], [-81.319, 32.007], [-81.309, 31.997], [-81.29, 31.979], [-81.289, 31.956], [-81.273, 31.942], [-81.265, 31.918], [-81.235, 31.91], [-81.235, 31.889], [-81.204, 31.922], [-81.223, 31.893], [-81.16, 31.875], [-81.14, 31.857], [-81.159, 31.83], [-81.178, 31.804], [-81.16, 31.783], [-81.171, 31.754], [-81.155, 31.713], [-81.155, 31.713], [-81.155, 31.713], [-81.288, 31.793], [-81.333, 31.835], [-81.369, 31.841], [-81.381, 31.857], [-81.382, 31.871], [-81.394, 31.881], [-81.397, 31.907], [-81.401, 31.924], [-81.422, 31.938], [-81.48, 31.971], [-81.501, 31.965], [-81.515, 31.964], [-81.537, 31.963], [-81.559, 31.959], [-81.584, 31.971], [-81.593, 31.983], [-81.594, 31.991], [-81.605, 32.003], [-81.61, 32.017], [-81.618, 32.03], [-81.635, 32.041], [-81.642, 32.051], [-81.665, 32.061], [-81.695, 32.088], [-81.718, 32.089], [-81.719, 32.089], [-81.719, 32.089], [-81.724, 32.093], [-81.726, 32.098], [-81.731, 32.096], [-81.735, 32.101], [-81.744, 32.105], [-81.751, 32.105], [-81.754, 32.104], [-81.757, 32.105], [-81.758, 32.109], [-81.754, 32.112], [-81.757, 32.113], [-81.758, 32.115], [-81.762, 32.116], [-81.764, 32.116], [-81.761, 32.12], [-81.766, 32.122], [-81.767, 32.125], [-81.769, 32.129], [-81.773, 32.132], [-81.777, 32.132], [-81.777, 32.134], [-81.778, 32.139], [-81.778, 32.143], [-81.782, 32.148], [-81.781, 32.153], [-81.781, 32.153], [-81.781, 32.153], [-81.777, 32.154], [-81.767, 32.156], [-81.748, 32.161], [-81.72, 32.167], [-81.711, 32.169], [-81.702, 32.172], [-81.698, 32.172], [-81.693, 32.174], [-81.687, 32.175], [-81.673, 32.178], [-81.665, 32.18], [-81.646, 32.185], [-81.617, 32.192], [-81.608, 32.194], [-81.591, 32.199], [-81.567, 32.206], [-81.553, 32.21], [-81.53, 32.216], [-81.519, 32.219], [-81.5, 32.224], [-81.477, 32.23], [-81.465, 32.233], [-81.449, 32.238], [-81.437, 32.241], [-81.436, 32.241], [-81.436, 32.241], [-81.436, 32.241], [-81.429, 32.235], [-81.426, 32.229], [-81.428, 32.221], [-81.426, 32.216], [-81.422, 32.212], [-81.416, 32.212], [-81.414, 32.206], [-81.416, 32.2], [-81.415, 32.188], [-81.413, 32.184], [-81.415, 32.178], [-81.412, 32.171], [-81.41, 32.168], [-81.414, 32.162], [-81.408, 32.152], [-81.402, 32.148], [-81.404, 32.144], [-81.407, 32.137], [-81.408, 32.128], [-81.405, 32.122], [-81.406, 32.119], [-81.402, 32.113], [-81.403, 32.109], [-81.407, 32.102]]]}, "properties": {"county_fips": "13029", "county_name": "Bryan", "state": "GA"}}, {"type": "Feature", "id": "13037", "geometry": {"type": "Polygon", "coordinates": [[[-84.424, 31.494], [-84.424, 31.493], [-84.422, 31.485], [-84.42, 31.477], [-84.418, 31.468], [-84.415, 31.455], [-84.417, 31.453], [-84.421, 31.449], [-84.426, 31.447], [-84.427, 31.444], [-84.428, 31.439], [-84.43, 31.437], [-84.43, 31.437], [-84.443, 31.437], [-84.448, 31.442], [-84.436, 31.442], [-84.439, 31.446], [-84.448, 31.455], [-84.459, 31.453], [-84.462, 31.448], [-84.469, 31.443], [-84.481, 31.437], [-84.484, 31.435], [-84.492, 31.428], [-84.503, 31.43], [-84.513, 31.44], [-84.535, 31.432], [-84.546, 31.441], [-84.546, 31.436], [-84.546, 31.433], [-84.546, 31.433], [-84.564, 31.432], [-84.569, 31.432], [-84.592, 31.433], [-84.605, 31.433], [-84.622, 31.434], [-84.636, 31.434], [-84.637, 31.434], [-84.638, 31.434], [-84.664, 31.434], [-84.696, 31.435], [-84.707, 31.435], [-84.719, 31.435], [-84.724, 31.435], [-84.73, 31.436], [-84.746, 31.436], [-84.777, 31.434], [-84.781, 31.436], [-84.784, 31.436], [-84.789, 31.436], [-84.791, 31.443], [-84.792, 31.448], [-84.79, 31.452], [-84.79, 31.453], [-84.793, 31.457], [-84.799, 31.46], [-84.803, 31.464], [-84.805, 31.468], [-84.806, 31.47], [-84.808, 31.473], [-84.797, 31.475], [-84.797, 31.475], [-84.799, 31.501], [-84.807, 31.499], [-84.82, 31.5], [-84.82, 31.501], [-84.82, 31.501], [-84.82, 31.509], [-84.82, 31.519], [-84.81, 31.52], [-84.81, 31.524], [-84.811, 31.531], [-84.813, 31.531], [-84.819, 31.531], [-84.819, 31.535], [-84.819, 31.543], [-84.819, 31.544], [-84.819, 31.548], [-84.81, 31.549], [-84.809, 31.557], [-84.8, 31.565], [-84.809, 31.565], [-84.817, 31.566], [-84.819, 31.571], [-84.818, 31.582], [-84.818, 31.589], [-84.818, 31.591], [-84.821, 31.593], [-84.827, 31.593], [-84.828, 31.595], [-84.828, 31.6], [-84.818, 31.62], [-84.818, 31.62], [-84.818, 31.62], [-84.796, 31.62], [-84.751, 31.62], [-84.731, 31.62], [-84.717, 31.62], [-84.701, 31.62], [-84.671, 31.62], [-84.667, 31.62], [-84.656, 31.621], [-84.656, 31.629], [-84.65, 31.638], [-84.646, 31.644], [-84.636, 31.643], [-84.628, 31.638], [-84.617, 31.628], [-84.607, 31.631], [-84.597, 31.638], [-84.587, 31.621], [-84.587, 31.637], [-84.578, 31.637], [-84.578, 31.625], [-84.577, 31.621], [-84.569, 31.624], [-84.564, 31.629], [-84.559, 31.628], [-84.547, 31.621], [-84.547, 31.621], [-84.547, 31.621], [-84.541, 31.621], [-84.539, 31.621], [-84.539, 31.621], [-84.538, 31.621], [-84.536, 31.621], [-84.533, 31.621], [-84.526, 31.621], [-84.524, 31.621], [-84.517, 31.621], [-84.516, 31.621], [-84.515, 31.621], [-84.514, 31.621], [-84.513, 31.621], [-84.51, 31.621], [-84.509, 31.621], [-84.509, 31.621], [-84.505, 31.621], [-84.488, 31.621], [-84.484, 31.621], [-84.478, 31.621], [-84.472, 31.621], [-84.463, 31.621], [-84.461, 31.621], [-84.458, 31.621], [-84.45, 31.622], [-84.45, 31.622], [-84.45, 31.62], [-84.45, 31.615], [-84.448, 31.607], [-84.45, 31.599], [-84.454, 31.592], [-84.456, 31.582], [-84.452, 31.573], [-84.454, 31.558], [-84.455, 31.548], [-84.447, 31.543], [-84.445, 31.535], [-84.441, 31.525], [-84.439, 31.516], [-84.434, 31.508], [-84.429, 31.5]]]}, "properties": {"county_fips": "13037", "county_name": "Calhoun", "state": "GA"}}, {"type": "Feature", "id": "13039", "geometry": {"type": "Polygon", "coordinates": [[[-81.884, 31.099], [-81.88, 31.099], [-81.862, 31.098], [-81.833, 31.109], [-81.828, 31.121], [-81.818, 31.137], [-81.803, 31.15], [-81.788, 31.151], [-81.768, 31.169], [-81.766, 31.17], [-81.766, 31.17], [-81.761, 31.153], [-81.741, 31.151], [-81.721, 31.148], [-81.699, 31.132], [-81.671, 31.124], [-81.66, 31.124], [-81.654, 31.121], [-81.644, 31.117], [-81.633, 31.108], [-81.617, 31.117], [-81.604, 31.114], [-81.587, 31.118], [-81.576, 31.12], [-81.566, 31.131], [-81.559, 31.12], [-81.569, 31.102], [-81.569, 31.093], [-81.554, 31.08], [-81.533, 31.08], [-81.527, 31.063], [-81.496, 31.056], [-81.489, 31.042], [-81.471, 31.033], [-81.444, 31.019], [-81.306, 30.991], [-81.305, 30.986], [-81.305, 30.983], [-81.304, 30.979], [-81.305, 30.971], [-81.307, 30.962], [-81.312, 30.954], [-81.318, 30.948], [-81.326, 30.942], [-81.333, 30.937], [-81.335, 30.936], [-81.345, 30.931], [-81.345, 30.923], [-81.346, 30.917], [-81.347, 30.91], [-81.348, 30.905], [-81.349, 30.896], [-81.35, 30.889], [-81.352, 30.883], [-81.355, 30.875], [-81.357, 30.873], [-81.359, 30.868], [-81.359, 30.863], [-81.362, 30.856], [-81.363, 30.851], [-81.363, 30.846], [-81.363, 30.845], [-81.366, 30.84], [-81.368, 30.836], [-81.369, 30.831], [-81.371, 30.826], [-81.373, 30.822], [-81.375, 30.817], [-81.382, 30.806], [-81.385, 30.802], [-81.386, 30.801], [-81.387, 30.8], [-81.387, 30.8], [-81.387, 30.798], [-81.389, 30.796], [-81.391, 30.79], [-81.393, 30.785], [-81.395, 30.78], [-81.399, 30.771], [-81.4, 30.766], [-81.397, 30.766], [-81.391, 30.765], [-81.386, 30.763], [-81.381, 30.76], [-81.38, 30.76], [-81.376, 30.758], [-81.376, 30.758], [-81.375, 30.757], [-81.374, 30.757], [-81.372, 30.756], [-81.37, 30.754], [-81.367, 30.753], [-81.359, 30.744], [-81.355, 30.738], [-81.351, 30.731], [-81.35, 30.724], [-81.35, 30.721], [-81.35, 30.721], [-81.348, 30.717], [-81.347, 30.714], [-81.347, 30.712], [-81.485, 30.725], [-81.531, 30.724], [-81.545, 30.715], [-81.564, 30.714], [-81.589, 30.723], [-81.603, 30.729], [-81.621, 30.723], [-81.629, 30.734], [-81.65, 30.728], [-81.659, 30.743], [-81.665, 30.754], [-81.679, 30.745], [-81.679, 30.741], [-81.709, 30.748], [-81.733, 30.751], [-81.748, 30.767], [-81.771, 30.773], [-81.783, 30.765], [-81.793, 30.785], [-81.805, 30.789], [-81.836, 30.788], [-81.852, 30.795], [-81.877, 30.8], [-81.892, 30.817], [-81.905, 30.828], [-81.905, 30.828], [-81.905, 30.829], [-81.899, 30.866], [-81.896, 30.905], [-81.901, 30.914], [-81.915, 30.914], [-81.899, 30.945], [-81.898, 30.962], [-81.902, 30.97], [-81.906, 30.975], [-81.914, 30.975], [-81.918, 30.987], [-81.913, 30.991], [-81.913, 30.994], [-81.907, 31.0], [-81.91, 31.003], [-81.91, 31.009], [-81.909, 31.015], [-81.907, 31.02], [-81.906, 31.024], [-81.906, 31.029], [-81.904, 31.034], [-81.908, 31.04], [-81.915, 31.043], [-81.918, 31.043], [-81.928, 31.045], [-81.936, 31.048], [-81.936, 31.048], [-81.936, 31.048], [-81.933, 31.05], [-81.936, 31.052], [-81.932, 31.057], [-81.935, 31.062], [-81.93, 31.061], [-81.926, 31.062], [-81.927, 31.074], [-81.926, 31.08], [-81.924, 31.086], [-81.919, 31.09], [-81.921, 31.092], [-81.918, 31.093], [-81.913, 31.094], [-81.914, 31.095], [-81.909, 31.097], [-81.889, 31.101]]]}, "properties": {"county_fips": "13039", "county_name": "Camden", "state": "GA"}}, {"type": "Feature", "id": "13043", "geometry": {"type": "Polygon", "coordinates": [[[-82.18, 32.309], [-82.194, 32.311], [-82.2, 32.313], [-82.205, 32.313], [-82.211, 32.314], [-82.227, 32.318], [-82.232, 32.319], [-82.233, 32.319], [-82.233, 32.319], [-82.234, 32.32], [-82.236, 32.323], [-82.239, 32.327], [-82.237, 32.328], [-82.239, 32.331], [-82.239, 32.335], [-82.238, 32.338], [-82.24, 32.341], [-82.239, 32.344], [-82.24, 32.346], [-82.243, 32.347], [-82.244, 32.348], [-82.245, 32.347], [-82.247, 32.348], [-82.25, 32.348], [-82.252, 32.35], [-82.253, 32.351], [-82.246, 32.362], [-82.218, 32.395], [-82.2, 32.417], [-82.182, 32.469], [-82.159, 32.506], [-82.111, 32.542], [-82.072, 32.557], [-82.031, 32.539], [-82.03, 32.539], [-82.03, 32.539], [-81.971, 32.513], [-81.974, 32.506], [-81.98, 32.501], [-81.977, 32.498], [-81.975, 32.49], [-81.976, 32.48], [-81.974, 32.473], [-81.967, 32.466], [-81.961, 32.452], [-81.955, 32.448], [-81.95, 32.443], [-81.947, 32.44], [-81.941, 32.437], [-81.94, 32.427], [-81.935, 32.421], [-81.929, 32.42], [-81.925, 32.419], [-81.922, 32.417], [-81.929, 32.382], [-81.942, 32.342], [-81.953, 32.31], [-81.954, 32.3], [-81.958, 32.285], [-81.966, 32.273], [-81.969, 32.269], [-81.969, 32.269], [-81.969, 32.269], [-81.969, 32.269], [-81.97, 32.269], [-81.983, 32.272], [-81.983, 32.272], [-81.984, 32.273], [-81.987, 32.273], [-81.987, 32.273], [-81.988, 32.273], [-82.0, 32.276], [-82.003, 32.276], [-82.003, 32.276], [-82.003, 32.276], [-82.003, 32.276], [-82.003, 32.277], [-82.006, 32.277], [-82.007, 32.277], [-82.008, 32.277], [-82.012, 32.277], [-82.012, 32.277], [-82.012, 32.277], [-82.012, 32.277], [-82.013, 32.278], [-82.014, 32.278], [-82.014, 32.278], [-82.016, 32.278], [-82.025, 32.279], [-82.027, 32.279], [-82.036, 32.281], [-82.061, 32.286], [-82.063, 32.286], [-82.069, 32.287], [-82.082, 32.29], [-82.083, 32.29], [-82.083, 32.29], [-82.084, 32.29], [-82.088, 32.291], [-82.095, 32.292], [-82.107, 32.295], [-82.108, 32.295], [-82.12, 32.297], [-82.13, 32.299], [-82.139, 32.301], [-82.154, 32.304], [-82.168, 32.306], [-82.179, 32.308]]]}, "properties": {"county_fips": "13043", "county_name": "Candler", "state": "GA"}}, {"type": "Feature", "id": "13049", "geometry": {"type": "Polygon", "coordinates": [[[-82.101, 30.363], [-82.111, 30.367], [-82.121, 30.365], [-82.132, 30.363], [-82.146, 30.362], [-82.162, 30.357], [-82.172, 30.361], [-82.18, 30.372], [-82.192, 30.378], [-82.198, 30.391], [-82.204, 30.403], [-82.207, 30.416], [-82.21, 30.426], [-82.207, 30.435], [-82.204, 30.446], [-82.205, 30.456], [-82.206, 30.464], [-82.203, 30.471], [-82.203, 30.488], [-82.212, 30.499], [-82.227, 30.511], [-82.235, 30.53], [-82.23, 30.561], [-82.215, 30.568], [-82.213, 30.576], [-82.204, 30.606], [-82.193, 30.64], [-82.175, 30.701], [-82.167, 30.727], [-82.159, 30.755], [-82.167, 30.788], [-82.213, 30.792], [-82.258, 30.792], [-82.362, 30.794], [-82.382, 30.795], [-82.42, 30.818], [-82.419, 30.85], [-82.418, 30.873], [-82.418, 30.887], [-82.416, 30.927], [-82.415, 30.98], [-82.413, 31.014], [-82.391, 31.014], [-82.363, 31.013], [-82.351, 31.013], [-82.298, 31.013], [-82.275, 31.012], [-82.193, 31.011], [-82.155, 31.011], [-82.132, 31.011], [-82.132, 31.011], [-82.132, 31.011], [-82.128, 31.011], [-82.12, 31.011], [-82.114, 31.011], [-82.096, 31.01], [-82.087, 31.01], [-82.08, 31.016], [-82.074, 31.033], [-82.071, 31.042], [-82.066, 31.06], [-82.061, 31.075], [-82.055, 31.074], [-82.05, 31.073], [-82.035, 31.069], [-82.026, 31.068], [-82.023, 31.067], [-82.016, 31.065], [-82.006, 31.063], [-81.998, 31.061], [-81.984, 31.058], [-81.976, 31.056], [-81.967, 31.054], [-81.957, 31.052], [-81.951, 31.051], [-81.941, 31.049], [-81.936, 31.048], [-81.936, 31.048], [-81.936, 31.048], [-81.928, 31.045], [-81.918, 31.043], [-81.915, 31.043], [-81.908, 31.04], [-81.904, 31.034], [-81.906, 31.029], [-81.906, 31.024], [-81.907, 31.02], [-81.909, 31.015], [-81.91, 31.009], [-81.91, 31.003], [-81.907, 31.0], [-81.913, 30.994], [-81.913, 30.991], [-81.918, 30.987], [-81.914, 30.975], [-81.906, 30.975], [-81.902, 30.97], [-81.898, 30.962], [-81.899, 30.945], [-81.915, 30.914], [-81.901, 30.914], [-81.896, 30.905], [-81.899, 30.866], [-81.905, 30.829], [-81.905, 30.828], [-81.905, 30.828], [-81.935, 30.821], [-81.963, 30.816], [-81.979, 30.777], [-82.011, 30.791], [-82.017, 30.773], [-82.025, 30.752], [-82.043, 30.732], [-82.036, 30.707], [-82.043, 30.69], [-82.048, 30.661], [-82.039, 30.637], [-82.029, 30.622], [-82.013, 30.595], [-82.008, 30.577], [-82.009, 30.56], [-82.015, 30.54], [-82.019, 30.524], [-82.017, 30.496], [-82.018, 30.478], [-82.027, 30.452], [-82.037, 30.432], [-82.044, 30.415], [-82.04, 30.393], [-82.038, 30.373], [-82.05, 30.362], [-82.05, 30.362], [-82.058, 30.359], [-82.078, 30.36], [-82.101, 30.363]]]}, "properties": {"county_fips": "13049", "county_name": "Charlton", "state": "GA"}}, {"type": "Feature", "id": "13051", "geometry": {"type": "Polygon", "coordinates": [[[-81.237, 32.207], [-81.236, 32.209], [-81.224, 32.217], [-81.207, 32.229], [-81.192, 32.237], [-81.17, 32.232], [-81.161, 32.23], [-81.16, 32.23], [-81.155, 32.229], [-81.145, 32.226], [-81.145, 32.226], [-81.145, 32.226], [-81.15, 32.221], [-81.137, 32.214], [-81.122, 32.196], [-81.116, 32.193], [-81.118, 32.189], [-81.118, 32.177], [-81.11, 32.177], [-81.119, 32.175], [-81.129, 32.167], [-81.122, 32.162], [-81.116, 32.147], [-81.12, 32.133], [-81.116, 32.123], [-81.105, 32.112], [-81.087, 32.103], [-81.079, 32.099], [-81.065, 32.089], [-81.042, 32.084], [-81.013, 32.1], [-81.003, 32.1], [-80.992, 32.092], [-80.97, 32.074], [-80.947, 32.061], [-80.904, 32.037], [-80.751, 32.033], [-80.752, 32.033], [-80.752, 32.032], [-80.753, 32.032], [-80.754, 32.03], [-80.755, 32.029], [-80.758, 32.026], [-80.763, 32.023], [-80.766, 32.021], [-80.77, 32.02], [-80.771, 32.018], [-80.774, 32.015], [-80.776, 32.014], [-80.781, 32.011], [-80.781, 32.01], [-80.781, 32.009], [-80.781, 32.008], [-80.781, 32.005], [-80.782, 32.001], [-80.782, 32.001], [-80.782, 32.0], [-80.782, 32.0], [-80.783, 31.998], [-80.783, 31.996], [-80.783, 31.995], [-80.783, 31.994], [-80.784, 31.993], [-80.785, 31.988], [-80.786, 31.986], [-80.786, 31.982], [-80.786, 31.98], [-80.787, 31.976], [-80.788, 31.97], [-80.79, 31.964], [-80.792, 31.96], [-80.796, 31.953], [-80.804, 31.946], [-80.815, 31.94], [-80.819, 31.934], [-80.827, 31.928], [-80.829, 31.927], [-80.835, 31.924], [-80.843, 31.919], [-80.855, 31.911], [-80.862, 31.899], [-80.865, 31.894], [-80.87, 31.888], [-80.875, 31.881], [-80.875, 31.881], [-80.88, 31.875], [-80.88, 31.875], [-80.889, 31.866], [-80.891, 31.861], [-80.897, 31.853], [-80.905, 31.846], [-80.912, 31.841], [-80.917, 31.838], [-80.918, 31.834], [-80.922, 31.825], [-80.929, 31.817], [-80.938, 31.809], [-80.942, 31.807], [-80.95, 31.803], [-80.96, 31.8], [-80.971, 31.798], [-80.973, 31.788], [-80.977, 31.781], [-80.981, 31.775], [-80.983, 31.773], [-80.992, 31.764], [-80.996, 31.762], [-80.996, 31.756], [-80.997, 31.75], [-80.997, 31.748], [-81.0, 31.744], [-81.001, 31.743], [-81.002, 31.741], [-81.014, 31.729], [-81.026, 31.72], [-81.057, 31.715], [-81.052, 31.705], [-81.125, 31.71], [-81.128, 31.71], [-81.13, 31.71], [-81.131, 31.71], [-81.134, 31.71], [-81.136, 31.711], [-81.141, 31.711], [-81.142, 31.711], [-81.144, 31.711], [-81.147, 31.712], [-81.149, 31.712], [-81.151, 31.712], [-81.155, 31.713], [-81.155, 31.713], [-81.171, 31.754], [-81.16, 31.783], [-81.178, 31.804], [-81.159, 31.83], [-81.14, 31.857], [-81.16, 31.875], [-81.223, 31.893], [-81.204, 31.922], [-81.235, 31.889], [-81.235, 31.91], [-81.265, 31.918], [-81.273, 31.942], [-81.289, 31.956], [-81.29, 31.979], [-81.309, 31.997], [-81.319, 32.007], [-81.324, 32.021], [-81.337, 32.031], [-81.347, 32.035], [-81.351, 32.035], [-81.364, 32.048], [-81.367, 32.056], [-81.374, 32.068], [-81.385, 32.079], [-81.392, 32.096], [-81.392, 32.096], [-81.392, 32.096], [-81.388, 32.099], [-81.381, 32.104], [-81.366, 32.115], [-81.361, 32.118], [-81.343, 32.131], [-81.338, 32.134], [-81.335, 32.137], [-81.332, 32.139], [-81.331, 32.14], [-81.319, 32.148], [-81.313, 32.153], [-81.31, 32.155], [-81.286, 32.172], [-81.28, 32.177], [-81.254, 32.195]]]}, "properties": {"county_fips": "13051", "county_name": "Chatham", "state": "GA"}}, {"type": "Feature", "id": "13061", "geometry": {"type": "Polygon", "coordinates": [[[-84.852, 31.501], [-84.877, 31.502], [-84.89, 31.502], [-84.915, 31.502], [-84.938, 31.502], [-84.943, 31.502], [-84.945, 31.5], [-84.949, 31.499], [-84.954, 31.497], [-84.959, 31.494], [-84.964, 31.493], [-84.966, 31.495], [-84.973, 31.497], [-84.975, 31.495], [-84.98, 31.491], [-84.988, 31.489], [-84.995, 31.488], [-85.004, 31.487], [-85.029, 31.487], [-85.029, 31.509], [-85.031, 31.518], [-85.035, 31.516], [-85.038, 31.516], [-85.04, 31.518], [-85.044, 31.517], [-85.045, 31.517], [-85.045, 31.518], [-85.046, 31.531], [-85.045, 31.548], [-85.056, 31.567], [-85.055, 31.577], [-85.058, 31.586], [-85.056, 31.603], [-85.06, 31.608], [-85.058, 31.619], [-85.069, 31.626], [-85.078, 31.634], [-85.086, 31.638], [-85.085, 31.646], [-85.078, 31.651], [-85.09, 31.659], [-85.103, 31.671], [-85.117, 31.689], [-85.126, 31.697], [-85.126, 31.704], [-85.127, 31.712], [-85.125, 31.719], [-85.122, 31.728], [-85.121, 31.739], [-85.125, 31.75], [-85.127, 31.753], [-85.128, 31.762], [-85.127, 31.763], [-85.127, 31.763], [-85.127, 31.763], [-85.127, 31.763], [-85.126, 31.764], [-85.126, 31.765], [-85.125, 31.766], [-85.125, 31.766], [-85.125, 31.767], [-85.126, 31.768], [-85.126, 31.769], [-85.127, 31.77], [-85.128, 31.771], [-85.129, 31.771], [-85.131, 31.772], [-85.131, 31.773], [-85.131, 31.773], [-85.133, 31.774], [-85.135, 31.775], [-85.136, 31.776], [-85.137, 31.777], [-85.138, 31.778], [-85.139, 31.778], [-85.14, 31.779], [-85.14, 31.779], [-85.14, 31.78], [-85.141, 31.78], [-85.141, 31.78], [-85.141, 31.78], [-85.12, 31.78], [-85.105, 31.78], [-85.104, 31.779], [-85.103, 31.779], [-85.101, 31.779], [-85.1, 31.779], [-85.099, 31.779], [-85.098, 31.779], [-85.096, 31.779], [-85.092, 31.779], [-85.082, 31.779], [-85.074, 31.771], [-85.06, 31.771], [-85.049, 31.771], [-85.044, 31.771], [-85.033, 31.771], [-85.027, 31.772], [-85.027, 31.779], [-85.018, 31.779], [-85.005, 31.779], [-85.001, 31.778], [-84.999, 31.778], [-84.967, 31.778], [-84.962, 31.778], [-84.961, 31.778], [-84.959, 31.778], [-84.959, 31.778], [-84.959, 31.735], [-84.949, 31.713], [-84.945, 31.68], [-84.931, 31.672], [-84.931, 31.655], [-84.942, 31.653], [-84.942, 31.619], [-84.923, 31.619], [-84.909, 31.619], [-84.875, 31.619], [-84.875, 31.619], [-84.87, 31.619], [-84.863, 31.619], [-84.862, 31.619], [-84.852, 31.619], [-84.85, 31.619], [-84.849, 31.619], [-84.848, 31.619], [-84.848, 31.619], [-84.848, 31.619], [-84.848, 31.619], [-84.847, 31.619], [-84.833, 31.619], [-84.832, 31.62], [-84.826, 31.62], [-84.818, 31.62], [-84.818, 31.62], [-84.828, 31.6], [-84.828, 31.595], [-84.827, 31.593], [-84.821, 31.593], [-84.818, 31.591], [-84.818, 31.589], [-84.818, 31.582], [-84.819, 31.571], [-84.817, 31.566], [-84.809, 31.565], [-84.8, 31.565], [-84.809, 31.557], [-84.81, 31.549], [-84.819, 31.548], [-84.819, 31.544], [-84.819, 31.543], [-84.819, 31.535], [-84.819, 31.531], [-84.813, 31.531], [-84.811, 31.531], [-84.81, 31.524], [-84.81, 31.52], [-84.82, 31.519], [-84.82, 31.509], [-84.82, 31.501], [-84.82, 31.501], [-84.821, 31.501]]]}, "properties": {"county_fips": "13061", "county_name": "Clay", "state": "GA"}}, {"type": "Feature", "id": "13065", "geometry": {"type": "Polygon", "coordinates": [[[-82.549, 30.995], [-82.537, 30.985], [-82.53, 30.974], [-82.515, 30.963], [-82.49, 30.945], [-82.492, 30.832], [-82.436, 30.784], [-82.435, 30.729], [-82.432, 30.697], [-82.431, 30.639], [-82.419, 30.582], [-82.419, 30.582], [-82.422, 30.582], [-82.422, 30.582], [-82.425, 30.582], [-82.429, 30.582], [-82.432, 30.583], [-82.448, 30.584], [-82.453, 30.584], [-82.454, 30.584], [-82.46, 30.584], [-82.46, 30.584], [-82.46, 30.584], [-82.468, 30.585], [-82.471, 30.585], [-82.476, 30.585], [-82.489, 30.586], [-82.496, 30.586], [-82.498, 30.587], [-82.517, 30.588], [-82.525, 30.588], [-82.525, 30.588], [-82.527, 30.588], [-82.532, 30.589], [-82.534, 30.589], [-82.535, 30.589], [-82.536, 30.589], [-82.545, 30.589], [-82.548, 30.59], [-82.55, 30.59], [-82.553, 30.59], [-82.553, 30.59], [-82.555, 30.59], [-82.56, 30.59], [-82.565, 30.591], [-82.569, 30.591], [-82.571, 30.591], [-82.582, 30.591], [-82.584, 30.592], [-82.584, 30.594], [-82.58, 30.659], [-82.585, 30.677], [-82.581, 30.69], [-82.583, 30.697], [-82.59, 30.705], [-82.6, 30.711], [-82.61, 30.713], [-82.62, 30.717], [-82.631, 30.718], [-82.642, 30.719], [-82.654, 30.721], [-82.664, 30.724], [-82.675, 30.725], [-82.685, 30.73], [-82.698, 30.734], [-82.72, 30.73], [-82.741, 30.733], [-82.773, 30.735], [-82.808, 30.76], [-82.816, 30.776], [-82.833, 30.786], [-82.83, 30.811], [-82.841, 30.824], [-82.847, 30.834], [-82.971, 30.869], [-82.971, 30.869], [-82.971, 30.873], [-82.971, 30.884], [-82.971, 30.9], [-82.971, 30.902], [-82.971, 30.918], [-82.971, 30.933], [-82.971, 30.941], [-82.97, 30.95], [-82.97, 30.962], [-82.97, 30.975], [-82.97, 30.988], [-82.97, 31.0], [-82.97, 31.015], [-82.97, 31.025], [-82.97, 31.032], [-82.97, 31.04], [-82.97, 31.058], [-82.97, 31.069], [-82.97, 31.091], [-82.97, 31.097], [-82.97, 31.116], [-82.97, 31.128], [-82.97, 31.14], [-82.97, 31.151], [-82.97, 31.164], [-82.97, 31.169], [-82.97, 31.184], [-82.97, 31.184], [-82.96, 31.184], [-82.935, 31.184], [-82.933, 31.184], [-82.925, 31.184], [-82.915, 31.184], [-82.906, 31.184], [-82.89, 31.184], [-82.879, 31.184], [-82.872, 31.184], [-82.851, 31.184], [-82.846, 31.184], [-82.845, 31.184], [-82.838, 31.184], [-82.82, 31.184], [-82.803, 31.184], [-82.784, 31.183], [-82.775, 31.183], [-82.765, 31.183], [-82.754, 31.183], [-82.731, 31.183], [-82.716, 31.183], [-82.704, 31.183], [-82.695, 31.183], [-82.682, 31.184], [-82.672, 31.183], [-82.672, 31.183], [-82.671, 31.181], [-82.663, 31.167], [-82.652, 31.142], [-82.639, 31.116], [-82.628, 31.094], [-82.622, 31.079], [-82.612, 31.059], [-82.602, 31.038], [-82.595, 31.024], [-82.589, 31.018], [-82.583, 31.014], [-82.574, 31.01], [-82.566, 31.007], [-82.559, 31.003], [-82.553, 31.002]]]}, "properties": {"county_fips": "13065", "county_name": "Clinch", "state": "GA"}}, {"type": "Feature", "id": "13069", "geometry": {"type": "Polygon", "coordinates": [[[-83.102, 31.493], [-83.098, 31.503], [-83.091, 31.511], [-83.084, 31.515], [-83.082, 31.525], [-83.073, 31.535], [-83.068, 31.545], [-83.063, 31.56], [-83.06, 31.565], [-83.06, 31.58], [-83.059, 31.601], [-83.058, 31.611], [-83.045, 31.613], [-83.04, 31.624], [-83.03, 31.632], [-83.021, 31.636], [-83.014, 31.637], [-83.014, 31.656], [-83.003, 31.66], [-82.998, 31.673], [-82.998, 31.674], [-82.998, 31.679], [-82.998, 31.679], [-82.998, 31.685], [-82.998, 31.692], [-82.998, 31.697], [-82.998, 31.703], [-82.997, 31.709], [-82.997, 31.712], [-82.997, 31.723], [-82.997, 31.729], [-82.997, 31.731], [-82.997, 31.734], [-82.997, 31.738], [-82.997, 31.74], [-82.997, 31.741], [-82.997, 31.743], [-82.997, 31.747], [-82.997, 31.749], [-82.997, 31.751], [-82.996, 31.762], [-82.996, 31.763], [-82.996, 31.77], [-82.996, 31.776], [-82.996, 31.779], [-82.996, 31.78], [-82.996, 31.781], [-82.996, 31.781], [-82.99, 31.78], [-82.986, 31.787], [-82.982, 31.786], [-82.974, 31.791], [-82.969, 31.788], [-82.959, 31.786], [-82.948, 31.785], [-82.944, 31.787], [-82.937, 31.786], [-82.929, 31.786], [-82.916, 31.783], [-82.904, 31.788], [-82.899, 31.785], [-82.892, 31.782], [-82.883, 31.782], [-82.881, 31.786], [-82.874, 31.785], [-82.875, 31.781], [-82.869, 31.785], [-82.862, 31.787], [-82.858, 31.794], [-82.85, 31.798], [-82.842, 31.805], [-82.841, 31.81], [-82.837, 31.811], [-82.836, 31.811], [-82.836, 31.811], [-82.836, 31.808], [-82.837, 31.793], [-82.837, 31.778], [-82.837, 31.77], [-82.837, 31.757], [-82.837, 31.744], [-82.837, 31.724], [-82.837, 31.704], [-82.837, 31.676], [-82.826, 31.671], [-82.819, 31.671], [-82.817, 31.671], [-82.798, 31.672], [-82.781, 31.672], [-82.771, 31.672], [-82.758, 31.672], [-82.745, 31.672], [-82.717, 31.672], [-82.713, 31.672], [-82.704, 31.672], [-82.699, 31.672], [-82.688, 31.672], [-82.668, 31.672], [-82.647, 31.673], [-82.63, 31.673], [-82.627, 31.673], [-82.627, 31.672], [-82.627, 31.664], [-82.627, 31.653], [-82.627, 31.641], [-82.628, 31.626], [-82.627, 31.623], [-82.627, 31.619], [-82.627, 31.612], [-82.628, 31.601], [-82.628, 31.571], [-82.622, 31.558], [-82.618, 31.558], [-82.612, 31.558], [-82.608, 31.558], [-82.596, 31.558], [-82.596, 31.554], [-82.596, 31.545], [-82.596, 31.538], [-82.597, 31.53], [-82.597, 31.525], [-82.597, 31.521], [-82.597, 31.512], [-82.597, 31.503], [-82.597, 31.494], [-82.598, 31.479], [-82.597, 31.469], [-82.597, 31.469], [-82.598, 31.469], [-82.605, 31.469], [-82.61, 31.469], [-82.612, 31.469], [-82.62, 31.469], [-82.625, 31.469], [-82.628, 31.469], [-82.628, 31.467], [-82.628, 31.462], [-82.628, 31.451], [-82.628, 31.443], [-82.628, 31.435], [-82.629, 31.428], [-82.629, 31.419], [-82.629, 31.415], [-82.629, 31.412], [-82.629, 31.41], [-82.629, 31.407], [-82.629, 31.406], [-82.629, 31.4], [-82.629, 31.395], [-82.629, 31.389], [-82.629, 31.377], [-82.629, 31.374], [-82.629, 31.366], [-82.629, 31.365], [-82.629, 31.364], [-82.633, 31.364], [-82.659, 31.364], [-82.675, 31.364], [-82.69, 31.364], [-82.706, 31.364], [-82.723, 31.364], [-82.751, 31.364], [-82.77, 31.364], [-82.806, 31.364], [-82.822, 31.37], [-82.823, 31.375], [-82.828, 31.377], [-82.831, 31.38], [-82.836, 31.388], [-82.836, 31.394], [-82.837, 31.399], [-82.841, 31.401], [-82.858, 31.403], [-82.88, 31.403], [-82.908, 31.403], [-82.935, 31.403], [-82.958, 31.408], [-82.98, 31.418], [-83.021, 31.418], [-83.076, 31.419], [-83.14, 31.42], [-83.14, 31.42], [-83.14, 31.421], [-83.14, 31.425], [-83.139, 31.427], [-83.137, 31.429], [-83.136, 31.431], [-83.137, 31.433], [-83.138, 31.435], [-83.138, 31.436], [-83.14, 31.437], [-83.139, 31.439], [-83.139, 31.443], [-83.14, 31.445], [-83.14, 31.446], [-83.142, 31.447], [-83.142, 31.449], [-83.143, 31.451], [-83.145, 31.455], [-83.146, 31.455], [-83.149, 31.456], [-83.151, 31.459], [-83.151, 31.461], [-83.151, 31.462], [-83.149, 31.464], [-83.146, 31.469], [-83.145, 31.47], [-83.146, 31.471], [-83.146, 31.472], [-83.145, 31.472], [-83.136, 31.473], [-83.126, 31.474], [-83.118, 31.475], [-83.114, 31.478], [-83.11, 31.482], [-83.102, 31.493]]]}, "properties": {"county_fips": "13069", "county_name": "Coffee", "state": "GA"}}, {"type": "Feature", "id": "13071", "geometry": {"type": "Polygon", "coordinates": [[[-84.002, 31.164], [-84.002, 31.172], [-84.002, 31.177], [-84.002, 31.186], [-84.002, 31.198], [-84.002, 31.21], [-84.002, 31.222], [-84.002, 31.23], [-84.001, 31.239], [-84.001, 31.262], [-84.001, 31.28], [-84.0, 31.284], [-84.0, 31.29], [-84.0, 31.298], [-84.0, 31.307], [-84.0, 31.325], [-83.999, 31.334], [-83.999, 31.335], [-83.999, 31.335], [-83.985, 31.335], [-83.969, 31.335], [-83.956, 31.334], [-83.946, 31.334], [-83.938, 31.334], [-83.926, 31.334], [-83.912, 31.334], [-83.893, 31.334], [-83.882, 31.333], [-83.873, 31.333], [-83.859, 31.333], [-83.849, 31.333], [-83.829, 31.333], [-83.81, 31.333], [-83.791, 31.333], [-83.776, 31.332], [-83.759, 31.332], [-83.756, 31.319], [-83.739, 31.319], [-83.718, 31.318], [-83.714, 31.322], [-83.714, 31.33], [-83.698, 31.331], [-83.677, 31.331], [-83.654, 31.331], [-83.654, 31.331], [-83.654, 31.331], [-83.642, 31.331], [-83.639, 31.33], [-83.636, 31.33], [-83.63, 31.33], [-83.625, 31.33], [-83.623, 31.33], [-83.62, 31.33], [-83.616, 31.33], [-83.611, 31.33], [-83.609, 31.33], [-83.603, 31.33], [-83.601, 31.33], [-83.6, 31.33], [-83.595, 31.33], [-83.583, 31.329], [-83.576, 31.329], [-83.573, 31.329], [-83.563, 31.329], [-83.559, 31.329], [-83.555, 31.329], [-83.54, 31.328], [-83.537, 31.328], [-83.528, 31.328], [-83.523, 31.328], [-83.513, 31.327], [-83.513, 31.327], [-83.513, 31.327], [-83.514, 31.309], [-83.511, 31.295], [-83.507, 31.28], [-83.507, 31.264], [-83.508, 31.253], [-83.511, 31.241], [-83.511, 31.225], [-83.51, 31.218], [-83.511, 31.214], [-83.511, 31.206], [-83.519, 31.196], [-83.525, 31.192], [-83.529, 31.185], [-83.535, 31.181], [-83.543, 31.17], [-83.544, 31.15], [-83.55, 31.148], [-83.557, 31.13], [-83.558, 31.122], [-83.559, 31.11], [-83.562, 31.104], [-83.568, 31.099], [-83.568, 31.094], [-83.574, 31.085], [-83.575, 31.078], [-83.575, 31.078], [-83.575, 31.078], [-83.574, 31.071], [-83.574, 31.069], [-83.574, 31.068], [-83.574, 31.068], [-83.574, 31.064], [-83.574, 31.061], [-83.574, 31.052], [-83.574, 31.051], [-83.574, 31.037], [-83.576, 31.034], [-83.584, 31.034], [-83.591, 31.034], [-83.608, 31.035], [-83.617, 31.035], [-83.623, 31.035], [-83.641, 31.036], [-83.648, 31.036], [-83.661, 31.036], [-83.682, 31.037], [-83.685, 31.037], [-83.699, 31.037], [-83.706, 31.037], [-83.714, 31.037], [-83.718, 31.037], [-83.736, 31.038], [-83.736, 31.038], [-83.737, 31.038], [-83.748, 31.038], [-83.749, 31.038], [-83.75, 31.038], [-83.756, 31.038], [-83.766, 31.038], [-83.773, 31.038], [-83.781, 31.037], [-83.781, 31.03], [-83.785, 31.026], [-83.796, 31.026], [-83.796, 31.036], [-83.796, 31.039], [-83.833, 31.039], [-83.836, 31.039], [-83.85, 31.04], [-83.886, 31.04], [-83.893, 31.04], [-83.911, 31.04], [-83.935, 31.041], [-83.946, 31.041], [-83.955, 31.041], [-83.988, 31.041], [-84.004, 31.044], [-84.004, 31.068], [-84.004, 31.077], [-84.004, 31.077], [-84.004, 31.077], [-84.003, 31.087], [-84.003, 31.102], [-84.014, 31.105], [-84.014, 31.111], [-84.007, 31.112], [-84.003, 31.116], [-84.003, 31.126], [-84.003, 31.146]]]}, "properties": {"county_fips": "13071", "county_name": "Colquitt", "state": "GA"}}, {"type": "Feature", "id": "13075", "geometry": {"type": "Polygon", "coordinates": [[[-83.295, 31.074], [-83.288, 31.069], [-83.28, 31.063], [-83.285, 31.051], [-83.288, 31.038], [-83.295, 31.028], [-83.296, 31.027], [-83.296, 31.027], [-83.296, 31.027], [-83.306, 31.027], [-83.311, 31.027], [-83.319, 31.028], [-83.321, 31.028], [-83.323, 31.028], [-83.326, 31.028], [-83.332, 31.028], [-83.341, 31.028], [-83.348, 31.028], [-83.351, 31.029], [-83.357, 31.029], [-83.365, 31.029], [-83.376, 31.029], [-83.387, 31.03], [-83.393, 31.03], [-83.408, 31.03], [-83.427, 31.03], [-83.429, 31.031], [-83.438, 31.031], [-83.442, 31.031], [-83.447, 31.031], [-83.45, 31.031], [-83.452, 31.031], [-83.476, 31.032], [-83.476, 31.032], [-83.475, 31.032], [-83.482, 31.033], [-83.49, 31.036], [-83.493, 31.039], [-83.496, 31.042], [-83.498, 31.048], [-83.501, 31.052], [-83.504, 31.051], [-83.507, 31.049], [-83.515, 31.051], [-83.52, 31.052], [-83.524, 31.054], [-83.527, 31.055], [-83.53, 31.051], [-83.537, 31.052], [-83.543, 31.052], [-83.548, 31.053], [-83.551, 31.054], [-83.551, 31.056], [-83.555, 31.058], [-83.56, 31.063], [-83.566, 31.068], [-83.571, 31.072], [-83.572, 31.076], [-83.573, 31.077], [-83.575, 31.078], [-83.575, 31.078], [-83.575, 31.078], [-83.574, 31.085], [-83.568, 31.094], [-83.568, 31.099], [-83.562, 31.104], [-83.559, 31.11], [-83.558, 31.122], [-83.557, 31.13], [-83.55, 31.148], [-83.544, 31.15], [-83.543, 31.17], [-83.535, 31.181], [-83.529, 31.185], [-83.525, 31.192], [-83.519, 31.196], [-83.511, 31.206], [-83.511, 31.214], [-83.51, 31.218], [-83.511, 31.225], [-83.511, 31.241], [-83.508, 31.253], [-83.507, 31.264], [-83.507, 31.28], [-83.511, 31.295], [-83.514, 31.309], [-83.513, 31.327], [-83.513, 31.327], [-83.512, 31.327], [-83.509, 31.327], [-83.507, 31.327], [-83.506, 31.327], [-83.5, 31.327], [-83.496, 31.327], [-83.492, 31.327], [-83.481, 31.327], [-83.477, 31.327], [-83.474, 31.327], [-83.47, 31.326], [-83.463, 31.326], [-83.461, 31.326], [-83.461, 31.33], [-83.46, 31.333], [-83.46, 31.333], [-83.455, 31.334], [-83.453, 31.334], [-83.449, 31.335], [-83.446, 31.336], [-83.446, 31.336], [-83.445, 31.342], [-83.445, 31.349], [-83.443, 31.35], [-83.44, 31.35], [-83.435, 31.35], [-83.434, 31.35], [-83.433, 31.338], [-83.436, 31.325], [-83.435, 31.303], [-83.418, 31.292], [-83.404, 31.278], [-83.388, 31.261], [-83.375, 31.253], [-83.353, 31.251], [-83.334, 31.234], [-83.332, 31.214], [-83.334, 31.191], [-83.323, 31.178], [-83.306, 31.16], [-83.312, 31.136], [-83.322, 31.12], [-83.322, 31.107], [-83.322, 31.098], [-83.307, 31.091], [-83.302, 31.084], [-83.295, 31.074]]]}, "properties": {"county_fips": "13075", "county_name": "Cook", "state": "GA"}}, {"type": "Feature", "id": "13081", "geometry": {"type": "Polygon", "coordinates": [[[-83.939, 31.848], [-83.938, 31.849], [-83.938, 31.851], [-83.938, 31.855], [-83.937, 31.858], [-83.934, 31.859], [-83.932, 31.86], [-83.928, 31.862], [-83.927, 31.863], [-83.927, 31.866], [-83.928, 31.868], [-83.929, 31.871], [-83.929, 31.873], [-83.93, 31.875], [-83.931, 31.877], [-83.934, 31.881], [-83.933, 31.883], [-83.931, 31.885], [-83.929, 31.885], [-83.929, 31.887], [-83.931, 31.891], [-83.933, 31.895], [-83.932, 31.899], [-83.928, 31.903], [-83.924, 31.907], [-83.923, 31.909], [-83.922, 31.91], [-83.922, 31.91], [-83.922, 31.913], [-83.921, 31.917], [-83.919, 31.925], [-83.923, 31.932], [-83.927, 31.939], [-83.925, 31.948], [-83.926, 31.95], [-83.93, 31.955], [-83.934, 31.959], [-83.932, 31.962], [-83.934, 31.966], [-83.938, 31.974], [-83.942, 31.978], [-83.944, 31.982], [-83.947, 31.99], [-83.946, 31.992], [-83.945, 31.994], [-83.949, 31.996], [-83.951, 32.001], [-83.952, 32.006], [-83.951, 32.011], [-83.951, 32.016], [-83.955, 32.02], [-83.957, 32.02], [-83.961, 32.03], [-83.961, 32.031], [-83.961, 32.031], [-83.96, 32.031], [-83.959, 32.031], [-83.956, 32.031], [-83.955, 32.031], [-83.948, 32.03], [-83.942, 32.03], [-83.894, 32.03], [-83.873, 32.03], [-83.862, 32.03], [-83.832, 32.03], [-83.82, 32.03], [-83.813, 32.03], [-83.796, 32.03], [-83.786, 32.03], [-83.764, 32.029], [-83.748, 32.029], [-83.727, 32.029], [-83.719, 32.029], [-83.717, 32.029], [-83.71, 32.029], [-83.691, 32.028], [-83.69, 32.028], [-83.662, 32.028], [-83.641, 32.028], [-83.612, 32.028], [-83.61, 32.028], [-83.61, 32.028], [-83.61, 32.027], [-83.61, 32.02], [-83.61, 32.0], [-83.611, 31.972], [-83.611, 31.96], [-83.611, 31.959], [-83.611, 31.959], [-83.611, 31.959], [-83.611, 31.955], [-83.611, 31.954], [-83.611, 31.954], [-83.611, 31.953], [-83.611, 31.952], [-83.611, 31.945], [-83.611, 31.944], [-83.611, 31.941], [-83.611, 31.936], [-83.611, 31.925], [-83.612, 31.914], [-83.612, 31.901], [-83.612, 31.893], [-83.612, 31.892], [-83.612, 31.892], [-83.612, 31.88], [-83.612, 31.86], [-83.612, 31.854], [-83.612, 31.84], [-83.612, 31.839], [-83.612, 31.816], [-83.625, 31.804], [-83.641, 31.804], [-83.651, 31.804], [-83.665, 31.804], [-83.704, 31.805], [-83.705, 31.805], [-83.709, 31.805], [-83.712, 31.805], [-83.713, 31.805], [-83.713, 31.805], [-83.719, 31.805], [-83.73, 31.805], [-83.749, 31.805], [-83.761, 31.804], [-83.762, 31.804], [-83.769, 31.804], [-83.778, 31.804], [-83.778, 31.804], [-83.779, 31.804], [-83.784, 31.804], [-83.784, 31.804], [-83.79, 31.804], [-83.797, 31.804], [-83.802, 31.803], [-83.802, 31.804], [-83.808, 31.804], [-83.813, 31.807], [-83.816, 31.812], [-83.825, 31.811], [-83.829, 31.813], [-83.836, 31.819], [-83.84, 31.824], [-83.842, 31.826], [-83.845, 31.831], [-83.85, 31.82], [-83.855, 31.833], [-83.86, 31.837], [-83.867, 31.837], [-83.872, 31.838], [-83.875, 31.837], [-83.88, 31.837], [-83.884, 31.839], [-83.892, 31.841], [-83.897, 31.841], [-83.901, 31.842], [-83.914, 31.847], [-83.919, 31.848], [-83.924, 31.848], [-83.933, 31.845], [-83.939, 31.848], [-83.939, 31.848]]]}, "properties": {"county_fips": "13081", "county_name": "Crisp", "state": "GA"}}, {"type": "Feature", "id": "13087", "geometry": {"type": "Polygon", "coordinates": [[[-84.539, 30.697], [-84.569, 30.698], [-84.591, 30.699], [-84.606, 30.7], [-84.625, 30.701], [-84.645, 30.702], [-84.654, 30.702], [-84.666, 30.703], [-84.678, 30.704], [-84.721, 30.705], [-84.742, 30.706], [-84.755, 30.707], [-84.772, 30.708], [-84.822, 30.71], [-84.825, 30.71], [-84.849, 30.711], [-84.863, 30.711], [-84.863, 30.712], [-84.871, 30.731], [-84.862, 30.751], [-84.856, 30.762], [-84.85, 30.772], [-84.839, 30.777], [-84.828, 30.779], [-84.822, 30.78], [-84.815, 30.783], [-84.813, 30.783], [-84.809, 30.788], [-84.806, 30.795], [-84.803, 30.799], [-84.797, 30.801], [-84.792, 30.802], [-84.789, 30.8], [-84.787, 30.805], [-84.788, 30.81], [-84.787, 30.817], [-84.783, 30.827], [-84.773, 30.833], [-84.769, 30.837], [-84.77, 30.85], [-84.755, 30.92], [-84.755, 30.982], [-84.731, 31.067], [-84.731, 31.069], [-84.73, 31.069], [-84.722, 31.069], [-84.71, 31.069], [-84.706, 31.069], [-84.705, 31.069], [-84.695, 31.069], [-84.685, 31.068], [-84.674, 31.068], [-84.666, 31.068], [-84.665, 31.068], [-84.663, 31.068], [-84.646, 31.071], [-84.645, 31.079], [-84.641, 31.079], [-84.635, 31.079], [-84.629, 31.079], [-84.618, 31.079], [-84.609, 31.079], [-84.598, 31.079], [-84.59, 31.079], [-84.58, 31.079], [-84.578, 31.079], [-84.576, 31.079], [-84.572, 31.079], [-84.56, 31.079], [-84.543, 31.079], [-84.543, 31.079], [-84.522, 31.079], [-84.522, 31.079], [-84.522, 31.079], [-84.51, 31.078], [-84.509, 31.078], [-84.509, 31.078], [-84.508, 31.078], [-84.508, 31.078], [-84.507, 31.078], [-84.499, 31.079], [-84.496, 31.079], [-84.492, 31.079], [-84.486, 31.079], [-84.477, 31.079], [-84.465, 31.079], [-84.461, 31.079], [-84.459, 31.079], [-84.448, 31.079], [-84.439, 31.079], [-84.436, 31.079], [-84.428, 31.079], [-84.424, 31.079], [-84.419, 31.079], [-84.416, 31.079], [-84.415, 31.079], [-84.413, 31.079], [-84.41, 31.079], [-84.406, 31.079], [-84.404, 31.079], [-84.398, 31.079], [-84.393, 31.079], [-84.383, 31.079], [-84.381, 31.079], [-84.377, 31.079], [-84.377, 31.079], [-84.377, 31.079], [-84.376, 31.046], [-84.376, 31.018], [-84.376, 30.999], [-84.376, 30.988], [-84.376, 30.949], [-84.376, 30.931], [-84.377, 30.916], [-84.377, 30.905], [-84.377, 30.891], [-84.378, 30.881], [-84.378, 30.879], [-84.378, 30.865], [-84.378, 30.855], [-84.378, 30.847], [-84.378, 30.843], [-84.379, 30.826], [-84.379, 30.813], [-84.379, 30.801], [-84.379, 30.79], [-84.379, 30.774], [-84.38, 30.741], [-84.38, 30.732], [-84.38, 30.706], [-84.381, 30.699], [-84.381, 30.692], [-84.381, 30.69], [-84.381, 30.69], [-84.398, 30.691], [-84.421, 30.691], [-84.459, 30.692], [-84.476, 30.693], [-84.501, 30.695], [-84.517, 30.696], [-84.532, 30.697], [-84.537, 30.697], [-84.539, 30.697]]]}, "properties": {"county_fips": "13087", "county_name": "Decatur", "state": "GA"}}, {"type": "Feature", "id": "13091", "geometry": {"type": "Polygon", "coordinates": [[[-83.166, 31.934], [-83.168, 31.933], [-83.191, 31.912], [-83.194, 31.91], [-83.206, 31.9], [-83.206, 31.9], [-83.218, 31.915], [-83.222, 31.928], [-83.227, 31.938], [-83.239, 31.948], [-83.243, 31.948], [-83.264, 31.955], [-83.278, 31.968], [-83.288, 31.984], [-83.285, 31.992], [-83.285, 31.998], [-83.29, 32.003], [-83.292, 32.006], [-83.292, 32.021], [-83.295, 32.028], [-83.297, 32.036], [-83.299, 32.042], [-83.305, 32.046], [-83.301, 32.055], [-83.305, 32.073], [-83.298, 32.08], [-83.306, 32.089], [-83.319, 32.088], [-83.324, 32.1], [-83.33, 32.103], [-83.337, 32.106], [-83.337, 32.106], [-83.337, 32.106], [-83.327, 32.115], [-83.324, 32.117], [-83.318, 32.121], [-83.309, 32.126], [-83.311, 32.128], [-83.317, 32.144], [-83.323, 32.149], [-83.325, 32.15], [-83.32, 32.154], [-83.319, 32.156], [-83.311, 32.163], [-83.303, 32.169], [-83.295, 32.175], [-83.291, 32.179], [-83.304, 32.19], [-83.309, 32.194], [-83.319, 32.202], [-83.323, 32.205], [-83.333, 32.215], [-83.334, 32.215], [-83.357, 32.235], [-83.361, 32.238], [-83.374, 32.25], [-83.365, 32.257], [-83.347, 32.272], [-83.347, 32.272], [-83.343, 32.275], [-83.343, 32.275], [-83.343, 32.282], [-83.345, 32.285], [-83.329, 32.287], [-83.319, 32.295], [-83.312, 32.301], [-83.301, 32.31], [-83.292, 32.331], [-83.301, 32.339], [-83.297, 32.348], [-83.293, 32.352], [-83.286, 32.358], [-83.278, 32.364], [-83.27, 32.371], [-83.266, 32.374], [-83.266, 32.374], [-83.254, 32.385], [-83.25, 32.388], [-83.236, 32.399], [-83.217, 32.416], [-83.215, 32.417], [-83.187, 32.441], [-83.175, 32.451], [-83.167, 32.447], [-83.147, 32.43], [-83.139, 32.423], [-83.136, 32.418], [-83.133, 32.411], [-83.129, 32.405], [-83.125, 32.397], [-83.122, 32.393], [-83.111, 32.372], [-83.099, 32.349], [-83.09, 32.332], [-83.074, 32.303], [-83.066, 32.287], [-83.061, 32.279], [-83.059, 32.275], [-83.059, 32.274], [-83.052, 32.261], [-83.045, 32.248], [-83.04, 32.238], [-83.027, 32.214], [-83.024, 32.209], [-83.022, 32.205], [-83.02, 32.201], [-83.0, 32.164], [-82.971, 32.157], [-82.956, 32.164], [-82.946, 32.168], [-82.915, 32.184], [-82.887, 32.198], [-82.885, 32.196], [-82.884, 32.196], [-82.883, 32.195], [-82.883, 32.195], [-82.883, 32.194], [-82.882, 32.194], [-82.882, 32.194], [-82.882, 32.194], [-82.882, 32.194], [-82.882, 32.193], [-82.882, 32.193], [-82.881, 32.192], [-82.88, 32.191], [-82.88, 32.191], [-82.88, 32.191], [-82.879, 32.19], [-82.875, 32.18], [-82.878, 32.177], [-82.885, 32.171], [-82.885, 32.171], [-82.891, 32.167], [-82.892, 32.166], [-82.902, 32.157], [-82.913, 32.148], [-82.921, 32.141], [-82.922, 32.14], [-82.924, 32.139], [-82.928, 32.135], [-82.934, 32.142], [-82.935, 32.153], [-82.946, 32.127], [-82.942, 32.124], [-82.964, 32.106], [-82.972, 32.099], [-82.981, 32.091], [-82.999, 32.075], [-83.017, 32.06], [-83.03, 32.049], [-83.051, 32.032], [-83.059, 32.024], [-83.061, 32.023], [-83.065, 32.02], [-83.067, 32.018], [-83.089, 32.0], [-83.095, 31.994], [-83.097, 31.992], [-83.107, 31.984], [-83.115, 31.977], [-83.123, 31.97], [-83.143, 31.953]]]}, "properties": {"county_fips": "13091", "county_name": "Dodge", "state": "GA"}}, {"type": "Feature", "id": "13093", "geometry": {"type": "Polygon", "coordinates": [[[-83.719, 32.288], [-83.702, 32.283], [-83.696, 32.29], [-83.688, 32.29], [-83.687, 32.29], [-83.685, 32.29], [-83.673, 32.29], [-83.669, 32.29], [-83.668, 32.29], [-83.666, 32.29], [-83.654, 32.289], [-83.634, 32.289], [-83.621, 32.289], [-83.62, 32.289], [-83.616, 32.289], [-83.607, 32.288], [-83.606, 32.284], [-83.606, 32.279], [-83.607, 32.267], [-83.616, 32.251], [-83.61, 32.238], [-83.607, 32.238], [-83.607, 32.23], [-83.607, 32.227], [-83.607, 32.224], [-83.607, 32.222], [-83.607, 32.218], [-83.607, 32.213], [-83.607, 32.211], [-83.607, 32.21], [-83.608, 32.202], [-83.607, 32.199], [-83.607, 32.195], [-83.607, 32.191], [-83.608, 32.178], [-83.608, 32.175], [-83.608, 32.159], [-83.608, 32.155], [-83.608, 32.152], [-83.608, 32.144], [-83.609, 32.12], [-83.609, 32.118], [-83.609, 32.117], [-83.609, 32.117], [-83.608, 32.117], [-83.608, 32.113], [-83.609, 32.112], [-83.609, 32.112], [-83.609, 32.112], [-83.609, 32.112], [-83.609, 32.112], [-83.609, 32.111], [-83.609, 32.111], [-83.609, 32.11], [-83.609, 32.11], [-83.609, 32.106], [-83.609, 32.105], [-83.609, 32.097], [-83.609, 32.096], [-83.609, 32.081], [-83.609, 32.08], [-83.609, 32.078], [-83.609, 32.067], [-83.609, 32.062], [-83.609, 32.045], [-83.609, 32.036], [-83.609, 32.036], [-83.61, 32.036], [-83.61, 32.028], [-83.612, 32.028], [-83.641, 32.028], [-83.662, 32.028], [-83.69, 32.028], [-83.691, 32.028], [-83.71, 32.029], [-83.717, 32.029], [-83.719, 32.029], [-83.727, 32.029], [-83.748, 32.029], [-83.764, 32.029], [-83.786, 32.03], [-83.796, 32.03], [-83.813, 32.03], [-83.82, 32.03], [-83.832, 32.03], [-83.862, 32.03], [-83.873, 32.03], [-83.894, 32.03], [-83.942, 32.03], [-83.948, 32.03], [-83.955, 32.031], [-83.956, 32.031], [-83.959, 32.031], [-83.96, 32.031], [-83.961, 32.031], [-83.961, 32.031], [-83.962, 32.031], [-83.969, 32.039], [-83.973, 32.045], [-83.977, 32.043], [-83.98, 32.048], [-83.982, 32.068], [-83.978, 32.085], [-83.975, 32.092], [-83.979, 32.095], [-83.989, 32.095], [-83.992, 32.101], [-83.998, 32.102], [-84.001, 32.105], [-84.001, 32.109], [-83.999, 32.112], [-84.003, 32.113], [-84.007, 32.116], [-84.008, 32.118], [-84.012, 32.122], [-84.012, 32.132], [-84.022, 32.14], [-84.023, 32.143], [-84.033, 32.152], [-84.032, 32.162], [-84.029, 32.166], [-84.028, 32.171], [-84.028, 32.171], [-84.028, 32.171], [-84.031, 32.179], [-84.028, 32.183], [-84.023, 32.185], [-84.021, 32.187], [-84.018, 32.192], [-84.017, 32.196], [-84.015, 32.199], [-84.008, 32.203], [-84.004, 32.206], [-83.998, 32.211], [-83.989, 32.217], [-83.983, 32.224], [-83.976, 32.23], [-83.968, 32.239], [-83.965, 32.248], [-83.957, 32.252], [-83.948, 32.254], [-83.942, 32.26], [-83.933, 32.263], [-83.927, 32.267], [-83.92, 32.271], [-83.911, 32.275], [-83.9, 32.28], [-83.897, 32.287], [-83.854, 32.291], [-83.848, 32.291], [-83.847, 32.291], [-83.837, 32.291], [-83.829, 32.291], [-83.817, 32.291], [-83.813, 32.291], [-83.81, 32.291], [-83.799, 32.29], [-83.78, 32.29], [-83.771, 32.29], [-83.759, 32.29], [-83.748, 32.29], [-83.73, 32.29]]]}, "properties": {"county_fips": "13093", "county_name": "Dooly", "state": "GA"}}, {"type": "Feature", "id": "13095", "geometry": {"type": "Polygon", "coordinates": [[[-84.424, 31.494], [-84.429, 31.5], [-84.434, 31.508], [-84.439, 31.516], [-84.441, 31.525], [-84.445, 31.535], [-84.447, 31.543], [-84.455, 31.548], [-84.454, 31.558], [-84.452, 31.573], [-84.456, 31.582], [-84.454, 31.592], [-84.45, 31.599], [-84.448, 31.607], [-84.45, 31.615], [-84.45, 31.62], [-84.45, 31.622], [-84.448, 31.622], [-84.448, 31.622], [-84.436, 31.622], [-84.435, 31.622], [-84.435, 31.622], [-84.431, 31.622], [-84.402, 31.621], [-84.393, 31.621], [-84.392, 31.621], [-84.379, 31.621], [-84.378, 31.621], [-84.376, 31.621], [-84.376, 31.621], [-84.372, 31.621], [-84.371, 31.621], [-84.367, 31.621], [-84.359, 31.621], [-84.347, 31.621], [-84.324, 31.621], [-84.314, 31.622], [-84.311, 31.622], [-84.309, 31.622], [-84.303, 31.622], [-84.301, 31.622], [-84.299, 31.622], [-84.298, 31.622], [-84.298, 31.622], [-84.297, 31.622], [-84.26, 31.622], [-84.244, 31.622], [-84.231, 31.623], [-84.223, 31.623], [-84.219, 31.623], [-84.205, 31.623], [-84.198, 31.623], [-84.192, 31.623], [-84.174, 31.623], [-84.163, 31.623], [-84.144, 31.623], [-84.14, 31.623], [-84.119, 31.623], [-84.098, 31.623], [-84.096, 31.623], [-84.095, 31.623], [-84.089, 31.623], [-84.077, 31.624], [-84.042, 31.629], [-84.038, 31.636], [-84.034, 31.643], [-84.03, 31.645], [-84.028, 31.649], [-84.022, 31.65], [-84.018, 31.65], [-84.018, 31.65], [-84.018, 31.65], [-83.993, 31.644], [-84.003, 31.639], [-84.013, 31.625], [-84.006, 31.625], [-83.998, 31.625], [-83.997, 31.599], [-83.997, 31.598], [-83.996, 31.593], [-83.996, 31.585], [-83.996, 31.58], [-83.996, 31.577], [-83.997, 31.572], [-83.997, 31.566], [-83.982, 31.556], [-83.997, 31.55], [-83.997, 31.54], [-83.997, 31.529], [-83.997, 31.521], [-83.997, 31.513], [-83.997, 31.5], [-83.997, 31.48], [-83.983, 31.473], [-83.998, 31.46], [-83.998, 31.453], [-83.998, 31.444], [-83.998, 31.444], [-83.998, 31.444], [-84.001, 31.444], [-84.005, 31.444], [-84.011, 31.444], [-84.014, 31.444], [-84.033, 31.443], [-84.062, 31.443], [-84.082, 31.443], [-84.094, 31.443], [-84.105, 31.443], [-84.116, 31.443], [-84.118, 31.442], [-84.124, 31.443], [-84.129, 31.443], [-84.137, 31.443], [-84.138, 31.442], [-84.139, 31.442], [-84.139, 31.442], [-84.139, 31.442], [-84.139, 31.442], [-84.14, 31.441], [-84.14, 31.441], [-84.14, 31.441], [-84.141, 31.441], [-84.141, 31.44], [-84.141, 31.44], [-84.141, 31.44], [-84.142, 31.44], [-84.151, 31.44], [-84.158, 31.44], [-84.165, 31.44], [-84.171, 31.44], [-84.178, 31.44], [-84.188, 31.44], [-84.195, 31.44], [-84.211, 31.44], [-84.212, 31.438], [-84.212, 31.437], [-84.233, 31.436], [-84.239, 31.436], [-84.252, 31.436], [-84.268, 31.436], [-84.274, 31.436], [-84.275, 31.436], [-84.287, 31.436], [-84.298, 31.436], [-84.305, 31.436], [-84.316, 31.436], [-84.337, 31.436], [-84.353, 31.436], [-84.355, 31.436], [-84.359, 31.436], [-84.424, 31.437], [-84.43, 31.437], [-84.428, 31.439], [-84.427, 31.444], [-84.426, 31.447], [-84.421, 31.449], [-84.417, 31.453], [-84.415, 31.455], [-84.418, 31.468], [-84.42, 31.477], [-84.422, 31.485], [-84.424, 31.493]]]}, "properties": {"county_fips": "13095", "county_name": "Dougherty", "state": "GA"}}, {"type": "Feature", "id": "13099", "geometry": {"type": "Polygon", "coordinates": [[[-84.797, 31.475], [-84.808, 31.473], [-84.806, 31.47], [-84.805, 31.468], [-84.803, 31.464], [-84.799, 31.46], [-84.793, 31.457], [-84.79, 31.453], [-84.79, 31.452], [-84.792, 31.448], [-84.791, 31.443], [-84.789, 31.436], [-84.784, 31.436], [-84.781, 31.436], [-84.777, 31.434], [-84.746, 31.436], [-84.73, 31.436], [-84.724, 31.435], [-84.719, 31.435], [-84.707, 31.435], [-84.696, 31.435], [-84.664, 31.434], [-84.638, 31.434], [-84.638, 31.431], [-84.638, 31.427], [-84.638, 31.415], [-84.638, 31.4], [-84.639, 31.39], [-84.639, 31.388], [-84.64, 31.378], [-84.638, 31.37], [-84.638, 31.364], [-84.638, 31.351], [-84.628, 31.342], [-84.628, 31.336], [-84.635, 31.332], [-84.638, 31.332], [-84.638, 31.326], [-84.638, 31.324], [-84.64, 31.323], [-84.64, 31.313], [-84.642, 31.303], [-84.642, 31.3], [-84.642, 31.296], [-84.642, 31.294], [-84.642, 31.282], [-84.641, 31.271], [-84.642, 31.265], [-84.642, 31.26], [-84.642, 31.259], [-84.642, 31.257], [-84.664, 31.259], [-84.682, 31.257], [-84.685, 31.252], [-84.694, 31.255], [-84.705, 31.258], [-84.72, 31.252], [-84.725, 31.252], [-84.737, 31.252], [-84.749, 31.253], [-84.77, 31.253], [-84.843, 31.254], [-84.872, 31.255], [-84.907, 31.256], [-84.917, 31.256], [-84.918, 31.23], [-84.919, 31.213], [-84.919, 31.199], [-84.919, 31.182], [-84.92, 31.17], [-84.921, 31.144], [-84.922, 31.113], [-84.921, 31.109], [-84.922, 31.105], [-84.922, 31.096], [-84.922, 31.085], [-84.922, 31.073], [-84.932, 31.073], [-84.934, 31.073], [-84.944, 31.073], [-84.946, 31.073], [-84.955, 31.073], [-84.955, 31.073], [-84.962, 31.074], [-84.969, 31.074], [-84.974, 31.074], [-84.984, 31.074], [-84.985, 31.074], [-84.986, 31.074], [-84.986, 31.074], [-84.986, 31.074], [-84.999, 31.075], [-84.999, 31.075], [-85.0, 31.075], [-85.002, 31.075], [-85.013, 31.075], [-85.013, 31.075], [-85.013, 31.075], [-85.013, 31.075], [-85.016, 31.075], [-85.027, 31.076], [-85.027, 31.076], [-85.027, 31.076], [-85.029, 31.076], [-85.029, 31.076], [-85.027, 31.088], [-85.034, 31.102], [-85.04, 31.112], [-85.052, 31.119], [-85.056, 31.125], [-85.061, 31.134], [-85.065, 31.144], [-85.075, 31.154], [-85.084, 31.16], [-85.1, 31.165], [-85.099, 31.181], [-85.107, 31.186], [-85.108, 31.193], [-85.106, 31.205], [-85.098, 31.213], [-85.097, 31.226], [-85.099, 31.232], [-85.102, 31.238], [-85.107, 31.25], [-85.112, 31.26], [-85.112, 31.274], [-85.112, 31.281], [-85.098, 31.285], [-85.093, 31.29], [-85.088, 31.308], [-85.088, 31.309], [-85.088, 31.31], [-85.084, 31.317], [-85.084, 31.328], [-85.089, 31.336], [-85.086, 31.349], [-85.086, 31.353], [-85.092, 31.355], [-85.088, 31.372], [-85.086, 31.379], [-85.082, 31.385], [-85.08, 31.395], [-85.078, 31.405], [-85.08, 31.412], [-85.08, 31.412], [-85.076, 31.422], [-85.072, 31.429], [-85.068, 31.427], [-85.066, 31.433], [-85.066, 31.443], [-85.069, 31.454], [-85.071, 31.463], [-85.068, 31.477], [-85.065, 31.485], [-85.062, 31.488], [-85.058, 31.498], [-85.051, 31.509], [-85.045, 31.517], [-85.044, 31.517], [-85.04, 31.518], [-85.038, 31.516], [-85.035, 31.516], [-85.031, 31.518], [-85.029, 31.509], [-85.029, 31.487], [-85.004, 31.487], [-84.995, 31.488], [-84.988, 31.489], [-84.98, 31.491], [-84.975, 31.495], [-84.973, 31.497], [-84.966, 31.495], [-84.964, 31.493], [-84.959, 31.494], [-84.954, 31.497], [-84.949, 31.499], [-84.945, 31.5], [-84.943, 31.502], [-84.938, 31.502], [-84.915, 31.502], [-84.89, 31.502], [-84.877, 31.502], [-84.852, 31.501], [-84.821, 31.501], [-84.82, 31.501], [-84.82, 31.5], [-84.807, 31.499], [-84.799, 31.501], [-84.797, 31.475]]]}, "properties": {"county_fips": "13099", "county_name": "Early", "state": "GA"}}, {"type": "Feature", "id": "13101", "geometry": {"type": "Polygon", "coordinates": [[[-83.132, 30.791], [-83.131, 30.794], [-83.127, 30.799], [-83.126, 30.802], [-83.108, 30.804], [-83.094, 30.831], [-83.019, 30.849], [-83.019, 30.849], [-83.019, 30.849], [-83.018, 30.848], [-83.015, 30.849], [-83.014, 30.845], [-83.011, 30.847], [-83.011, 30.85], [-83.011, 30.852], [-83.01, 30.854], [-83.008, 30.857], [-83.008, 30.858], [-83.006, 30.86], [-83.002, 30.86], [-83.001, 30.86], [-83.0, 30.86], [-82.999, 30.861], [-82.998, 30.861], [-82.996, 30.861], [-82.994, 30.861], [-82.991, 30.862], [-82.989, 30.864], [-82.988, 30.866], [-82.986, 30.868], [-82.985, 30.869], [-82.984, 30.871], [-82.983, 30.872], [-82.973, 30.87], [-82.971, 30.869], [-82.971, 30.869], [-82.847, 30.834], [-82.841, 30.824], [-82.83, 30.811], [-82.833, 30.786], [-82.816, 30.776], [-82.808, 30.76], [-82.773, 30.735], [-82.741, 30.733], [-82.72, 30.73], [-82.698, 30.734], [-82.685, 30.73], [-82.675, 30.725], [-82.664, 30.724], [-82.654, 30.721], [-82.642, 30.719], [-82.631, 30.718], [-82.62, 30.717], [-82.61, 30.713], [-82.6, 30.711], [-82.59, 30.705], [-82.583, 30.697], [-82.581, 30.69], [-82.585, 30.677], [-82.58, 30.659], [-82.584, 30.594], [-82.584, 30.592], [-82.585, 30.592], [-82.59, 30.592], [-82.591, 30.592], [-82.592, 30.592], [-82.596, 30.593], [-82.597, 30.593], [-82.599, 30.593], [-82.601, 30.593], [-82.604, 30.593], [-82.621, 30.594], [-82.625, 30.594], [-82.627, 30.594], [-82.633, 30.595], [-82.637, 30.595], [-82.648, 30.595], [-82.65, 30.596], [-82.656, 30.596], [-82.658, 30.596], [-82.659, 30.596], [-82.661, 30.596], [-82.669, 30.597], [-82.671, 30.597], [-82.675, 30.597], [-82.686, 30.598], [-82.689, 30.598], [-82.689, 30.598], [-82.69, 30.598], [-82.698, 30.598], [-82.707, 30.599], [-82.728, 30.6], [-82.767, 30.602], [-82.821, 30.606], [-82.875, 30.609], [-82.887, 30.61], [-82.933, 30.612], [-82.94, 30.613], [-82.959, 30.614], [-82.977, 30.615], [-83.0, 30.616], [-83.022, 30.617], [-83.024, 30.618], [-83.038, 30.618], [-83.051, 30.619], [-83.056, 30.619], [-83.065, 30.62], [-83.074, 30.621], [-83.086, 30.621], [-83.098, 30.622], [-83.098, 30.622], [-83.117, 30.623], [-83.119, 30.623], [-83.124, 30.623], [-83.131, 30.624], [-83.137, 30.624], [-83.137, 30.625], [-83.135, 30.655], [-83.135, 30.696], [-83.135, 30.703], [-83.136, 30.717], [-83.13, 30.722], [-83.134, 30.724], [-83.135, 30.728], [-83.134, 30.731], [-83.136, 30.736], [-83.135, 30.742], [-83.134, 30.748], [-83.134, 30.752], [-83.133, 30.76], [-83.135, 30.769], [-83.135, 30.771], [-83.134, 30.779], [-83.133, 30.785], [-83.133, 30.788]]]}, "properties": {"county_fips": "13101", "county_name": "Echols", "state": "GA"}}, {"type": "Feature", "id": "13109", "geometry": {"type": "Polygon", "coordinates": [[[-82.02, 32.252], [-82.023, 32.265], [-82.025, 32.278], [-82.025, 32.279], [-82.016, 32.278], [-82.014, 32.278], [-82.014, 32.278], [-82.013, 32.278], [-82.012, 32.277], [-82.012, 32.277], [-82.012, 32.277], [-82.012, 32.277], [-82.008, 32.277], [-82.007, 32.277], [-82.006, 32.277], [-82.003, 32.277], [-82.003, 32.276], [-82.003, 32.276], [-82.003, 32.276], [-82.003, 32.276], [-82.0, 32.276], [-81.988, 32.273], [-81.987, 32.273], [-81.987, 32.273], [-81.984, 32.273], [-81.983, 32.272], [-81.983, 32.272], [-81.97, 32.269], [-81.969, 32.269], [-81.969, 32.269], [-81.969, 32.269], [-81.969, 32.269], [-81.954, 32.267], [-81.879, 32.267], [-81.869, 32.26], [-81.861, 32.257], [-81.854, 32.252], [-81.846, 32.245], [-81.829, 32.239], [-81.812, 32.233], [-81.81, 32.227], [-81.804, 32.22], [-81.806, 32.215], [-81.806, 32.209], [-81.806, 32.204], [-81.802, 32.2], [-81.799, 32.196], [-81.796, 32.194], [-81.792, 32.192], [-81.79, 32.186], [-81.787, 32.182], [-81.785, 32.178], [-81.781, 32.173], [-81.783, 32.169], [-81.78, 32.161], [-81.781, 32.157], [-81.781, 32.153], [-81.781, 32.153], [-81.781, 32.153], [-81.782, 32.148], [-81.778, 32.143], [-81.778, 32.139], [-81.777, 32.134], [-81.777, 32.132], [-81.773, 32.132], [-81.769, 32.129], [-81.767, 32.125], [-81.766, 32.122], [-81.761, 32.12], [-81.764, 32.116], [-81.762, 32.116], [-81.758, 32.115], [-81.757, 32.113], [-81.754, 32.112], [-81.758, 32.109], [-81.757, 32.105], [-81.754, 32.104], [-81.751, 32.105], [-81.744, 32.105], [-81.735, 32.101], [-81.731, 32.096], [-81.726, 32.098], [-81.724, 32.093], [-81.719, 32.089], [-81.719, 32.089], [-81.719, 32.089], [-81.723, 32.085], [-81.724, 32.084], [-81.725, 32.083], [-81.726, 32.082], [-81.727, 32.082], [-81.727, 32.081], [-81.73, 32.078], [-81.736, 32.073], [-81.738, 32.071], [-81.74, 32.069], [-81.741, 32.068], [-81.744, 32.065], [-81.744, 32.064], [-81.749, 32.06], [-81.749, 32.06], [-81.75, 32.059], [-81.75, 32.059], [-81.751, 32.058], [-81.751, 32.058], [-81.756, 32.053], [-81.757, 32.052], [-81.758, 32.051], [-81.761, 32.048], [-81.762, 32.048], [-81.762, 32.048], [-81.762, 32.048], [-81.798, 32.049], [-81.826, 32.049], [-81.845, 32.05], [-81.859, 32.05], [-81.868, 32.05], [-81.874, 32.05], [-81.897, 32.053], [-81.911, 32.057], [-81.932, 32.065], [-81.968, 32.077], [-81.981, 32.084], [-81.984, 32.098], [-81.987, 32.111], [-81.99, 32.126], [-81.992, 32.136], [-81.996, 32.147], [-81.997, 32.156], [-82.004, 32.184], [-82.005, 32.19], [-82.009, 32.205], [-82.012, 32.217], [-82.016, 32.234], [-82.02, 32.251]]]}, "properties": {"county_fips": "13109", "county_name": "Evans", "state": "GA"}}, {"type": "Feature", "id": "13127", "geometry": {"type": "Polygon", "coordinates": [[[-81.733, 31.315], [-81.733, 31.317], [-81.733, 31.327], [-81.732, 31.33], [-81.732, 31.33], [-81.72, 31.333], [-81.71, 31.346], [-81.705, 31.353], [-81.701, 31.358], [-81.705, 31.375], [-81.704, 31.377], [-81.7, 31.387], [-81.698, 31.39], [-81.696, 31.395], [-81.692, 31.401], [-81.687, 31.4], [-81.681, 31.4], [-81.673, 31.4], [-81.663, 31.402], [-81.657, 31.41], [-81.654, 31.415], [-81.649, 31.422], [-81.642, 31.431], [-81.638, 31.437], [-81.636, 31.439], [-81.635, 31.44], [-81.631, 31.446], [-81.63, 31.447], [-81.626, 31.453], [-81.625, 31.453], [-81.624, 31.453], [-81.625, 31.453], [-81.61, 31.443], [-81.605, 31.431], [-81.594, 31.417], [-81.584, 31.409], [-81.55, 31.387], [-81.544, 31.378], [-81.534, 31.368], [-81.506, 31.356], [-81.493, 31.344], [-81.488, 31.342], [-81.483, 31.339], [-81.478, 31.334], [-81.473, 31.333], [-81.467, 31.337], [-81.454, 31.327], [-81.436, 31.331], [-81.436, 31.314], [-81.416, 31.306], [-81.403, 31.308], [-81.407, 31.291], [-81.385, 31.316], [-81.351, 31.313], [-81.328, 31.308], [-81.303, 31.296], [-81.184, 31.294], [-81.183, 31.287], [-81.183, 31.274], [-81.183, 31.269], [-81.183, 31.266], [-81.186, 31.25], [-81.188, 31.246], [-81.192, 31.241], [-81.196, 31.235], [-81.199, 31.232], [-81.202, 31.228], [-81.205, 31.221], [-81.206, 31.218], [-81.209, 31.213], [-81.213, 31.208], [-81.214, 31.205], [-81.216, 31.205], [-81.218, 31.2], [-81.22, 31.193], [-81.222, 31.188], [-81.225, 31.183], [-81.231, 31.175], [-81.234, 31.17], [-81.238, 31.167], [-81.242, 31.164], [-81.248, 31.161], [-81.25, 31.161], [-81.25, 31.161], [-81.25, 31.161], [-81.257, 31.158], [-81.267, 31.157], [-81.273, 31.156], [-81.28, 31.157], [-81.287, 31.155], [-81.292, 31.155], [-81.296, 31.152], [-81.294, 31.147], [-81.293, 31.143], [-81.293, 31.14], [-81.294, 31.136], [-81.294, 31.135], [-81.29, 31.131], [-81.289, 31.126], [-81.289, 31.125], [-81.288, 31.125], [-81.288, 31.122], [-81.287, 31.117], [-81.286, 31.109], [-81.286, 31.103], [-81.287, 31.1], [-81.287, 31.099], [-81.29, 31.093], [-81.293, 31.088], [-81.298, 31.081], [-81.306, 31.074], [-81.309, 31.071], [-81.314, 31.068], [-81.318, 31.066], [-81.323, 31.064], [-81.326, 31.063], [-81.33, 31.062], [-81.335, 31.061], [-81.339, 31.06], [-81.345, 31.059], [-81.347, 31.056], [-81.353, 31.037], [-81.344, 31.018], [-81.342, 31.018], [-81.338, 31.016], [-81.335, 31.015], [-81.331, 31.013], [-81.327, 31.01], [-81.324, 31.009], [-81.32, 31.007], [-81.318, 31.004], [-81.317, 31.003], [-81.315, 31.002], [-81.313, 31.0], [-81.311, 30.997], [-81.306, 30.991], [-81.444, 31.019], [-81.471, 31.033], [-81.489, 31.042], [-81.496, 31.056], [-81.527, 31.063], [-81.533, 31.08], [-81.554, 31.08], [-81.569, 31.093], [-81.569, 31.102], [-81.559, 31.12], [-81.566, 31.131], [-81.576, 31.12], [-81.587, 31.118], [-81.604, 31.114], [-81.617, 31.117], [-81.633, 31.108], [-81.644, 31.117], [-81.654, 31.121], [-81.66, 31.124], [-81.671, 31.124], [-81.699, 31.132], [-81.721, 31.148], [-81.741, 31.151], [-81.761, 31.153], [-81.766, 31.17], [-81.766, 31.17], [-81.768, 31.169], [-81.771, 31.167], [-81.775, 31.165], [-81.781, 31.165], [-81.782, 31.168], [-81.782, 31.173], [-81.78, 31.173], [-81.775, 31.18], [-81.769, 31.196], [-81.767, 31.202], [-81.766, 31.212], [-81.765, 31.221], [-81.762, 31.226], [-81.76, 31.234], [-81.758, 31.242], [-81.756, 31.25], [-81.753, 31.262], [-81.75, 31.274], [-81.747, 31.281], [-81.746, 31.283], [-81.737, 31.29], [-81.734, 31.298], [-81.733, 31.306]]]}, "properties": {"county_fips": "13127", "county_name": "Glynn", "state": "GA"}}, {"type": "Feature", "id": "13131", "geometry": {"type": "Polygon", "coordinates": [[[-84.119, 30.678], [-84.131, 30.678], [-84.131, 30.678], [-84.133, 30.678], [-84.135, 30.679], [-84.138, 30.679], [-84.144, 30.679], [-84.151, 30.679], [-84.155, 30.68], [-84.187, 30.681], [-84.195, 30.681], [-84.211, 30.682], [-84.223, 30.683], [-84.25, 30.684], [-84.254, 30.684], [-84.281, 30.685], [-84.282, 30.685], [-84.283, 30.685], [-84.288, 30.686], [-84.3, 30.686], [-84.3, 30.686], [-84.3, 30.686], [-84.303, 30.686], [-84.303, 30.686], [-84.305, 30.686], [-84.314, 30.687], [-84.315, 30.687], [-84.317, 30.687], [-84.334, 30.688], [-84.334, 30.688], [-84.345, 30.688], [-84.345, 30.688], [-84.352, 30.689], [-84.353, 30.689], [-84.354, 30.689], [-84.355, 30.689], [-84.358, 30.689], [-84.36, 30.689], [-84.36, 30.689], [-84.37, 30.69], [-84.375, 30.69], [-84.378, 30.69], [-84.379, 30.69], [-84.381, 30.69], [-84.381, 30.692], [-84.381, 30.699], [-84.38, 30.706], [-84.38, 30.732], [-84.38, 30.741], [-84.379, 30.774], [-84.379, 30.79], [-84.379, 30.801], [-84.379, 30.813], [-84.379, 30.826], [-84.378, 30.843], [-84.378, 30.847], [-84.378, 30.855], [-84.378, 30.865], [-84.378, 30.879], [-84.378, 30.881], [-84.377, 30.891], [-84.377, 30.905], [-84.377, 30.916], [-84.376, 30.931], [-84.376, 30.949], [-84.376, 30.988], [-84.376, 30.999], [-84.376, 31.018], [-84.376, 31.046], [-84.377, 31.079], [-84.377, 31.079], [-84.376, 31.079], [-84.364, 31.079], [-84.346, 31.079], [-84.314, 31.079], [-84.304, 31.079], [-84.3, 31.079], [-84.297, 31.079], [-84.293, 31.079], [-84.279, 31.079], [-84.274, 31.079], [-84.269, 31.079], [-84.259, 31.079], [-84.251, 31.079], [-84.233, 31.079], [-84.22, 31.079], [-84.215, 31.079], [-84.213, 31.079], [-84.209, 31.079], [-84.198, 31.079], [-84.192, 31.079], [-84.174, 31.079], [-84.158, 31.078], [-84.148, 31.078], [-84.14, 31.078], [-84.135, 31.078], [-84.117, 31.078], [-84.117, 31.078], [-84.117, 31.075], [-84.118, 31.031], [-84.119, 30.987], [-84.116, 30.974], [-84.113, 30.964], [-84.109, 30.953], [-84.103, 30.945], [-84.098, 30.938], [-84.091, 30.93], [-84.084, 30.922], [-84.077, 30.916], [-84.077, 30.908], [-84.077, 30.9], [-84.078, 30.893], [-84.076, 30.886], [-84.079, 30.882], [-84.08, 30.879], [-84.079, 30.874], [-84.074, 30.867], [-84.079, 30.858], [-84.082, 30.851], [-84.08, 30.842], [-84.08, 30.838], [-84.081, 30.817], [-84.083, 30.742], [-84.084, 30.676], [-84.084, 30.676], [-84.084, 30.676], [-84.093, 30.676], [-84.108, 30.677], [-84.112, 30.677], [-84.113, 30.677], [-84.116, 30.677], [-84.116, 30.677], [-84.118, 30.678], [-84.118, 30.678]]]}, "properties": {"county_fips": "13131", "county_name": "Grady", "state": "GA"}}, {"type": "Feature", "id": "13155", "geometry": {"type": "Polygon", "coordinates": [[[-83.102, 31.493], [-83.102, 31.493], [-83.11, 31.482], [-83.114, 31.478], [-83.118, 31.475], [-83.126, 31.474], [-83.136, 31.473], [-83.145, 31.472], [-83.146, 31.472], [-83.146, 31.472], [-83.146, 31.472], [-83.15, 31.472], [-83.152, 31.472], [-83.154, 31.472], [-83.159, 31.473], [-83.166, 31.473], [-83.171, 31.473], [-83.179, 31.473], [-83.184, 31.473], [-83.194, 31.474], [-83.197, 31.474], [-83.203, 31.474], [-83.207, 31.474], [-83.219, 31.474], [-83.228, 31.474], [-83.239, 31.475], [-83.25, 31.475], [-83.261, 31.475], [-83.267, 31.475], [-83.273, 31.475], [-83.275, 31.475], [-83.286, 31.476], [-83.287, 31.476], [-83.307, 31.476], [-83.333, 31.476], [-83.339, 31.476], [-83.34, 31.476], [-83.346, 31.476], [-83.35, 31.478], [-83.359, 31.482], [-83.361, 31.483], [-83.362, 31.484], [-83.366, 31.485], [-83.372, 31.483], [-83.376, 31.482], [-83.378, 31.484], [-83.382, 31.487], [-83.384, 31.493], [-83.386, 31.503], [-83.386, 31.507], [-83.388, 31.513], [-83.396, 31.522], [-83.398, 31.532], [-83.401, 31.533], [-83.404, 31.538], [-83.406, 31.543], [-83.412, 31.548], [-83.418, 31.551], [-83.435, 31.554], [-83.45, 31.555], [-83.478, 31.57], [-83.501, 31.591], [-83.501, 31.594], [-83.501, 31.595], [-83.5, 31.613], [-83.491, 31.631], [-83.491, 31.65], [-83.491, 31.67], [-83.491, 31.695], [-83.463, 31.695], [-83.461, 31.698], [-83.46, 31.701], [-83.455, 31.706], [-83.453, 31.71], [-83.455, 31.716], [-83.456, 31.719], [-83.456, 31.722], [-83.459, 31.725], [-83.461, 31.726], [-83.464, 31.73], [-83.463, 31.733], [-83.465, 31.738], [-83.466, 31.74], [-83.464, 31.742], [-83.46, 31.745], [-83.458, 31.747], [-83.454, 31.75], [-83.452, 31.753], [-83.454, 31.757], [-83.454, 31.758], [-83.444, 31.758], [-83.404, 31.757], [-83.381, 31.757], [-83.37, 31.761], [-83.357, 31.77], [-83.347, 31.77], [-83.336, 31.757], [-83.325, 31.744], [-83.325, 31.73], [-83.325, 31.696], [-83.326, 31.682], [-83.315, 31.68], [-83.28, 31.68], [-83.272, 31.68], [-83.266, 31.674], [-83.266, 31.658], [-83.245, 31.653], [-83.224, 31.653], [-83.188, 31.652], [-83.177, 31.66], [-83.172, 31.678], [-83.145, 31.678], [-83.113, 31.676], [-83.051, 31.675], [-83.014, 31.674], [-82.999, 31.673], [-82.998, 31.673], [-83.003, 31.66], [-83.014, 31.656], [-83.014, 31.637], [-83.021, 31.636], [-83.03, 31.632], [-83.04, 31.624], [-83.045, 31.613], [-83.058, 31.611], [-83.059, 31.601], [-83.06, 31.58], [-83.06, 31.565], [-83.063, 31.56], [-83.068, 31.545], [-83.073, 31.535], [-83.082, 31.525], [-83.084, 31.515], [-83.091, 31.511], [-83.098, 31.503]]]}, "properties": {"county_fips": "13155", "county_name": "Irwin", "state": "GA"}}, {"type": "Feature", "id": "13161", "geometry": {"type": "Polygon", "coordinates": [[[-82.483, 31.969], [-82.483, 31.969], [-82.482, 31.97], [-82.481, 31.971], [-82.48, 31.972], [-82.478, 31.972], [-82.477, 31.971], [-82.476, 31.971], [-82.474, 31.97], [-82.47, 31.968], [-82.468, 31.968], [-82.466, 31.967], [-82.463, 31.966], [-82.462, 31.965], [-82.46, 31.965], [-82.458, 31.964], [-82.456, 31.964], [-82.454, 31.964], [-82.452, 31.965], [-82.449, 31.966], [-82.446, 31.967], [-82.444, 31.967], [-82.441, 31.968], [-82.438, 31.967], [-82.436, 31.967], [-82.433, 31.966], [-82.432, 31.966], [-82.432, 31.966], [-82.432, 31.966], [-82.431, 31.964], [-82.431, 31.964], [-82.431, 31.957], [-82.431, 31.945], [-82.431, 31.927], [-82.431, 31.9], [-82.432, 31.862], [-82.431, 31.844], [-82.498, 31.838], [-82.513, 31.838], [-82.52, 31.837], [-82.52, 31.824], [-82.521, 31.812], [-82.52, 31.784], [-82.52, 31.775], [-82.52, 31.771], [-82.52, 31.768], [-82.52, 31.76], [-82.52, 31.758], [-82.52, 31.75], [-82.545, 31.749], [-82.547, 31.749], [-82.521, 31.736], [-82.521, 31.714], [-82.521, 31.714], [-82.521, 31.711], [-82.522, 31.705], [-82.522, 31.698], [-82.521, 31.679], [-82.521, 31.674], [-82.525, 31.673], [-82.532, 31.673], [-82.537, 31.673], [-82.554, 31.673], [-82.559, 31.673], [-82.56, 31.673], [-82.564, 31.673], [-82.565, 31.673], [-82.572, 31.673], [-82.581, 31.673], [-82.588, 31.673], [-82.592, 31.673], [-82.599, 31.673], [-82.601, 31.673], [-82.604, 31.673], [-82.612, 31.673], [-82.62, 31.673], [-82.621, 31.673], [-82.621, 31.673], [-82.622, 31.673], [-82.624, 31.673], [-82.626, 31.673], [-82.627, 31.673], [-82.63, 31.673], [-82.647, 31.673], [-82.668, 31.672], [-82.688, 31.672], [-82.699, 31.672], [-82.704, 31.672], [-82.713, 31.672], [-82.717, 31.672], [-82.745, 31.672], [-82.758, 31.672], [-82.771, 31.672], [-82.781, 31.672], [-82.798, 31.672], [-82.817, 31.671], [-82.819, 31.671], [-82.826, 31.671], [-82.837, 31.676], [-82.837, 31.704], [-82.837, 31.724], [-82.837, 31.744], [-82.837, 31.757], [-82.837, 31.77], [-82.837, 31.778], [-82.837, 31.793], [-82.836, 31.808], [-82.836, 31.811], [-82.836, 31.811], [-82.836, 31.811], [-82.825, 31.819], [-82.824, 31.815], [-82.81, 31.826], [-82.799, 31.832], [-82.791, 31.844], [-82.776, 31.858], [-82.769, 31.856], [-82.757, 31.857], [-82.748, 31.871], [-82.741, 31.877], [-82.732, 31.881], [-82.725, 31.883], [-82.717, 31.886], [-82.711, 31.889], [-82.706, 31.898], [-82.699, 31.904], [-82.693, 31.899], [-82.685, 31.906], [-82.676, 31.911], [-82.683, 31.917], [-82.674, 31.92], [-82.662, 31.92], [-82.656, 31.92], [-82.651, 31.917], [-82.646, 31.919], [-82.646, 31.919], [-82.645, 31.919], [-82.643, 31.921], [-82.64, 31.921], [-82.636, 31.925], [-82.632, 31.926], [-82.63, 31.924], [-82.627, 31.923], [-82.622, 31.926], [-82.622, 31.929], [-82.62, 31.927], [-82.613, 31.928], [-82.607, 31.933], [-82.604, 31.937], [-82.598, 31.935], [-82.594, 31.932], [-82.591, 31.937], [-82.589, 31.935], [-82.586, 31.939], [-82.579, 31.945], [-82.574, 31.951], [-82.563, 31.958], [-82.556, 31.955], [-82.555, 31.959], [-82.547, 31.956], [-82.544, 31.957], [-82.544, 31.959], [-82.544, 31.959], [-82.543, 31.959], [-82.538, 31.957], [-82.536, 31.958], [-82.535, 31.96], [-82.534, 31.961], [-82.529, 31.959], [-82.525, 31.958], [-82.519, 31.958], [-82.515, 31.957], [-82.508, 31.952], [-82.503, 31.95], [-82.497, 31.949], [-82.489, 31.949], [-82.484, 31.951], [-82.48, 31.955], [-82.481, 31.957], [-82.484, 31.958], [-82.488, 31.957], [-82.492, 31.959], [-82.496, 31.959], [-82.499, 31.957], [-82.5, 31.959], [-82.498, 31.964], [-82.492, 31.968], [-82.486, 31.969], [-82.483, 31.969]]]}, "properties": {"county_fips": "13161", "county_name": "Jeff Davis", "state": "GA"}}, {"type": "Feature", "id": "13173", "geometry": {"type": "Polygon", "coordinates": [[[-82.971, 30.9], [-82.971, 30.884], [-82.971, 30.873], [-82.971, 30.869], [-82.973, 30.87], [-82.983, 30.872], [-82.984, 30.871], [-82.985, 30.869], [-82.986, 30.868], [-82.988, 30.866], [-82.989, 30.864], [-82.991, 30.862], [-82.994, 30.861], [-82.996, 30.861], [-82.998, 30.861], [-82.999, 30.861], [-83.0, 30.86], [-83.001, 30.86], [-83.002, 30.86], [-83.006, 30.86], [-83.008, 30.858], [-83.008, 30.857], [-83.01, 30.854], [-83.011, 30.852], [-83.011, 30.85], [-83.011, 30.847], [-83.014, 30.845], [-83.015, 30.849], [-83.018, 30.848], [-83.019, 30.849], [-83.019, 30.849], [-83.02, 30.85], [-83.024, 30.859], [-83.025, 30.863], [-83.023, 30.867], [-83.023, 30.872], [-83.024, 30.874], [-83.022, 30.877], [-83.021, 30.881], [-83.023, 30.884], [-83.024, 30.888], [-83.022, 30.893], [-83.021, 30.9], [-83.023, 30.904], [-83.026, 30.908], [-83.028, 30.912], [-83.034, 30.915], [-83.036, 30.921], [-83.036, 30.924], [-83.039, 30.93], [-83.041, 30.937], [-83.043, 30.946], [-83.057, 30.947], [-83.12, 30.949], [-83.179, 30.95], [-83.18, 31.017], [-83.195, 31.025], [-83.198, 31.025], [-83.198, 31.026], [-83.198, 31.035], [-83.198, 31.043], [-83.198, 31.05], [-83.198, 31.062], [-83.167, 31.062], [-83.166, 31.085], [-83.166, 31.101], [-83.165, 31.133], [-83.121, 31.147], [-83.066, 31.147], [-83.038, 31.148], [-83.036, 31.151], [-83.04, 31.154], [-83.04, 31.158], [-83.039, 31.161], [-83.042, 31.164], [-83.04, 31.169], [-83.043, 31.17], [-83.044, 31.173], [-83.046, 31.175], [-83.049, 31.177], [-83.05, 31.181], [-83.048, 31.182], [-83.049, 31.184], [-83.047, 31.183], [-83.047, 31.184], [-83.043, 31.184], [-83.043, 31.184], [-83.039, 31.184], [-83.038, 31.184], [-83.037, 31.184], [-83.034, 31.184], [-83.032, 31.184], [-83.029, 31.184], [-83.028, 31.184], [-83.026, 31.184], [-83.023, 31.184], [-83.021, 31.184], [-83.018, 31.184], [-83.001, 31.184], [-83.0, 31.184], [-82.992, 31.184], [-82.991, 31.184], [-82.985, 31.184], [-82.98, 31.184], [-82.978, 31.184], [-82.977, 31.184], [-82.97, 31.184], [-82.97, 31.169], [-82.97, 31.164], [-82.97, 31.151], [-82.97, 31.14], [-82.97, 31.128], [-82.97, 31.116], [-82.97, 31.097], [-82.97, 31.091], [-82.97, 31.069], [-82.97, 31.058], [-82.97, 31.04], [-82.97, 31.032], [-82.97, 31.025], [-82.97, 31.015], [-82.97, 31.0], [-82.97, 30.988], [-82.97, 30.975], [-82.97, 30.962], [-82.97, 30.95], [-82.971, 30.941], [-82.971, 30.933], [-82.971, 30.918], [-82.971, 30.902]]]}, "properties": {"county_fips": "13173", "county_name": "Lanier", "state": "GA"}}, {"type": "Feature", "id": "13177", "geometry": {"type": "MultiPolygon", "coordinates": [[[[-84.314, 31.691], [-84.313, 31.691], [-84.311, 31.691], [-84.307, 31.691], [-84.305, 31.691], [-84.305, 31.691], [-84.305, 31.691], [-84.305, 31.691], [-84.305, 31.691], [-84.305, 31.69], [-84.305, 31.688], [-84.305, 31.688], [-84.305, 31.687], [-84.305, 31.686], [-84.305, 31.685], [-84.305, 31.684], [-84.306, 31.683], [-84.308, 31.683], [-84.309, 31.683], [-84.311, 31.683], [-84.315, 31.683], [-84.315, 31.686], [-84.314, 31.688], [-84.314, 31.689], [-84.314, 31.691]]], [[[-84.321, 31.916], [-84.305, 31.916], [-84.296, 31.916], [-84.293, 31.916], [-84.267, 31.916], [-84.265, 31.916], [-84.26, 31.916], [-84.255, 31.916], [-84.236, 31.915], [-84.218, 31.915], [-84.192, 31.915], [-84.177, 31.915], [-84.169, 31.915], [-84.135, 31.914], [-84.111, 31.914], [-84.086, 31.914], [-84.062, 31.914], [-84.044, 31.914], [-84.034, 31.914], [-84.011, 31.914], [-83.98, 31.913], [-83.956, 31.912], [-83.936, 31.912], [-83.923, 31.91], [-83.922, 31.91], [-83.923, 31.909], [-83.924, 31.907], [-83.928, 31.903], [-83.932, 31.899], [-83.933, 31.895], [-83.931, 31.891], [-83.929, 31.887], [-83.929, 31.885], [-83.931, 31.885], [-83.933, 31.883], [-83.934, 31.881], [-83.931, 31.877], [-83.93, 31.875], [-83.929, 31.873], [-83.929, 31.871], [-83.928, 31.868], [-83.927, 31.866], [-83.927, 31.863], [-83.928, 31.862], [-83.932, 31.86], [-83.934, 31.859], [-83.937, 31.858], [-83.938, 31.855], [-83.938, 31.851], [-83.938, 31.849], [-83.939, 31.848], [-83.939, 31.848], [-83.94, 31.848], [-83.948, 31.848], [-83.957, 31.84], [-83.964, 31.835], [-83.973, 31.827], [-83.979, 31.814], [-83.977, 31.803], [-83.99, 31.807], [-84.003, 31.804], [-84.009, 31.796], [-83.996, 31.786], [-83.994, 31.777], [-83.986, 31.765], [-83.996, 31.757], [-84.004, 31.748], [-84.008, 31.736], [-84.016, 31.731], [-84.024, 31.721], [-84.033, 31.715], [-84.025, 31.708], [-84.024, 31.7], [-84.02, 31.692], [-84.018, 31.677], [-84.013, 31.665], [-84.015, 31.659], [-84.018, 31.65], [-84.018, 31.65], [-84.018, 31.65], [-84.022, 31.65], [-84.028, 31.649], [-84.03, 31.645], [-84.034, 31.643], [-84.038, 31.636], [-84.042, 31.629], [-84.077, 31.624], [-84.089, 31.623], [-84.095, 31.623], [-84.096, 31.623], [-84.098, 31.623], [-84.119, 31.623], [-84.14, 31.623], [-84.144, 31.623], [-84.163, 31.623], [-84.174, 31.623], [-84.192, 31.623], [-84.198, 31.623], [-84.205, 31.623], [-84.219, 31.623], [-84.223, 31.623], [-84.231, 31.623], [-84.244, 31.622], [-84.26, 31.622], [-84.297, 31.622], [-84.298, 31.622], [-84.298, 31.625], [-84.296, 31.691], [-84.305, 31.691], [-84.295, 31.702], [-84.294, 31.742], [-84.287, 31.769], [-84.258, 31.791], [-84.261, 31.795], [-84.262, 31.801], [-84.262, 31.807], [-84.263, 31.81], [-84.262, 31.815], [-84.262, 31.82], [-84.262, 31.825], [-84.262, 31.828], [-84.273, 31.838], [-84.276, 31.841], [-84.277, 31.85], [-84.285, 31.854], [-84.291, 31.858], [-84.293, 31.862], [-84.294, 31.865], [-84.299, 31.867], [-84.305, 31.869], [-84.312, 31.869], [-84.323, 31.871], [-84.338, 31.874], [-84.338, 31.874], [-84.338, 31.874], [-84.338, 31.896]]]]}, "properties": {"county_fips": "13177", "county_name": "Lee", "state": "GA"}}, {"type": "Feature", "id": "13179", "geometry": {"type": "Polygon", "coordinates": [[[-81.657, 31.798], [-81.657, 31.798], [-81.687, 31.809], [-81.696, 31.816], [-81.706, 31.827], [-81.721, 31.838], [-81.736, 31.854], [-81.752, 31.861], [-81.765, 31.874], [-81.765, 31.889], [-81.759, 31.902], [-81.751, 31.922], [-81.746, 31.941], [-81.743, 31.954], [-81.747, 31.968], [-81.757, 31.975], [-81.774, 31.98], [-81.789, 31.979], [-81.804, 31.986], [-81.81, 31.999], [-81.822, 32.007], [-81.824, 32.015], [-81.823, 32.015], [-81.821, 32.015], [-81.817, 32.016], [-81.817, 32.016], [-81.814, 32.016], [-81.813, 32.016], [-81.81, 32.02], [-81.806, 32.022], [-81.806, 32.022], [-81.805, 32.022], [-81.805, 32.023], [-81.805, 32.023], [-81.802, 32.024], [-81.795, 32.029], [-81.792, 32.03], [-81.789, 32.032], [-81.787, 32.033], [-81.787, 32.033], [-81.78, 32.037], [-81.779, 32.038], [-81.772, 32.042], [-81.772, 32.042], [-81.766, 32.045], [-81.764, 32.047], [-81.763, 32.047], [-81.762, 32.048], [-81.762, 32.048], [-81.762, 32.048], [-81.762, 32.048], [-81.761, 32.048], [-81.758, 32.051], [-81.757, 32.052], [-81.756, 32.053], [-81.751, 32.058], [-81.751, 32.058], [-81.75, 32.059], [-81.75, 32.059], [-81.749, 32.06], [-81.749, 32.06], [-81.744, 32.064], [-81.744, 32.065], [-81.741, 32.068], [-81.74, 32.069], [-81.738, 32.071], [-81.736, 32.073], [-81.73, 32.078], [-81.727, 32.081], [-81.727, 32.082], [-81.726, 32.082], [-81.725, 32.083], [-81.724, 32.084], [-81.723, 32.085], [-81.719, 32.089], [-81.719, 32.089], [-81.718, 32.089], [-81.695, 32.088], [-81.665, 32.061], [-81.642, 32.051], [-81.635, 32.041], [-81.618, 32.03], [-81.61, 32.017], [-81.605, 32.003], [-81.594, 31.991], [-81.593, 31.983], [-81.584, 31.971], [-81.559, 31.959], [-81.537, 31.963], [-81.515, 31.964], [-81.501, 31.965], [-81.48, 31.971], [-81.422, 31.938], [-81.401, 31.924], [-81.397, 31.907], [-81.394, 31.881], [-81.382, 31.871], [-81.381, 31.857], [-81.369, 31.841], [-81.333, 31.835], [-81.288, 31.793], [-81.155, 31.713], [-81.155, 31.713], [-81.151, 31.712], [-81.149, 31.712], [-81.147, 31.712], [-81.144, 31.711], [-81.142, 31.711], [-81.141, 31.711], [-81.136, 31.711], [-81.134, 31.71], [-81.131, 31.71], [-81.13, 31.71], [-81.128, 31.71], [-81.125, 31.71], [-81.052, 31.705], [-81.05, 31.689], [-81.059, 31.666], [-81.067, 31.657], [-81.07, 31.642], [-81.066, 31.625], [-81.07, 31.616], [-81.073, 31.609], [-81.077, 31.598], [-81.079, 31.586], [-81.083, 31.565], [-81.085, 31.553], [-81.086, 31.543], [-81.086, 31.537], [-81.087, 31.532], [-81.087, 31.529], [-81.088, 31.527], [-81.092, 31.523], [-81.095, 31.521], [-81.185, 31.545], [-81.193, 31.553], [-81.195, 31.557], [-81.192, 31.582], [-81.201, 31.611], [-81.223, 31.631], [-81.241, 31.641], [-81.321, 31.659], [-81.361, 31.654], [-81.372, 31.648], [-81.377, 31.653], [-81.383, 31.649], [-81.388, 31.646], [-81.392, 31.644], [-81.4, 31.644], [-81.403, 31.646], [-81.408, 31.649], [-81.413, 31.649], [-81.426, 31.647], [-81.436, 31.642], [-81.452, 31.657], [-81.462, 31.673], [-81.462, 31.682], [-81.465, 31.693], [-81.492, 31.7], [-81.492, 31.7], [-81.499, 31.7], [-81.547, 31.722], [-81.606, 31.749], [-81.627, 31.759], [-81.643, 31.78]]]}, "properties": {"county_fips": "13179", "county_name": "Liberty", "state": "GA"}}, {"type": "Feature", "id": "13183", "geometry": {"type": "Polygon", "coordinates": [[[-81.657, 31.798], [-81.643, 31.78], [-81.627, 31.759], [-81.606, 31.749], [-81.547, 31.722], [-81.499, 31.7], [-81.492, 31.7], [-81.492, 31.699], [-81.494, 31.696], [-81.5, 31.686], [-81.502, 31.684], [-81.506, 31.677], [-81.509, 31.672], [-81.512, 31.668], [-81.516, 31.66], [-81.52, 31.654], [-81.526, 31.645], [-81.53, 31.638], [-81.533, 31.633], [-81.538, 31.625], [-81.54, 31.62], [-81.548, 31.608], [-81.551, 31.602], [-81.559, 31.588], [-81.567, 31.576], [-81.579, 31.571], [-81.585, 31.568], [-81.598, 31.562], [-81.619, 31.553], [-81.625, 31.55], [-81.634, 31.548], [-81.649, 31.543], [-81.662, 31.539], [-81.663, 31.539], [-81.663, 31.539], [-81.682, 31.545], [-81.697, 31.556], [-81.698, 31.579], [-81.714, 31.586], [-81.726, 31.596], [-81.736, 31.607], [-81.748, 31.606], [-81.755, 31.615], [-81.77, 31.615], [-81.767, 31.625], [-81.785, 31.63], [-81.797, 31.647], [-81.809, 31.66], [-81.814, 31.652], [-81.828, 31.661], [-81.842, 31.668], [-81.848, 31.678], [-81.871, 31.697], [-81.892, 31.718], [-81.913, 31.739], [-81.912, 31.754], [-81.924, 31.758], [-81.933, 31.762], [-81.95, 31.77], [-81.969, 31.789], [-81.969, 31.789], [-81.969, 31.79], [-81.98, 31.804], [-81.967, 31.808], [-81.955, 31.812], [-81.952, 31.821], [-81.948, 31.829], [-81.94, 31.84], [-81.927, 31.85], [-81.919, 31.86], [-81.919, 31.873], [-81.915, 31.881], [-81.911, 31.888], [-81.902, 31.889], [-81.894, 31.894], [-81.895, 31.903], [-81.888, 31.91], [-81.882, 31.92], [-81.882, 31.929], [-81.883, 31.939], [-81.887, 31.946], [-81.886, 31.954], [-81.877, 31.965], [-81.87, 31.971], [-81.86, 31.977], [-81.855, 31.987], [-81.829, 32.011], [-81.824, 32.015], [-81.822, 32.007], [-81.81, 31.999], [-81.804, 31.986], [-81.789, 31.979], [-81.774, 31.98], [-81.757, 31.975], [-81.747, 31.968], [-81.743, 31.954], [-81.746, 31.941], [-81.751, 31.922], [-81.759, 31.902], [-81.765, 31.889], [-81.765, 31.874], [-81.752, 31.861], [-81.736, 31.854], [-81.721, 31.838], [-81.706, 31.827], [-81.696, 31.816], [-81.687, 31.809], [-81.657, 31.798]]]}, "properties": {"county_fips": "13183", "county_name": "Long", "state": "GA"}}, {"type": "Feature", "id": "13185", "geometry": {"type": "Polygon", "coordinates": [[[-83.455, 30.711], [-83.459, 30.783], [-83.401, 30.827], [-83.348, 30.848], [-83.354, 30.865], [-83.361, 30.875], [-83.38, 30.884], [-83.403, 30.885], [-83.414, 30.892], [-83.426, 30.896], [-83.44, 30.905], [-83.441, 30.912], [-83.437, 30.921], [-83.435, 30.935], [-83.43, 30.949], [-83.434, 30.956], [-83.436, 30.963], [-83.443, 30.977], [-83.448, 30.99], [-83.455, 30.997], [-83.463, 31.006], [-83.466, 31.018], [-83.468, 31.028], [-83.477, 31.031], [-83.476, 31.032], [-83.476, 31.032], [-83.452, 31.031], [-83.45, 31.031], [-83.447, 31.031], [-83.442, 31.031], [-83.438, 31.031], [-83.429, 31.031], [-83.427, 31.03], [-83.408, 31.03], [-83.393, 31.03], [-83.387, 31.03], [-83.376, 31.029], [-83.365, 31.029], [-83.357, 31.029], [-83.351, 31.029], [-83.348, 31.028], [-83.341, 31.028], [-83.332, 31.028], [-83.326, 31.028], [-83.323, 31.028], [-83.321, 31.028], [-83.319, 31.028], [-83.311, 31.027], [-83.306, 31.027], [-83.296, 31.027], [-83.296, 31.027], [-83.296, 31.027], [-83.291, 31.027], [-83.281, 31.026], [-83.28, 31.026], [-83.267, 31.027], [-83.256, 31.027], [-83.256, 31.027], [-83.255, 31.027], [-83.246, 31.026], [-83.246, 31.026], [-83.246, 31.026], [-83.244, 31.026], [-83.241, 31.026], [-83.241, 31.026], [-83.241, 31.026], [-83.24, 31.026], [-83.233, 31.026], [-83.233, 31.026], [-83.224, 31.026], [-83.214, 31.026], [-83.214, 31.026], [-83.213, 31.026], [-83.213, 31.026], [-83.211, 31.026], [-83.207, 31.026], [-83.206, 31.026], [-83.204, 31.026], [-83.198, 31.025], [-83.195, 31.025], [-83.18, 31.017], [-83.179, 30.95], [-83.12, 30.949], [-83.057, 30.947], [-83.043, 30.946], [-83.041, 30.937], [-83.039, 30.93], [-83.036, 30.924], [-83.036, 30.921], [-83.034, 30.915], [-83.028, 30.912], [-83.026, 30.908], [-83.023, 30.904], [-83.021, 30.9], [-83.022, 30.893], [-83.024, 30.888], [-83.023, 30.884], [-83.021, 30.881], [-83.022, 30.877], [-83.024, 30.874], [-83.023, 30.872], [-83.023, 30.867], [-83.025, 30.863], [-83.024, 30.859], [-83.02, 30.85], [-83.019, 30.849], [-83.019, 30.849], [-83.094, 30.831], [-83.108, 30.804], [-83.126, 30.802], [-83.127, 30.799], [-83.131, 30.794], [-83.132, 30.791], [-83.133, 30.788], [-83.133, 30.785], [-83.134, 30.779], [-83.135, 30.771], [-83.135, 30.769], [-83.133, 30.76], [-83.134, 30.752], [-83.134, 30.748], [-83.135, 30.742], [-83.136, 30.736], [-83.134, 30.731], [-83.135, 30.728], [-83.134, 30.724], [-83.13, 30.722], [-83.136, 30.717], [-83.135, 30.703], [-83.135, 30.696], [-83.135, 30.655], [-83.137, 30.625], [-83.137, 30.624], [-83.14, 30.624], [-83.156, 30.625], [-83.164, 30.626], [-83.172, 30.626], [-83.172, 30.626], [-83.175, 30.627], [-83.176, 30.627], [-83.18, 30.627], [-83.186, 30.627], [-83.187, 30.627], [-83.198, 30.628], [-83.225, 30.629], [-83.229, 30.63], [-83.247, 30.631], [-83.247, 30.631], [-83.249, 30.631], [-83.249, 30.631], [-83.25, 30.631], [-83.254, 30.631], [-83.256, 30.631], [-83.265, 30.632], [-83.266, 30.632], [-83.271, 30.632], [-83.279, 30.633], [-83.307, 30.634], [-83.309, 30.634], [-83.309, 30.634], [-83.309, 30.635], [-83.309, 30.636], [-83.311, 30.636], [-83.314, 30.636], [-83.317, 30.637], [-83.318, 30.639], [-83.318, 30.64], [-83.32, 30.641], [-83.322, 30.642], [-83.325, 30.643], [-83.327, 30.643], [-83.329, 30.643], [-83.329, 30.641], [-83.329, 30.64], [-83.331, 30.641], [-83.334, 30.641], [-83.335, 30.641], [-83.337, 30.641], [-83.337, 30.641], [-83.338, 30.64], [-83.338, 30.64], [-83.339, 30.639], [-83.339, 30.638], [-83.34, 30.638], [-83.34, 30.637], [-83.341, 30.637], [-83.341, 30.636], [-83.341, 30.636], [-83.341, 30.636], [-83.341, 30.636], [-83.341, 30.636], [-83.341, 30.636], [-83.341, 30.636], [-83.342, 30.636], [-83.345, 30.637], [-83.346, 30.637], [-83.346, 30.637], [-83.347, 30.637], [-83.348, 30.637], [-83.349, 30.637], [-83.35, 30.637], [-83.35, 30.637], [-83.351, 30.637], [-83.351, 30.637], [-83.357, 30.637], [-83.357, 30.637], [-83.357, 30.637], [-83.357, 30.637], [-83.358, 30.637], [-83.358, 30.637], [-83.396, 30.677], [-83.454, 30.71]]]}, "properties": {"county_fips": "13185", "county_name": "Lowndes", "state": "GA"}}, {"type": "Feature", "id": "13191", "geometry": {"type": "Polygon", "coordinates": [[[-81.655, 31.52], [-81.655, 31.522], [-81.654, 31.526], [-81.652, 31.529], [-81.658, 31.528], [-81.662, 31.529], [-81.668, 31.533], [-81.668, 31.537], [-81.663, 31.539], [-81.662, 31.539], [-81.649, 31.543], [-81.634, 31.548], [-81.625, 31.55], [-81.619, 31.553], [-81.598, 31.562], [-81.585, 31.568], [-81.579, 31.571], [-81.567, 31.576], [-81.559, 31.588], [-81.551, 31.602], [-81.548, 31.608], [-81.54, 31.62], [-81.538, 31.625], [-81.533, 31.633], [-81.53, 31.638], [-81.526, 31.645], [-81.52, 31.654], [-81.516, 31.66], [-81.512, 31.668], [-81.509, 31.672], [-81.506, 31.677], [-81.502, 31.684], [-81.5, 31.686], [-81.494, 31.696], [-81.492, 31.699], [-81.492, 31.7], [-81.492, 31.7], [-81.465, 31.693], [-81.462, 31.682], [-81.462, 31.673], [-81.452, 31.657], [-81.436, 31.642], [-81.426, 31.647], [-81.413, 31.649], [-81.408, 31.649], [-81.403, 31.646], [-81.4, 31.644], [-81.392, 31.644], [-81.388, 31.646], [-81.383, 31.649], [-81.377, 31.653], [-81.372, 31.648], [-81.361, 31.654], [-81.321, 31.659], [-81.241, 31.641], [-81.223, 31.631], [-81.201, 31.611], [-81.192, 31.582], [-81.195, 31.557], [-81.193, 31.553], [-81.185, 31.545], [-81.095, 31.521], [-81.097, 31.52], [-81.1, 31.519], [-81.1, 31.517], [-81.101, 31.516], [-81.103, 31.507], [-81.106, 31.5], [-81.107, 31.498], [-81.107, 31.497], [-81.11, 31.492], [-81.115, 31.487], [-81.119, 31.483], [-81.122, 31.481], [-81.125, 31.478], [-81.125, 31.478], [-81.127, 31.477], [-81.131, 31.474], [-81.134, 31.474], [-81.136, 31.473], [-81.139, 31.473], [-81.141, 31.472], [-81.144, 31.472], [-81.146, 31.467], [-81.147, 31.465], [-81.147, 31.464], [-81.149, 31.461], [-81.15, 31.458], [-81.152, 31.456], [-81.156, 31.45], [-81.157, 31.449], [-81.158, 31.447], [-81.16, 31.446], [-81.161, 31.444], [-81.162, 31.443], [-81.164, 31.442], [-81.163, 31.44], [-81.162, 31.437], [-81.163, 31.436], [-81.163, 31.434], [-81.163, 31.433], [-81.164, 31.431], [-81.164, 31.429], [-81.165, 31.427], [-81.166, 31.425], [-81.167, 31.423], [-81.168, 31.422], [-81.169, 31.421], [-81.17, 31.419], [-81.172, 31.417], [-81.173, 31.415], [-81.174, 31.414], [-81.175, 31.413], [-81.176, 31.412], [-81.177, 31.41], [-81.179, 31.408], [-81.181, 31.407], [-81.182, 31.405], [-81.183, 31.404], [-81.185, 31.404], [-81.186, 31.402], [-81.188, 31.401], [-81.189, 31.4], [-81.191, 31.4], [-81.189, 31.398], [-81.188, 31.397], [-81.186, 31.395], [-81.184, 31.393], [-81.182, 31.391], [-81.179, 31.387], [-81.177, 31.385], [-81.176, 31.382], [-81.174, 31.38], [-81.173, 31.377], [-81.172, 31.376], [-81.172, 31.375], [-81.171, 31.37], [-81.171, 31.363], [-81.172, 31.355], [-81.173, 31.351], [-81.175, 31.346], [-81.177, 31.339], [-81.179, 31.335], [-81.184, 31.329], [-81.185, 31.327], [-81.186, 31.327], [-81.186, 31.327], [-81.186, 31.327], [-81.185, 31.323], [-81.184, 31.316], [-81.183, 31.311], [-81.184, 31.306], [-81.185, 31.301], [-81.185, 31.301], [-81.185, 31.301], [-81.185, 31.301], [-81.184, 31.297], [-81.184, 31.294], [-81.303, 31.296], [-81.328, 31.308], [-81.351, 31.313], [-81.385, 31.316], [-81.407, 31.291], [-81.403, 31.308], [-81.416, 31.306], [-81.436, 31.314], [-81.436, 31.331], [-81.454, 31.327], [-81.467, 31.337], [-81.473, 31.333], [-81.478, 31.334], [-81.483, 31.339], [-81.488, 31.342], [-81.493, 31.344], [-81.506, 31.356], [-81.534, 31.368], [-81.544, 31.378], [-81.55, 31.387], [-81.584, 31.409], [-81.594, 31.417], [-81.605, 31.431], [-81.61, 31.443], [-81.625, 31.453], [-81.624, 31.453], [-81.624, 31.453], [-81.62, 31.456], [-81.617, 31.46], [-81.613, 31.467], [-81.613, 31.471], [-81.619, 31.48], [-81.621, 31.483], [-81.624, 31.485], [-81.628, 31.484], [-81.633, 31.484], [-81.642, 31.49], [-81.648, 31.496], [-81.645, 31.499], [-81.646, 31.502], [-81.651, 31.503], [-81.656, 31.507], [-81.658, 31.51], [-81.657, 31.516]]]}, "properties": {"county_fips": "13191", "county_name": "McIntosh", "state": "GA"}}, {"type": "Feature", "id": "13201", "geometry": {"type": "Polygon", "coordinates": [[[-84.907, 31.256], [-84.872, 31.255], [-84.843, 31.254], [-84.77, 31.253], [-84.749, 31.253], [-84.737, 31.252], [-84.725, 31.252], [-84.72, 31.252], [-84.705, 31.258], [-84.694, 31.255], [-84.685, 31.252], [-84.682, 31.257], [-84.664, 31.259], [-84.642, 31.257], [-84.642, 31.259], [-84.637, 31.259], [-84.634, 31.259], [-84.631, 31.259], [-84.623, 31.258], [-84.614, 31.258], [-84.61, 31.258], [-84.606, 31.258], [-84.6, 31.258], [-84.597, 31.258], [-84.593, 31.258], [-84.586, 31.257], [-84.578, 31.257], [-84.574, 31.257], [-84.56, 31.257], [-84.557, 31.257], [-84.554, 31.257], [-84.538, 31.24], [-84.538, 31.229], [-84.538, 31.226], [-84.538, 31.225], [-84.538, 31.222], [-84.539, 31.192], [-84.539, 31.185], [-84.54, 31.174], [-84.541, 31.154], [-84.542, 31.09], [-84.543, 31.079], [-84.543, 31.079], [-84.56, 31.079], [-84.572, 31.079], [-84.576, 31.079], [-84.578, 31.079], [-84.58, 31.079], [-84.59, 31.079], [-84.598, 31.079], [-84.609, 31.079], [-84.618, 31.079], [-84.629, 31.079], [-84.635, 31.079], [-84.641, 31.079], [-84.645, 31.079], [-84.646, 31.071], [-84.663, 31.068], [-84.665, 31.068], [-84.666, 31.068], [-84.674, 31.068], [-84.685, 31.068], [-84.695, 31.069], [-84.705, 31.069], [-84.706, 31.069], [-84.71, 31.069], [-84.722, 31.069], [-84.73, 31.069], [-84.731, 31.069], [-84.733, 31.069], [-84.742, 31.069], [-84.743, 31.069], [-84.745, 31.069], [-84.747, 31.069], [-84.763, 31.07], [-84.792, 31.07], [-84.811, 31.07], [-84.815, 31.071], [-84.821, 31.071], [-84.822, 31.071], [-84.834, 31.071], [-84.849, 31.071], [-84.858, 31.071], [-84.864, 31.071], [-84.868, 31.071], [-84.87, 31.071], [-84.875, 31.072], [-84.88, 31.072], [-84.886, 31.072], [-84.889, 31.072], [-84.892, 31.072], [-84.898, 31.072], [-84.905, 31.072], [-84.906, 31.072], [-84.918, 31.073], [-84.922, 31.073], [-84.922, 31.085], [-84.922, 31.096], [-84.922, 31.105], [-84.921, 31.109], [-84.922, 31.113], [-84.921, 31.144], [-84.92, 31.17], [-84.919, 31.182], [-84.919, 31.199], [-84.919, 31.213], [-84.918, 31.23], [-84.917, 31.256]]]}, "properties": {"county_fips": "13201", "county_name": "Miller", "state": "GA"}}, {"type": "Feature", "id": "13205", "geometry": {"type": "Polygon", "coordinates": [[[-83.998, 31.407], [-83.998, 31.406], [-83.998, 31.399], [-83.999, 31.397], [-83.999, 31.387], [-83.999, 31.373], [-83.999, 31.367], [-83.999, 31.365], [-83.999, 31.363], [-83.999, 31.361], [-83.999, 31.356], [-83.999, 31.352], [-83.999, 31.351], [-83.999, 31.349], [-83.999, 31.348], [-83.999, 31.344], [-83.999, 31.338], [-83.999, 31.335], [-83.999, 31.335], [-83.999, 31.334], [-84.0, 31.325], [-84.0, 31.307], [-84.0, 31.298], [-84.0, 31.29], [-84.0, 31.284], [-84.001, 31.28], [-84.001, 31.262], [-84.001, 31.239], [-84.002, 31.23], [-84.002, 31.222], [-84.002, 31.21], [-84.002, 31.198], [-84.002, 31.186], [-84.002, 31.177], [-84.002, 31.172], [-84.002, 31.164], [-84.003, 31.146], [-84.003, 31.126], [-84.003, 31.116], [-84.007, 31.112], [-84.014, 31.111], [-84.014, 31.105], [-84.003, 31.102], [-84.003, 31.087], [-84.004, 31.077], [-84.004, 31.077], [-84.004, 31.077], [-84.005, 31.077], [-84.01, 31.077], [-84.015, 31.077], [-84.017, 31.077], [-84.021, 31.077], [-84.027, 31.077], [-84.04, 31.077], [-84.045, 31.077], [-84.051, 31.077], [-84.064, 31.077], [-84.071, 31.078], [-84.075, 31.077], [-84.077, 31.078], [-84.081, 31.078], [-84.085, 31.078], [-84.087, 31.078], [-84.09, 31.078], [-84.092, 31.078], [-84.094, 31.078], [-84.095, 31.078], [-84.099, 31.078], [-84.101, 31.078], [-84.103, 31.078], [-84.109, 31.078], [-84.115, 31.078], [-84.117, 31.078], [-84.117, 31.078], [-84.135, 31.078], [-84.14, 31.078], [-84.148, 31.078], [-84.158, 31.078], [-84.174, 31.079], [-84.192, 31.079], [-84.198, 31.079], [-84.209, 31.079], [-84.213, 31.079], [-84.215, 31.079], [-84.22, 31.079], [-84.233, 31.079], [-84.251, 31.079], [-84.259, 31.079], [-84.269, 31.079], [-84.274, 31.079], [-84.279, 31.079], [-84.293, 31.079], [-84.297, 31.079], [-84.3, 31.079], [-84.304, 31.079], [-84.314, 31.079], [-84.346, 31.079], [-84.364, 31.079], [-84.376, 31.079], [-84.377, 31.079], [-84.377, 31.079], [-84.381, 31.079], [-84.383, 31.079], [-84.393, 31.079], [-84.398, 31.079], [-84.404, 31.079], [-84.406, 31.079], [-84.41, 31.079], [-84.413, 31.079], [-84.415, 31.079], [-84.416, 31.079], [-84.419, 31.079], [-84.424, 31.079], [-84.428, 31.079], [-84.436, 31.079], [-84.439, 31.079], [-84.448, 31.079], [-84.459, 31.079], [-84.461, 31.079], [-84.465, 31.079], [-84.477, 31.079], [-84.486, 31.079], [-84.492, 31.079], [-84.496, 31.079], [-84.499, 31.079], [-84.507, 31.078], [-84.508, 31.078], [-84.501, 31.12], [-84.481, 31.152], [-84.463, 31.167], [-84.418, 31.197], [-84.416, 31.186], [-84.405, 31.199], [-84.409, 31.21], [-84.378, 31.238], [-84.362, 31.251], [-84.354, 31.266], [-84.341, 31.277], [-84.337, 31.3], [-84.337, 31.3], [-84.323, 31.313], [-84.301, 31.324], [-84.284, 31.327], [-84.271, 31.338], [-84.256, 31.339], [-84.243, 31.342], [-84.23, 31.347], [-84.211, 31.359], [-84.199, 31.385], [-84.182, 31.391], [-84.17, 31.413], [-84.15, 31.421], [-84.141, 31.44], [-84.141, 31.44], [-84.141, 31.44], [-84.141, 31.44], [-84.141, 31.441], [-84.14, 31.441], [-84.14, 31.441], [-84.14, 31.441], [-84.139, 31.442], [-84.139, 31.442], [-84.139, 31.442], [-84.139, 31.442], [-84.138, 31.442], [-84.137, 31.443], [-84.129, 31.443], [-84.124, 31.443], [-84.118, 31.442], [-84.116, 31.443], [-84.105, 31.443], [-84.094, 31.443], [-84.082, 31.443], [-84.062, 31.443], [-84.033, 31.443], [-84.014, 31.444], [-84.011, 31.444], [-84.005, 31.444], [-84.001, 31.444], [-83.998, 31.444], [-83.998, 31.444], [-83.998, 31.442], [-83.998, 31.438], [-83.998, 31.437], [-83.998, 31.432], [-83.998, 31.427], [-83.998, 31.421], [-83.998, 31.415], [-83.998, 31.411]]]}, "properties": {"county_fips": "13205", "county_name": "Mitchell", "state": "GA"}}, {"type": "Feature", "id": "13209", "geometry": {"type": "Polygon", "coordinates": [[[-82.441, 32.241], [-82.441, 32.228], [-82.441, 32.22], [-82.443, 32.205], [-82.444, 32.204], [-82.445, 32.198], [-82.449, 32.177], [-82.451, 32.166], [-82.452, 32.158], [-82.454, 32.149], [-82.456, 32.137], [-82.46, 32.116], [-82.464, 32.089], [-82.469, 32.055], [-82.473, 32.031], [-82.478, 32.003], [-82.48, 31.994], [-82.483, 31.969], [-82.483, 31.969], [-82.486, 31.969], [-82.492, 31.968], [-82.498, 31.964], [-82.5, 31.959], [-82.499, 31.957], [-82.496, 31.959], [-82.492, 31.959], [-82.488, 31.957], [-82.484, 31.958], [-82.481, 31.957], [-82.48, 31.955], [-82.484, 31.951], [-82.489, 31.949], [-82.497, 31.949], [-82.503, 31.95], [-82.508, 31.952], [-82.515, 31.957], [-82.519, 31.958], [-82.525, 31.958], [-82.529, 31.959], [-82.534, 31.961], [-82.535, 31.96], [-82.536, 31.958], [-82.538, 31.957], [-82.543, 31.959], [-82.544, 31.959], [-82.544, 31.959], [-82.555, 31.98], [-82.562, 31.99], [-82.592, 32.01], [-82.595, 32.018], [-82.6, 32.031], [-82.604, 32.04], [-82.61, 32.055], [-82.608, 32.073], [-82.618, 32.086], [-82.615, 32.098], [-82.613, 32.107], [-82.624, 32.114], [-82.63, 32.133], [-82.619, 32.146], [-82.622, 32.167], [-82.625, 32.179], [-82.629, 32.188], [-82.626, 32.207], [-82.633, 32.229], [-82.645, 32.243], [-82.644, 32.255], [-82.638, 32.268], [-82.649, 32.277], [-82.649, 32.29], [-82.655, 32.298], [-82.655, 32.298], [-82.655, 32.298], [-82.656, 32.3], [-82.654, 32.302], [-82.653, 32.304], [-82.651, 32.307], [-82.65, 32.308], [-82.649, 32.31], [-82.644, 32.312], [-82.625, 32.316], [-82.609, 32.319], [-82.599, 32.32], [-82.588, 32.322], [-82.568, 32.326], [-82.564, 32.326], [-82.545, 32.33], [-82.541, 32.33], [-82.522, 32.334], [-82.519, 32.334], [-82.503, 32.337], [-82.475, 32.342], [-82.469, 32.343], [-82.456, 32.346], [-82.432, 32.35], [-82.415, 32.353], [-82.41, 32.354], [-82.409, 32.354], [-82.409, 32.354], [-82.409, 32.354], [-82.417, 32.339], [-82.425, 32.323], [-82.431, 32.312], [-82.439, 32.291], [-82.44, 32.27], [-82.44, 32.252], [-82.44, 32.247], [-82.441, 32.241]]]}, "properties": {"county_fips": "13209", "county_name": "Montgomery", "state": "GA"}}, {"type": "Feature", "id": "13229", "geometry": {"type": "Polygon", "coordinates": [[[-82.39, 31.312], [-82.404, 31.379], [-82.403, 31.404], [-82.417, 31.417], [-82.414, 31.417], [-82.402, 31.418], [-82.398, 31.43], [-82.386, 31.43], [-82.372, 31.43], [-82.357, 31.43], [-82.351, 31.43], [-82.345, 31.434], [-82.342, 31.442], [-82.336, 31.442], [-82.327, 31.457], [-82.315, 31.46], [-82.302, 31.468], [-82.301, 31.475], [-82.3, 31.487], [-82.293, 31.493], [-82.278, 31.493], [-82.271, 31.493], [-82.27, 31.506], [-82.256, 31.51], [-82.256, 31.518], [-82.248, 31.518], [-82.239, 31.521], [-82.239, 31.528], [-82.233, 31.531], [-82.227, 31.531], [-82.227, 31.531], [-82.226, 31.53], [-82.224, 31.526], [-82.219, 31.518], [-82.217, 31.517], [-82.212, 31.513], [-82.208, 31.511], [-82.203, 31.508], [-82.2, 31.507], [-82.2, 31.506], [-82.198, 31.505], [-82.194, 31.501], [-82.19, 31.497], [-82.188, 31.496], [-82.185, 31.492], [-82.182, 31.49], [-82.175, 31.485], [-82.171, 31.482], [-82.168, 31.479], [-82.163, 31.476], [-82.157, 31.472], [-82.153, 31.47], [-82.151, 31.47], [-82.149, 31.469], [-82.144, 31.469], [-82.139, 31.47], [-82.133, 31.471], [-82.133, 31.471], [-82.133, 31.471], [-82.121, 31.479], [-82.102, 31.481], [-82.082, 31.476], [-82.07, 31.47], [-82.066, 31.467], [-82.061, 31.463], [-82.058, 31.46], [-82.054, 31.455], [-82.054, 31.451], [-82.054, 31.446], [-82.053, 31.439], [-82.054, 31.431], [-82.055, 31.427], [-82.056, 31.419], [-82.055, 31.415], [-82.057, 31.409], [-82.051, 31.404], [-82.051, 31.398], [-82.044, 31.394], [-82.044, 31.391], [-82.045, 31.387], [-82.041, 31.383], [-82.041, 31.381], [-82.042, 31.376], [-82.041, 31.374], [-82.041, 31.374], [-82.041, 31.374], [-82.041, 31.362], [-82.033, 31.349], [-82.028, 31.341], [-82.02, 31.329], [-82.014, 31.322], [-82.005, 31.312], [-81.997, 31.289], [-82.007, 31.276], [-82.023, 31.275], [-82.039, 31.273], [-82.056, 31.274], [-82.075, 31.275], [-82.098, 31.275], [-82.125, 31.26], [-82.143, 31.255], [-82.141, 31.242], [-82.145, 31.229], [-82.163, 31.216], [-82.176, 31.217], [-82.193, 31.202], [-82.21, 31.212], [-82.224, 31.22], [-82.251, 31.219], [-82.272, 31.218], [-82.286, 31.224], [-82.286, 31.224], [-82.29, 31.226], [-82.296, 31.226], [-82.301, 31.225], [-82.309, 31.226], [-82.313, 31.228], [-82.318, 31.233], [-82.323, 31.238], [-82.332, 31.241], [-82.337, 31.246], [-82.341, 31.253], [-82.347, 31.256], [-82.352, 31.26], [-82.357, 31.263], [-82.358, 31.265], [-82.362, 31.269], [-82.36, 31.272], [-82.365, 31.273], [-82.369, 31.28], [-82.368, 31.284], [-82.372, 31.288], [-82.38, 31.291], [-82.385, 31.297], [-82.389, 31.312]]]}, "properties": {"county_fips": "13229", "county_name": "Pierce", "state": "GA"}}, {"type": "Feature", "id": "13243", "geometry": {"type": "Polygon", "coordinates": [[[-84.644, 31.92], [-84.639, 31.92], [-84.638, 31.92], [-84.632, 31.92], [-84.631, 31.92], [-84.63, 31.92], [-84.621, 31.92], [-84.606, 31.92], [-84.606, 31.92], [-84.6, 31.92], [-84.6, 31.906], [-84.563, 31.771], [-84.567, 31.764], [-84.57, 31.758], [-84.567, 31.752], [-84.563, 31.746], [-84.562, 31.739], [-84.559, 31.731], [-84.556, 31.725], [-84.552, 31.719], [-84.548, 31.714], [-84.547, 31.709], [-84.544, 31.699], [-84.54, 31.692], [-84.537, 31.684], [-84.537, 31.676], [-84.538, 31.669], [-84.539, 31.662], [-84.538, 31.655], [-84.537, 31.647], [-84.539, 31.639], [-84.542, 31.635], [-84.543, 31.632], [-84.544, 31.627], [-84.545, 31.625], [-84.547, 31.621], [-84.547, 31.621], [-84.547, 31.621], [-84.559, 31.628], [-84.564, 31.629], [-84.569, 31.624], [-84.577, 31.621], [-84.578, 31.625], [-84.578, 31.637], [-84.587, 31.637], [-84.587, 31.621], [-84.597, 31.638], [-84.607, 31.631], [-84.617, 31.628], [-84.628, 31.638], [-84.636, 31.643], [-84.646, 31.644], [-84.65, 31.638], [-84.656, 31.629], [-84.656, 31.621], [-84.667, 31.62], [-84.671, 31.62], [-84.701, 31.62], [-84.717, 31.62], [-84.731, 31.62], [-84.751, 31.62], [-84.796, 31.62], [-84.818, 31.62], [-84.818, 31.62], [-84.826, 31.62], [-84.832, 31.62], [-84.833, 31.619], [-84.847, 31.619], [-84.848, 31.619], [-84.848, 31.619], [-84.848, 31.619], [-84.848, 31.619], [-84.849, 31.619], [-84.85, 31.619], [-84.852, 31.619], [-84.862, 31.619], [-84.863, 31.619], [-84.87, 31.619], [-84.875, 31.619], [-84.875, 31.619], [-84.909, 31.619], [-84.923, 31.619], [-84.942, 31.619], [-84.942, 31.653], [-84.931, 31.655], [-84.931, 31.672], [-84.945, 31.68], [-84.949, 31.713], [-84.959, 31.735], [-84.959, 31.778], [-84.959, 31.778], [-84.958, 31.778], [-84.953, 31.778], [-84.927, 31.777], [-84.91, 31.783], [-84.91, 31.789], [-84.91, 31.799], [-84.91, 31.808], [-84.909, 31.827], [-84.909, 31.834], [-84.909, 31.856], [-84.909, 31.863], [-84.909, 31.864], [-84.909, 31.864], [-84.909, 31.864], [-84.909, 31.866], [-84.909, 31.866], [-84.909, 31.875], [-84.909, 31.878], [-84.908, 31.89], [-84.908, 31.902], [-84.908, 31.902], [-84.908, 31.909], [-84.908, 31.909], [-84.908, 31.909], [-84.907, 31.923], [-84.907, 31.923], [-84.907, 31.924], [-84.898, 31.924], [-84.881, 31.924], [-84.862, 31.924], [-84.85, 31.923], [-84.839, 31.923], [-84.819, 31.923], [-84.81, 31.929], [-84.805, 31.932], [-84.801, 31.932], [-84.801, 31.93], [-84.798, 31.923], [-84.771, 31.922], [-84.759, 31.922], [-84.75, 31.922], [-84.727, 31.921], [-84.705, 31.921], [-84.703, 31.921], [-84.7, 31.921], [-84.692, 31.92], [-84.688, 31.92], [-84.686, 31.928], [-84.684, 31.929], [-84.681, 31.929], [-84.676, 31.924], [-84.676, 31.922], [-84.657, 31.92], [-84.656, 31.92], [-84.656, 31.92], [-84.656, 31.92], [-84.655, 31.92], [-84.655, 31.92], [-84.655, 31.92], [-84.651, 31.92], [-84.651, 31.92], [-84.648, 31.92], [-84.648, 31.92], [-84.646, 31.92], [-84.645, 31.92], [-84.645, 31.92], [-84.645, 31.92], [-84.645, 31.92], [-84.644, 31.92], [-84.644, 31.92], [-84.644, 31.92]]]}, "properties": {"county_fips": "13243", "county_name": "Randolph", "state": "GA"}}, {"type": "Feature", "id": "13253", "geometry": {"type": "Polygon", "coordinates": [[[-84.944, 31.073], [-84.934, 31.073], [-84.932, 31.073], [-84.922, 31.073], [-84.918, 31.073], [-84.906, 31.072], [-84.905, 31.072], [-84.898, 31.072], [-84.892, 31.072], [-84.889, 31.072], [-84.886, 31.072], [-84.88, 31.072], [-84.875, 31.072], [-84.87, 31.071], [-84.868, 31.071], [-84.864, 31.071], [-84.858, 31.071], [-84.849, 31.071], [-84.834, 31.071], [-84.822, 31.071], [-84.821, 31.071], [-84.815, 31.071], [-84.811, 31.07], [-84.792, 31.07], [-84.763, 31.07], [-84.747, 31.069], [-84.745, 31.069], [-84.743, 31.069], [-84.742, 31.069], [-84.733, 31.069], [-84.731, 31.069], [-84.731, 31.067], [-84.755, 30.982], [-84.755, 30.92], [-84.77, 30.85], [-84.769, 30.837], [-84.773, 30.833], [-84.783, 30.827], [-84.787, 30.817], [-84.788, 30.81], [-84.787, 30.805], [-84.789, 30.8], [-84.792, 30.802], [-84.797, 30.801], [-84.803, 30.799], [-84.806, 30.795], [-84.809, 30.788], [-84.813, 30.783], [-84.815, 30.783], [-84.822, 30.78], [-84.828, 30.779], [-84.839, 30.777], [-84.85, 30.772], [-84.856, 30.762], [-84.862, 30.751], [-84.871, 30.731], [-84.863, 30.712], [-84.863, 30.711], [-84.863, 30.711], [-84.864, 30.712], [-84.864, 30.712], [-84.864, 30.712], [-84.864, 30.712], [-84.864, 30.712], [-84.865, 30.712], [-84.865, 30.712], [-84.877, 30.728], [-84.888, 30.742], [-84.897, 30.751], [-84.911, 30.751], [-84.917, 30.763], [-84.918, 30.776], [-84.929, 30.796], [-84.93, 30.809], [-84.937, 30.828], [-84.935, 30.835], [-84.926, 30.843], [-84.935, 30.854], [-84.933, 30.865], [-84.94, 30.873], [-84.934, 30.882], [-84.945, 30.892], [-84.957, 30.908], [-84.969, 30.921], [-84.983, 30.935], [-84.981, 30.95], [-84.986, 30.968], [-85.0, 30.971], [-85.006, 30.981], [-85.002, 30.995], [-85.002, 31.001], [-85.002, 31.001], [-85.002, 31.001], [-85.002, 31.003], [-85.0, 31.009], [-85.0, 31.014], [-85.0, 31.015], [-85.002, 31.017], [-85.004, 31.019], [-85.005, 31.02], [-85.005, 31.025], [-85.009, 31.032], [-85.009, 31.036], [-85.009, 31.044], [-85.01, 31.048], [-85.011, 31.053], [-85.013, 31.056], [-85.015, 31.057], [-85.016, 31.058], [-85.017, 31.058], [-85.018, 31.059], [-85.019, 31.061], [-85.022, 31.066], [-85.023, 31.067], [-85.026, 31.071], [-85.028, 31.073], [-85.028, 31.074], [-85.029, 31.075], [-85.029, 31.076], [-85.027, 31.076], [-85.027, 31.076], [-85.027, 31.076], [-85.016, 31.075], [-85.013, 31.075], [-85.013, 31.075], [-85.013, 31.075], [-85.013, 31.075], [-85.002, 31.075], [-85.0, 31.075], [-84.999, 31.075], [-84.999, 31.075], [-84.986, 31.074], [-84.986, 31.074], [-84.986, 31.074], [-84.985, 31.074], [-84.984, 31.074], [-84.974, 31.074], [-84.969, 31.074], [-84.962, 31.074], [-84.955, 31.073], [-84.955, 31.073], [-84.946, 31.073]]]}, "properties": {"county_fips": "13253", "county_name": "Seminole", "state": "GA"}}, {"type": "Feature", "id": "13267", "geometry": {"type": "Polygon", "coordinates": [[[-82.18, 32.309], [-82.179, 32.308], [-82.168, 32.306], [-82.154, 32.304], [-82.139, 32.301], [-82.13, 32.299], [-82.12, 32.297], [-82.108, 32.295], [-82.107, 32.295], [-82.095, 32.292], [-82.088, 32.291], [-82.084, 32.29], [-82.083, 32.29], [-82.083, 32.29], [-82.082, 32.29], [-82.069, 32.287], [-82.063, 32.286], [-82.061, 32.286], [-82.036, 32.281], [-82.027, 32.279], [-82.025, 32.279], [-82.025, 32.278], [-82.023, 32.265], [-82.02, 32.252], [-82.02, 32.251], [-82.016, 32.234], [-82.012, 32.217], [-82.009, 32.205], [-82.005, 32.19], [-82.004, 32.184], [-81.997, 32.156], [-81.996, 32.147], [-81.992, 32.136], [-81.99, 32.126], [-81.987, 32.111], [-81.984, 32.098], [-81.981, 32.084], [-81.968, 32.077], [-81.932, 32.065], [-81.911, 32.057], [-81.897, 32.053], [-81.874, 32.05], [-81.868, 32.05], [-81.859, 32.05], [-81.845, 32.05], [-81.826, 32.049], [-81.798, 32.049], [-81.762, 32.048], [-81.762, 32.048], [-81.763, 32.047], [-81.764, 32.047], [-81.766, 32.045], [-81.772, 32.042], [-81.772, 32.042], [-81.779, 32.038], [-81.78, 32.037], [-81.787, 32.033], [-81.787, 32.033], [-81.789, 32.032], [-81.792, 32.03], [-81.795, 32.029], [-81.802, 32.024], [-81.805, 32.023], [-81.805, 32.023], [-81.805, 32.022], [-81.806, 32.022], [-81.806, 32.022], [-81.81, 32.02], [-81.813, 32.016], [-81.814, 32.016], [-81.817, 32.016], [-81.817, 32.016], [-81.821, 32.015], [-81.823, 32.015], [-81.824, 32.015], [-81.829, 32.011], [-81.855, 31.987], [-81.86, 31.977], [-81.87, 31.971], [-81.877, 31.965], [-81.886, 31.954], [-81.887, 31.946], [-81.883, 31.939], [-81.882, 31.929], [-81.882, 31.92], [-81.888, 31.91], [-81.895, 31.903], [-81.894, 31.894], [-81.902, 31.889], [-81.911, 31.888], [-81.915, 31.881], [-81.919, 31.873], [-81.919, 31.86], [-81.927, 31.85], [-81.94, 31.84], [-81.948, 31.829], [-81.952, 31.821], [-81.955, 31.812], [-81.967, 31.808], [-81.98, 31.804], [-81.969, 31.79], [-81.969, 31.789], [-81.969, 31.789], [-81.97, 31.789], [-81.971, 31.788], [-81.971, 31.788], [-81.972, 31.786], [-81.973, 31.784], [-81.976, 31.783], [-81.981, 31.784], [-81.985, 31.786], [-81.987, 31.788], [-81.991, 31.79], [-81.994, 31.792], [-81.998, 31.793], [-81.999, 31.795], [-81.996, 31.798], [-81.998, 31.801], [-82.0, 31.801], [-82.007, 31.8], [-82.007, 31.808], [-82.013, 31.812], [-82.016, 31.824], [-82.02, 31.824], [-82.023, 31.816], [-82.033, 31.82], [-82.042, 31.82], [-82.048, 31.827], [-82.049, 31.827], [-82.064, 31.837], [-82.086, 31.849], [-82.106, 31.863], [-82.111, 31.869], [-82.109, 31.881], [-82.11, 31.888], [-82.111, 31.899], [-82.117, 31.9], [-82.116, 31.892], [-82.121, 31.886], [-82.127, 31.89], [-82.136, 31.892], [-82.136, 31.893], [-82.132, 31.901], [-82.134, 31.908], [-82.141, 31.903], [-82.148, 31.898], [-82.158, 31.904], [-82.166, 31.904], [-82.182, 31.901], [-82.192, 31.902], [-82.199, 31.906], [-82.207, 31.91], [-82.216, 31.91], [-82.22, 31.91], [-82.224, 31.913], [-82.225, 31.913], [-82.225, 31.913], [-82.205, 32.072], [-82.189, 32.148], [-82.187, 32.156], [-82.182, 32.165], [-82.184, 32.171], [-82.187, 32.184], [-82.191, 32.192], [-82.195, 32.202], [-82.201, 32.206], [-82.206, 32.211], [-82.207, 32.22], [-82.214, 32.23], [-82.211, 32.235], [-82.212, 32.239], [-82.212, 32.247], [-82.215, 32.252], [-82.218, 32.258], [-82.221, 32.262], [-82.221, 32.271], [-82.226, 32.278], [-82.228, 32.286], [-82.228, 32.296], [-82.23, 32.305], [-82.232, 32.31], [-82.233, 32.318], [-82.233, 32.319], [-82.232, 32.319], [-82.227, 32.318], [-82.211, 32.314], [-82.205, 32.313], [-82.2, 32.313], [-82.194, 32.311]]]}, "properties": {"county_fips": "13267", "county_name": "Tattnall", "state": "GA"}}, {"type": "Feature", "id": "13271", "geometry": {"type": "Polygon", "coordinates": [[[-83.166, 31.934], [-83.143, 31.953], [-83.123, 31.97], [-83.115, 31.977], [-83.107, 31.984], [-83.097, 31.992], [-83.095, 31.994], [-83.089, 32.0], [-83.067, 32.018], [-83.065, 32.02], [-83.061, 32.023], [-83.059, 32.024], [-83.051, 32.032], [-83.03, 32.049], [-83.017, 32.06], [-82.999, 32.075], [-82.981, 32.091], [-82.972, 32.099], [-82.964, 32.106], [-82.942, 32.124], [-82.946, 32.127], [-82.935, 32.153], [-82.934, 32.142], [-82.928, 32.135], [-82.932, 32.132], [-82.896, 32.087], [-82.858, 32.065], [-82.847, 32.06], [-82.836, 32.059], [-82.826, 32.055], [-82.815, 32.052], [-82.804, 32.046], [-82.795, 32.033], [-82.788, 32.025], [-82.778, 32.019], [-82.77, 32.014], [-82.758, 32.01], [-82.746, 32.008], [-82.732, 32.007], [-82.723, 32.002], [-82.721, 31.994], [-82.716, 31.988], [-82.71, 31.979], [-82.704, 31.973], [-82.698, 31.967], [-82.696, 31.96], [-82.683, 31.948], [-82.674, 31.939], [-82.655, 31.926], [-82.646, 31.919], [-82.646, 31.919], [-82.646, 31.919], [-82.651, 31.917], [-82.656, 31.92], [-82.662, 31.92], [-82.674, 31.92], [-82.683, 31.917], [-82.676, 31.911], [-82.685, 31.906], [-82.693, 31.899], [-82.699, 31.904], [-82.706, 31.898], [-82.711, 31.889], [-82.717, 31.886], [-82.725, 31.883], [-82.732, 31.881], [-82.741, 31.877], [-82.748, 31.871], [-82.757, 31.857], [-82.769, 31.856], [-82.776, 31.858], [-82.791, 31.844], [-82.799, 31.832], [-82.81, 31.826], [-82.824, 31.815], [-82.825, 31.819], [-82.836, 31.811], [-82.836, 31.811], [-82.837, 31.811], [-82.841, 31.81], [-82.842, 31.805], [-82.85, 31.798], [-82.858, 31.794], [-82.862, 31.787], [-82.869, 31.785], [-82.875, 31.781], [-82.874, 31.785], [-82.881, 31.786], [-82.883, 31.782], [-82.892, 31.782], [-82.899, 31.785], [-82.904, 31.788], [-82.916, 31.783], [-82.929, 31.786], [-82.937, 31.786], [-82.944, 31.787], [-82.948, 31.785], [-82.959, 31.786], [-82.969, 31.788], [-82.974, 31.791], [-82.982, 31.786], [-82.986, 31.787], [-82.99, 31.78], [-82.996, 31.781], [-82.996, 31.781], [-83.0, 31.781], [-83.017, 31.779], [-83.034, 31.785], [-83.039, 31.791], [-83.047, 31.789], [-83.057, 31.792], [-83.061, 31.794], [-83.071, 31.798], [-83.078, 31.803], [-83.082, 31.802], [-83.085, 31.811], [-83.089, 31.809], [-83.099, 31.808], [-83.107, 31.815], [-83.112, 31.815], [-83.111, 31.809], [-83.122, 31.812], [-83.132, 31.811], [-83.138, 31.817], [-83.134, 31.818], [-83.149, 31.825], [-83.153, 31.827], [-83.156, 31.832], [-83.163, 31.838], [-83.175, 31.846], [-83.176, 31.846], [-83.177, 31.848], [-83.177, 31.848], [-83.178, 31.853], [-83.181, 31.857], [-83.181, 31.861], [-83.177, 31.867], [-83.178, 31.87], [-83.179, 31.872], [-83.181, 31.875], [-83.181, 31.879], [-83.183, 31.878], [-83.187, 31.877], [-83.189, 31.875], [-83.192, 31.875], [-83.193, 31.88], [-83.195, 31.878], [-83.2, 31.881], [-83.198, 31.884], [-83.202, 31.884], [-83.204, 31.885], [-83.201, 31.886], [-83.202, 31.887], [-83.204, 31.891], [-83.201, 31.891], [-83.202, 31.894], [-83.207, 31.896], [-83.206, 31.9], [-83.206, 31.9], [-83.194, 31.91], [-83.191, 31.912], [-83.168, 31.933]]]}, "properties": {"county_fips": "13271", "county_name": "Telfair", "state": "GA"}}, {"type": "Feature", "id": "13273", "geometry": {"type": "Polygon", "coordinates": [[[-84.596, 31.92], [-84.587, 31.92], [-84.579, 31.92], [-84.566, 31.92], [-84.544, 31.92], [-84.541, 31.92], [-84.538, 31.92], [-84.532, 31.92], [-84.526, 31.92], [-84.522, 31.92], [-84.512, 31.92], [-84.509, 31.92], [-84.501, 31.919], [-84.497, 31.92], [-84.496, 31.92], [-84.492, 31.919], [-84.491, 31.919], [-84.48, 31.919], [-84.478, 31.919], [-84.473, 31.919], [-84.454, 31.919], [-84.453, 31.926], [-84.445, 31.929], [-84.445, 31.942], [-84.444, 31.955], [-84.444, 31.966], [-84.444, 31.967], [-84.444, 31.967], [-84.441, 31.964], [-84.439, 31.959], [-84.436, 31.958], [-84.433, 31.954], [-84.43, 31.952], [-84.425, 31.948], [-84.422, 31.945], [-84.415, 31.939], [-84.409, 31.937], [-84.404, 31.935], [-84.4, 31.93], [-84.397, 31.925], [-84.39, 31.921], [-84.385, 31.917], [-84.381, 31.911], [-84.379, 31.907], [-84.373, 31.901], [-84.369, 31.897], [-84.364, 31.894], [-84.359, 31.889], [-84.356, 31.885], [-84.352, 31.881], [-84.348, 31.88], [-84.343, 31.875], [-84.338, 31.873], [-84.338, 31.874], [-84.338, 31.874], [-84.323, 31.871], [-84.312, 31.869], [-84.305, 31.869], [-84.299, 31.867], [-84.294, 31.865], [-84.293, 31.862], [-84.291, 31.858], [-84.285, 31.854], [-84.277, 31.85], [-84.276, 31.841], [-84.273, 31.838], [-84.262, 31.828], [-84.262, 31.825], [-84.262, 31.82], [-84.262, 31.815], [-84.263, 31.81], [-84.262, 31.807], [-84.262, 31.801], [-84.261, 31.795], [-84.258, 31.791], [-84.287, 31.769], [-84.294, 31.742], [-84.295, 31.702], [-84.305, 31.691], [-84.296, 31.691], [-84.298, 31.625], [-84.298, 31.622], [-84.298, 31.622], [-84.299, 31.622], [-84.301, 31.622], [-84.303, 31.622], [-84.309, 31.622], [-84.311, 31.622], [-84.314, 31.622], [-84.324, 31.621], [-84.347, 31.621], [-84.359, 31.621], [-84.367, 31.621], [-84.371, 31.621], [-84.372, 31.621], [-84.376, 31.621], [-84.376, 31.621], [-84.378, 31.621], [-84.379, 31.621], [-84.392, 31.621], [-84.393, 31.621], [-84.402, 31.621], [-84.431, 31.622], [-84.435, 31.622], [-84.435, 31.622], [-84.436, 31.622], [-84.448, 31.622], [-84.448, 31.622], [-84.45, 31.622], [-84.45, 31.622], [-84.458, 31.621], [-84.461, 31.621], [-84.463, 31.621], [-84.472, 31.621], [-84.478, 31.621], [-84.484, 31.621], [-84.488, 31.621], [-84.505, 31.621], [-84.509, 31.621], [-84.509, 31.621], [-84.51, 31.621], [-84.513, 31.621], [-84.514, 31.621], [-84.515, 31.621], [-84.516, 31.621], [-84.517, 31.621], [-84.524, 31.621], [-84.526, 31.621], [-84.533, 31.621], [-84.536, 31.621], [-84.538, 31.621], [-84.539, 31.621], [-84.539, 31.621], [-84.541, 31.621], [-84.547, 31.621], [-84.547, 31.621], [-84.547, 31.621], [-84.545, 31.625], [-84.544, 31.627], [-84.543, 31.632], [-84.542, 31.635], [-84.539, 31.639], [-84.537, 31.647], [-84.538, 31.655], [-84.539, 31.662], [-84.538, 31.669], [-84.537, 31.676], [-84.537, 31.684], [-84.54, 31.692], [-84.544, 31.699], [-84.547, 31.709], [-84.548, 31.714], [-84.552, 31.719], [-84.556, 31.725], [-84.559, 31.731], [-84.562, 31.739], [-84.563, 31.746], [-84.567, 31.752], [-84.57, 31.758], [-84.567, 31.764], [-84.563, 31.771], [-84.6, 31.906], [-84.6, 31.92]]]}, "properties": {"county_fips": "13273", "county_name": "Terrell", "state": "GA"}}, {"type": "Feature", "id": "13275", "geometry": {"type": "Polygon", "coordinates": [[[-83.737, 30.987], [-83.737, 30.987], [-83.738, 30.975], [-83.738, 30.965], [-83.738, 30.949], [-83.739, 30.928], [-83.739, 30.917], [-83.739, 30.912], [-83.74, 30.896], [-83.74, 30.886], [-83.74, 30.871], [-83.74, 30.85], [-83.74, 30.833], [-83.741, 30.815], [-83.739, 30.791], [-83.739, 30.768], [-83.739, 30.758], [-83.739, 30.744], [-83.743, 30.722], [-83.743, 30.708], [-83.743, 30.686], [-83.743, 30.673], [-83.744, 30.658], [-83.744, 30.658], [-83.748, 30.659], [-83.752, 30.659], [-83.767, 30.66], [-83.774, 30.66], [-83.782, 30.66], [-83.798, 30.661], [-83.808, 30.662], [-83.812, 30.662], [-83.818, 30.662], [-83.825, 30.663], [-83.832, 30.663], [-83.855, 30.664], [-83.86, 30.665], [-83.878, 30.666], [-83.882, 30.666], [-83.886, 30.666], [-83.896, 30.666], [-83.933, 30.668], [-83.944, 30.669], [-83.954, 30.669], [-83.966, 30.67], [-83.974, 30.67], [-83.998, 30.672], [-84.005, 30.672], [-84.007, 30.672], [-84.007, 30.672], [-84.009, 30.672], [-84.016, 30.673], [-84.018, 30.673], [-84.022, 30.673], [-84.026, 30.673], [-84.035, 30.674], [-84.04, 30.674], [-84.042, 30.674], [-84.044, 30.674], [-84.047, 30.674], [-84.047, 30.674], [-84.049, 30.674], [-84.051, 30.674], [-84.052, 30.674], [-84.054, 30.674], [-84.057, 30.675], [-84.058, 30.675], [-84.059, 30.675], [-84.059, 30.675], [-84.059, 30.675], [-84.06, 30.675], [-84.062, 30.675], [-84.064, 30.675], [-84.065, 30.675], [-84.071, 30.675], [-84.073, 30.675], [-84.084, 30.676], [-84.084, 30.676], [-84.083, 30.742], [-84.081, 30.817], [-84.08, 30.838], [-84.08, 30.842], [-84.082, 30.851], [-84.079, 30.858], [-84.074, 30.867], [-84.079, 30.874], [-84.08, 30.879], [-84.079, 30.882], [-84.076, 30.886], [-84.078, 30.893], [-84.077, 30.9], [-84.077, 30.908], [-84.077, 30.916], [-84.084, 30.922], [-84.091, 30.93], [-84.098, 30.938], [-84.103, 30.945], [-84.109, 30.953], [-84.113, 30.964], [-84.116, 30.974], [-84.119, 30.987], [-84.118, 31.031], [-84.117, 31.075], [-84.117, 31.078], [-84.115, 31.078], [-84.109, 31.078], [-84.103, 31.078], [-84.101, 31.078], [-84.099, 31.078], [-84.095, 31.078], [-84.094, 31.078], [-84.092, 31.078], [-84.09, 31.078], [-84.087, 31.078], [-84.085, 31.078], [-84.081, 31.078], [-84.077, 31.078], [-84.075, 31.077], [-84.071, 31.078], [-84.064, 31.077], [-84.051, 31.077], [-84.045, 31.077], [-84.04, 31.077], [-84.027, 31.077], [-84.021, 31.077], [-84.017, 31.077], [-84.015, 31.077], [-84.01, 31.077], [-84.005, 31.077], [-84.004, 31.077], [-84.004, 31.077], [-84.004, 31.077], [-84.004, 31.068], [-84.004, 31.044], [-83.988, 31.041], [-83.955, 31.041], [-83.946, 31.041], [-83.935, 31.041], [-83.911, 31.04], [-83.893, 31.04], [-83.886, 31.04], [-83.85, 31.04], [-83.836, 31.039], [-83.833, 31.039], [-83.796, 31.039], [-83.796, 31.036], [-83.796, 31.026], [-83.785, 31.026], [-83.781, 31.03], [-83.781, 31.037], [-83.773, 31.038], [-83.766, 31.038], [-83.756, 31.038], [-83.75, 31.038], [-83.749, 31.038], [-83.748, 31.038], [-83.737, 31.038], [-83.736, 31.038], [-83.736, 31.035], [-83.737, 31.023], [-83.737, 31.009], [-83.737, 30.999]]]}, "properties": {"county_fips": "13275", "county_name": "Thomas", "state": "GA"}}, {"type": "Feature", "id": "13277", "geometry": {"type": "Polygon", "coordinates": [[[-83.654, 31.336], [-83.654, 31.353], [-83.653, 31.362], [-83.653, 31.374], [-83.653, 31.376], [-83.653, 31.385], [-83.653, 31.393], [-83.653, 31.405], [-83.652, 31.413], [-83.652, 31.424], [-83.657, 31.434], [-83.667, 31.435], [-83.667, 31.441], [-83.666, 31.452], [-83.666, 31.461], [-83.666, 31.472], [-83.666, 31.474], [-83.666, 31.479], [-83.656, 31.485], [-83.65, 31.503], [-83.65, 31.516], [-83.65, 31.533], [-83.65, 31.537], [-83.65, 31.554], [-83.649, 31.567], [-83.649, 31.568], [-83.649, 31.568], [-83.649, 31.573], [-83.649, 31.573], [-83.649, 31.574], [-83.649, 31.58], [-83.649, 31.582], [-83.649, 31.596], [-83.648, 31.596], [-83.643, 31.597], [-83.634, 31.597], [-83.63, 31.597], [-83.628, 31.597], [-83.618, 31.596], [-83.613, 31.597], [-83.602, 31.597], [-83.592, 31.596], [-83.582, 31.596], [-83.58, 31.596], [-83.575, 31.597], [-83.562, 31.596], [-83.557, 31.596], [-83.544, 31.596], [-83.54, 31.596], [-83.534, 31.595], [-83.521, 31.594], [-83.501, 31.594], [-83.501, 31.594], [-83.501, 31.591], [-83.478, 31.57], [-83.45, 31.555], [-83.435, 31.554], [-83.418, 31.551], [-83.412, 31.548], [-83.406, 31.543], [-83.404, 31.538], [-83.401, 31.533], [-83.398, 31.532], [-83.396, 31.522], [-83.388, 31.513], [-83.386, 31.507], [-83.386, 31.503], [-83.384, 31.493], [-83.382, 31.487], [-83.378, 31.484], [-83.376, 31.482], [-83.372, 31.483], [-83.366, 31.485], [-83.362, 31.484], [-83.361, 31.483], [-83.359, 31.482], [-83.35, 31.478], [-83.346, 31.476], [-83.34, 31.476], [-83.339, 31.476], [-83.339, 31.474], [-83.339, 31.467], [-83.346, 31.465], [-83.354, 31.465], [-83.368, 31.465], [-83.37, 31.458], [-83.37, 31.437], [-83.37, 31.423], [-83.371, 31.415], [-83.371, 31.406], [-83.373, 31.401], [-83.38, 31.401], [-83.385, 31.401], [-83.385, 31.389], [-83.395, 31.389], [-83.4, 31.386], [-83.4, 31.378], [-83.414, 31.376], [-83.415, 31.365], [-83.419, 31.363], [-83.423, 31.364], [-83.427, 31.364], [-83.43, 31.361], [-83.43, 31.352], [-83.431, 31.351], [-83.434, 31.35], [-83.434, 31.35], [-83.435, 31.35], [-83.44, 31.35], [-83.443, 31.35], [-83.445, 31.349], [-83.445, 31.342], [-83.446, 31.336], [-83.446, 31.336], [-83.449, 31.335], [-83.453, 31.334], [-83.455, 31.334], [-83.46, 31.333], [-83.46, 31.333], [-83.461, 31.33], [-83.461, 31.326], [-83.463, 31.326], [-83.47, 31.326], [-83.474, 31.327], [-83.477, 31.327], [-83.481, 31.327], [-83.492, 31.327], [-83.496, 31.327], [-83.5, 31.327], [-83.506, 31.327], [-83.507, 31.327], [-83.509, 31.327], [-83.512, 31.327], [-83.513, 31.327], [-83.513, 31.327], [-83.523, 31.328], [-83.528, 31.328], [-83.537, 31.328], [-83.54, 31.328], [-83.555, 31.329], [-83.559, 31.329], [-83.563, 31.329], [-83.573, 31.329], [-83.576, 31.329], [-83.583, 31.329], [-83.595, 31.33], [-83.6, 31.33], [-83.601, 31.33], [-83.603, 31.33], [-83.609, 31.33], [-83.611, 31.33], [-83.616, 31.33], [-83.62, 31.33], [-83.623, 31.33], [-83.625, 31.33], [-83.63, 31.33], [-83.636, 31.33], [-83.639, 31.33], [-83.642, 31.331], [-83.654, 31.331], [-83.654, 31.331], [-83.654, 31.331]]]}, "properties": {"county_fips": "13277", "county_name": "Tift", "state": "GA"}}, {"type": "Feature", "id": "13279", "geometry": {"type": "Polygon", "coordinates": [[[-82.441, 32.241], [-82.441, 32.241], [-82.44, 32.247], [-82.44, 32.252], [-82.44, 32.27], [-82.439, 32.291], [-82.431, 32.312], [-82.425, 32.323], [-82.417, 32.339], [-82.409, 32.354], [-82.409, 32.354], [-82.409, 32.354], [-82.405, 32.353], [-82.403, 32.353], [-82.401, 32.351], [-82.4, 32.347], [-82.397, 32.343], [-82.396, 32.34], [-82.394, 32.337], [-82.387, 32.337], [-82.382, 32.337], [-82.378, 32.336], [-82.375, 32.332], [-82.373, 32.331], [-82.371, 32.329], [-82.369, 32.327], [-82.366, 32.324], [-82.364, 32.322], [-82.361, 32.321], [-82.359, 32.318], [-82.356, 32.313], [-82.355, 32.307], [-82.356, 32.302], [-82.355, 32.297], [-82.34, 32.293], [-82.28, 32.294], [-82.233, 32.319], [-82.233, 32.319], [-82.233, 32.318], [-82.232, 32.31], [-82.23, 32.305], [-82.228, 32.296], [-82.228, 32.286], [-82.226, 32.278], [-82.221, 32.271], [-82.221, 32.262], [-82.218, 32.258], [-82.215, 32.252], [-82.212, 32.247], [-82.212, 32.239], [-82.211, 32.235], [-82.214, 32.23], [-82.207, 32.22], [-82.206, 32.211], [-82.201, 32.206], [-82.195, 32.202], [-82.191, 32.192], [-82.187, 32.184], [-82.184, 32.171], [-82.182, 32.165], [-82.187, 32.156], [-82.189, 32.148], [-82.205, 32.072], [-82.225, 31.913], [-82.225, 31.913], [-82.225, 31.913], [-82.232, 31.916], [-82.24, 31.919], [-82.247, 31.916], [-82.255, 31.929], [-82.264, 31.928], [-82.275, 31.937], [-82.298, 31.934], [-82.307, 31.942], [-82.312, 31.939], [-82.309, 31.933], [-82.337, 31.937], [-82.365, 31.944], [-82.378, 31.942], [-82.376, 31.949], [-82.372, 31.952], [-82.379, 31.955], [-82.389, 31.957], [-82.386, 31.949], [-82.392, 31.952], [-82.398, 31.959], [-82.403, 31.956], [-82.407, 31.949], [-82.409, 31.956], [-82.421, 31.961], [-82.431, 31.966], [-82.432, 31.966], [-82.432, 31.966], [-82.433, 31.966], [-82.436, 31.967], [-82.438, 31.967], [-82.441, 31.968], [-82.444, 31.967], [-82.446, 31.967], [-82.449, 31.966], [-82.452, 31.965], [-82.454, 31.964], [-82.456, 31.964], [-82.458, 31.964], [-82.46, 31.965], [-82.462, 31.965], [-82.463, 31.966], [-82.466, 31.967], [-82.468, 31.968], [-82.47, 31.968], [-82.474, 31.97], [-82.476, 31.971], [-82.477, 31.971], [-82.478, 31.972], [-82.48, 31.972], [-82.481, 31.971], [-82.482, 31.97], [-82.483, 31.969], [-82.483, 31.969], [-82.48, 31.994], [-82.478, 32.003], [-82.473, 32.031], [-82.469, 32.055], [-82.464, 32.089], [-82.46, 32.116], [-82.456, 32.137], [-82.454, 32.149], [-82.452, 32.158], [-82.451, 32.166], [-82.449, 32.177], [-82.445, 32.198], [-82.444, 32.204], [-82.443, 32.205], [-82.441, 32.22], [-82.441, 32.228]]]}, "properties": {"county_fips": "13279", "county_name": "Toombs", "state": "GA"}}, {"type": "Feature", "id": "13287", "geometry": {"type": "Polygon", "coordinates": [[[-83.67, 31.595], [-83.676, 31.598], [-83.679, 31.6], [-83.684, 31.597], [-83.691, 31.599], [-83.693, 31.602], [-83.699, 31.603], [-83.702, 31.609], [-83.705, 31.615], [-83.707, 31.619], [-83.712, 31.62], [-83.717, 31.62], [-83.764, 31.623], [-83.797, 31.669], [-83.797, 31.72], [-83.799, 31.774], [-83.802, 31.803], [-83.802, 31.803], [-83.797, 31.804], [-83.79, 31.804], [-83.784, 31.804], [-83.784, 31.804], [-83.779, 31.804], [-83.778, 31.804], [-83.778, 31.804], [-83.769, 31.804], [-83.762, 31.804], [-83.761, 31.804], [-83.749, 31.805], [-83.73, 31.805], [-83.719, 31.805], [-83.713, 31.805], [-83.713, 31.805], [-83.712, 31.805], [-83.709, 31.805], [-83.705, 31.805], [-83.704, 31.805], [-83.665, 31.804], [-83.651, 31.804], [-83.641, 31.804], [-83.625, 31.804], [-83.612, 31.816], [-83.612, 31.839], [-83.612, 31.84], [-83.612, 31.854], [-83.612, 31.854], [-83.596, 31.854], [-83.594, 31.854], [-83.59, 31.854], [-83.587, 31.854], [-83.587, 31.854], [-83.573, 31.853], [-83.57, 31.853], [-83.565, 31.853], [-83.559, 31.853], [-83.551, 31.853], [-83.548, 31.848], [-83.543, 31.848], [-83.534, 31.848], [-83.534, 31.848], [-83.533, 31.848], [-83.531, 31.848], [-83.519, 31.848], [-83.514, 31.848], [-83.512, 31.848], [-83.508, 31.848], [-83.507, 31.848], [-83.498, 31.847], [-83.495, 31.847], [-83.489, 31.847], [-83.485, 31.847], [-83.48, 31.847], [-83.48, 31.846], [-83.481, 31.843], [-83.482, 31.84], [-83.485, 31.836], [-83.483, 31.834], [-83.48, 31.833], [-83.478, 31.831], [-83.478, 31.827], [-83.479, 31.824], [-83.476, 31.819], [-83.474, 31.816], [-83.475, 31.812], [-83.473, 31.808], [-83.469, 31.805], [-83.467, 31.803], [-83.466, 31.8], [-83.464, 31.796], [-83.459, 31.794], [-83.459, 31.791], [-83.458, 31.788], [-83.459, 31.786], [-83.46, 31.782], [-83.455, 31.778], [-83.455, 31.767], [-83.453, 31.762], [-83.454, 31.758], [-83.454, 31.758], [-83.454, 31.757], [-83.452, 31.753], [-83.454, 31.75], [-83.458, 31.747], [-83.46, 31.745], [-83.464, 31.742], [-83.466, 31.74], [-83.465, 31.738], [-83.463, 31.733], [-83.464, 31.73], [-83.461, 31.726], [-83.459, 31.725], [-83.456, 31.722], [-83.456, 31.719], [-83.455, 31.716], [-83.453, 31.71], [-83.455, 31.706], [-83.46, 31.701], [-83.461, 31.698], [-83.463, 31.695], [-83.491, 31.695], [-83.491, 31.67], [-83.491, 31.65], [-83.491, 31.631], [-83.5, 31.613], [-83.501, 31.595], [-83.501, 31.594], [-83.501, 31.594], [-83.521, 31.594], [-83.534, 31.595], [-83.54, 31.596], [-83.544, 31.596], [-83.557, 31.596], [-83.562, 31.596], [-83.575, 31.597], [-83.58, 31.596], [-83.582, 31.596], [-83.592, 31.596], [-83.602, 31.597], [-83.613, 31.597], [-83.618, 31.596], [-83.628, 31.597], [-83.63, 31.597], [-83.634, 31.597], [-83.643, 31.597], [-83.648, 31.596], [-83.649, 31.596], [-83.649, 31.582], [-83.649, 31.58], [-83.649, 31.574], [-83.649, 31.573], [-83.649, 31.573], [-83.649, 31.568], [-83.649, 31.568], [-83.65, 31.568], [-83.653, 31.57], [-83.657, 31.57], [-83.661, 31.566], [-83.666, 31.567], [-83.672, 31.573], [-83.672, 31.579], [-83.67, 31.584], [-83.668, 31.588]]]}, "properties": {"county_fips": "13287", "county_name": "Turner", "state": "GA"}}, {"type": "Feature", "id": "13299", "geometry": {"type": "Polygon", "coordinates": [[[-82.39, 31.312], [-82.389, 31.312], [-82.385, 31.297], [-82.38, 31.291], [-82.372, 31.288], [-82.368, 31.284], [-82.369, 31.28], [-82.365, 31.273], [-82.36, 31.272], [-82.362, 31.269], [-82.358, 31.265], [-82.357, 31.263], [-82.352, 31.26], [-82.347, 31.256], [-82.341, 31.253], [-82.337, 31.246], [-82.332, 31.241], [-82.323, 31.238], [-82.318, 31.233], [-82.313, 31.228], [-82.309, 31.226], [-82.301, 31.225], [-82.296, 31.226], [-82.29, 31.226], [-82.286, 31.224], [-82.286, 31.222], [-82.284, 31.209], [-82.284, 31.203], [-82.284, 31.193], [-82.272, 31.189], [-82.259, 31.185], [-82.25, 31.182], [-82.24, 31.174], [-82.232, 31.169], [-82.224, 31.169], [-82.209, 31.168], [-82.209, 31.158], [-82.209, 31.151], [-82.209, 31.141], [-82.208, 31.133], [-82.208, 31.125], [-82.208, 31.115], [-82.208, 31.104], [-82.208, 31.088], [-82.197, 31.076], [-82.187, 31.068], [-82.172, 31.055], [-82.16, 31.044], [-82.151, 31.033], [-82.143, 31.024], [-82.132, 31.011], [-82.132, 31.011], [-82.132, 31.011], [-82.155, 31.011], [-82.193, 31.011], [-82.275, 31.012], [-82.298, 31.013], [-82.351, 31.013], [-82.363, 31.013], [-82.391, 31.014], [-82.413, 31.014], [-82.415, 30.98], [-82.416, 30.927], [-82.418, 30.887], [-82.418, 30.873], [-82.419, 30.85], [-82.42, 30.818], [-82.382, 30.795], [-82.362, 30.794], [-82.258, 30.792], [-82.213, 30.792], [-82.167, 30.788], [-82.159, 30.755], [-82.167, 30.727], [-82.175, 30.701], [-82.193, 30.64], [-82.204, 30.606], [-82.213, 30.576], [-82.215, 30.568], [-82.216, 30.569], [-82.229, 30.569], [-82.233, 30.57], [-82.239, 30.57], [-82.243, 30.57], [-82.247, 30.571], [-82.258, 30.572], [-82.266, 30.572], [-82.278, 30.573], [-82.284, 30.573], [-82.292, 30.574], [-82.296, 30.574], [-82.302, 30.574], [-82.307, 30.575], [-82.309, 30.575], [-82.322, 30.576], [-82.358, 30.578], [-82.364, 30.578], [-82.367, 30.579], [-82.368, 30.579], [-82.375, 30.579], [-82.385, 30.58], [-82.388, 30.58], [-82.394, 30.58], [-82.407, 30.581], [-82.407, 30.581], [-82.419, 30.582], [-82.419, 30.582], [-82.431, 30.639], [-82.432, 30.697], [-82.435, 30.729], [-82.436, 30.784], [-82.492, 30.832], [-82.49, 30.945], [-82.515, 30.963], [-82.53, 30.974], [-82.537, 30.985], [-82.549, 30.995], [-82.553, 31.002], [-82.559, 31.003], [-82.566, 31.007], [-82.574, 31.01], [-82.583, 31.014], [-82.589, 31.018], [-82.595, 31.024], [-82.602, 31.038], [-82.612, 31.059], [-82.622, 31.079], [-82.628, 31.094], [-82.639, 31.116], [-82.652, 31.142], [-82.663, 31.167], [-82.671, 31.181], [-82.672, 31.183], [-82.672, 31.184], [-82.682, 31.205], [-82.701, 31.227], [-82.7, 31.263], [-82.698, 31.278], [-82.694, 31.28], [-82.689, 31.282], [-82.685, 31.283], [-82.683, 31.284], [-82.679, 31.285], [-82.677, 31.284], [-82.673, 31.285], [-82.672, 31.285], [-82.67, 31.286], [-82.668, 31.287], [-82.665, 31.288], [-82.659, 31.286], [-82.654, 31.285], [-82.65, 31.284], [-82.646, 31.28], [-82.642, 31.278], [-82.639, 31.277], [-82.635, 31.274], [-82.63, 31.286], [-82.629, 31.325], [-82.629, 31.364], [-82.629, 31.364], [-82.629, 31.365], [-82.629, 31.366], [-82.629, 31.374], [-82.629, 31.377], [-82.629, 31.389], [-82.629, 31.395], [-82.629, 31.4], [-82.629, 31.406], [-82.629, 31.407], [-82.629, 31.41], [-82.629, 31.412], [-82.629, 31.415], [-82.629, 31.419], [-82.629, 31.428], [-82.628, 31.435], [-82.628, 31.443], [-82.628, 31.451], [-82.628, 31.462], [-82.628, 31.467], [-82.628, 31.469], [-82.625, 31.469], [-82.62, 31.469], [-82.612, 31.469], [-82.61, 31.469], [-82.605, 31.469], [-82.598, 31.469], [-82.597, 31.469], [-82.597, 31.469], [-82.59, 31.469], [-82.574, 31.469], [-82.568, 31.469], [-82.558, 31.469], [-82.551, 31.469], [-82.529, 31.469], [-82.523, 31.469], [-82.506, 31.469], [-82.497, 31.469], [-82.494, 31.466], [-82.494, 31.448], [-82.494, 31.443], [-82.492, 31.443], [-82.485, 31.443], [-82.481, 31.436], [-82.481, 31.432], [-82.481, 31.424], [-82.481, 31.418], [-82.474, 31.417], [-82.458, 31.417], [-82.446, 31.417], [-82.438, 31.417], [-82.432, 31.417], [-82.424, 31.417], [-82.417, 31.417], [-82.417, 31.417], [-82.403, 31.404], [-82.404, 31.379]]]}, "properties": {"county_fips": "13299", "county_name": "Ware", "state": "GA"}}, {"type": "Feature", "id": "13305", "geometry": {"type": "Polygon", "coordinates": [[[-81.655, 31.52], [-81.657, 31.516], [-81.658, 31.51], [-81.656, 31.507], [-81.651, 31.503], [-81.646, 31.502], [-81.645, 31.499], [-81.648, 31.496], [-81.642, 31.49], [-81.633, 31.484], [-81.628, 31.484], [-81.624, 31.485], [-81.621, 31.483], [-81.619, 31.48], [-81.613, 31.471], [-81.613, 31.467], [-81.617, 31.46], [-81.62, 31.456], [-81.624, 31.453], [-81.624, 31.453], [-81.625, 31.453], [-81.626, 31.453], [-81.63, 31.447], [-81.631, 31.446], [-81.635, 31.44], [-81.636, 31.439], [-81.638, 31.437], [-81.642, 31.431], [-81.649, 31.422], [-81.654, 31.415], [-81.657, 31.41], [-81.663, 31.402], [-81.673, 31.4], [-81.681, 31.4], [-81.687, 31.4], [-81.692, 31.401], [-81.696, 31.395], [-81.698, 31.39], [-81.7, 31.387], [-81.704, 31.377], [-81.705, 31.375], [-81.701, 31.358], [-81.705, 31.353], [-81.71, 31.346], [-81.72, 31.333], [-81.732, 31.33], [-81.732, 31.33], [-81.732, 31.33], [-81.747, 31.337], [-81.758, 31.341], [-81.764, 31.347], [-81.784, 31.357], [-81.801, 31.364], [-81.816, 31.361], [-81.834, 31.357], [-81.85, 31.354], [-81.861, 31.353], [-81.871, 31.352], [-81.892, 31.349], [-81.901, 31.348], [-81.908, 31.348], [-81.909, 31.347], [-81.91, 31.347], [-81.927, 31.347], [-81.939, 31.349], [-81.951, 31.351], [-81.969, 31.354], [-81.982, 31.357], [-82.0, 31.36], [-82.015, 31.363], [-82.024, 31.365], [-82.033, 31.367], [-82.041, 31.374], [-82.041, 31.374], [-82.041, 31.374], [-82.042, 31.376], [-82.041, 31.381], [-82.041, 31.383], [-82.045, 31.387], [-82.044, 31.391], [-82.044, 31.394], [-82.051, 31.398], [-82.051, 31.404], [-82.057, 31.409], [-82.055, 31.415], [-82.056, 31.419], [-82.055, 31.427], [-82.054, 31.431], [-82.053, 31.439], [-82.054, 31.446], [-82.054, 31.451], [-82.054, 31.455], [-82.058, 31.46], [-82.061, 31.463], [-82.066, 31.467], [-82.07, 31.47], [-82.082, 31.476], [-82.102, 31.481], [-82.121, 31.479], [-82.133, 31.471], [-82.133, 31.471], [-82.133, 31.471], [-82.133, 31.542], [-82.147, 31.569], [-82.133, 31.6], [-82.134, 31.622], [-82.134, 31.652], [-82.133, 31.655], [-82.133, 31.688], [-82.133, 31.706], [-82.133, 31.744], [-82.13, 31.773], [-82.091, 31.773], [-82.087, 31.813], [-82.086, 31.823], [-82.083, 31.823], [-82.081, 31.826], [-82.08, 31.827], [-82.077, 31.829], [-82.072, 31.826], [-82.069, 31.826], [-82.067, 31.827], [-82.064, 31.825], [-82.06, 31.826], [-82.059, 31.827], [-82.055, 31.828], [-82.049, 31.827], [-82.049, 31.827], [-82.048, 31.827], [-82.042, 31.82], [-82.033, 31.82], [-82.023, 31.816], [-82.02, 31.824], [-82.016, 31.824], [-82.013, 31.812], [-82.007, 31.808], [-82.007, 31.8], [-82.0, 31.801], [-81.998, 31.801], [-81.996, 31.798], [-81.999, 31.795], [-81.998, 31.793], [-81.994, 31.792], [-81.991, 31.79], [-81.987, 31.788], [-81.985, 31.786], [-81.981, 31.784], [-81.976, 31.783], [-81.973, 31.784], [-81.972, 31.786], [-81.971, 31.788], [-81.971, 31.788], [-81.97, 31.789], [-81.969, 31.789], [-81.969, 31.789], [-81.969, 31.789], [-81.95, 31.77], [-81.933, 31.762], [-81.924, 31.758], [-81.912, 31.754], [-81.913, 31.739], [-81.892, 31.718], [-81.871, 31.697], [-81.848, 31.678], [-81.842, 31.668], [-81.828, 31.661], [-81.814, 31.652], [-81.809, 31.66], [-81.797, 31.647], [-81.785, 31.63], [-81.767, 31.625], [-81.77, 31.615], [-81.755, 31.615], [-81.748, 31.606], [-81.736, 31.607], [-81.726, 31.596], [-81.714, 31.586], [-81.698, 31.579], [-81.697, 31.556], [-81.682, 31.545], [-81.663, 31.539], [-81.663, 31.539], [-81.668, 31.537], [-81.668, 31.533], [-81.662, 31.529], [-81.658, 31.528], [-81.652, 31.529], [-81.654, 31.526], [-81.655, 31.522]]]}, "properties": {"county_fips": "13305", "county_name": "Wayne", "state": "GA"}}, {"type": "Feature", "id": "13309", "geometry": {"type": "Polygon", "coordinates": [[[-82.778, 32.019], [-82.788, 32.025], [-82.795, 32.033], [-82.804, 32.046], [-82.815, 32.052], [-82.826, 32.055], [-82.836, 32.059], [-82.847, 32.06], [-82.858, 32.065], [-82.896, 32.087], [-82.932, 32.132], [-82.928, 32.135], [-82.924, 32.139], [-82.922, 32.14], [-82.921, 32.141], [-82.913, 32.148], [-82.902, 32.157], [-82.892, 32.166], [-82.891, 32.167], [-82.885, 32.171], [-82.885, 32.171], [-82.878, 32.177], [-82.875, 32.18], [-82.879, 32.19], [-82.88, 32.191], [-82.88, 32.191], [-82.88, 32.191], [-82.881, 32.192], [-82.882, 32.193], [-82.882, 32.193], [-82.882, 32.194], [-82.882, 32.194], [-82.882, 32.194], [-82.882, 32.194], [-82.883, 32.194], [-82.883, 32.195], [-82.883, 32.195], [-82.884, 32.196], [-82.885, 32.196], [-82.884, 32.197], [-82.875, 32.197], [-82.869, 32.197], [-82.864, 32.2], [-82.848, 32.203], [-82.84, 32.21], [-82.835, 32.214], [-82.831, 32.217], [-82.825, 32.222], [-82.825, 32.223], [-82.813, 32.233], [-82.812, 32.233], [-82.802, 32.242], [-82.797, 32.246], [-82.793, 32.25], [-82.78, 32.26], [-82.775, 32.264], [-82.774, 32.265], [-82.765, 32.267], [-82.759, 32.267], [-82.756, 32.271], [-82.762, 32.276], [-82.761, 32.276], [-82.75, 32.286], [-82.739, 32.296], [-82.722, 32.309], [-82.722, 32.309], [-82.722, 32.309], [-82.72, 32.307], [-82.714, 32.305], [-82.715, 32.309], [-82.713, 32.31], [-82.711, 32.307], [-82.708, 32.304], [-82.707, 32.303], [-82.705, 32.302], [-82.709, 32.3], [-82.703, 32.299], [-82.699, 32.297], [-82.694, 32.295], [-82.688, 32.296], [-82.68, 32.296], [-82.676, 32.295], [-82.671, 32.294], [-82.665, 32.296], [-82.664, 32.299], [-82.668, 32.301], [-82.668, 32.303], [-82.667, 32.304], [-82.663, 32.301], [-82.659, 32.301], [-82.657, 32.302], [-82.656, 32.298], [-82.655, 32.298], [-82.655, 32.298], [-82.649, 32.29], [-82.649, 32.277], [-82.638, 32.268], [-82.644, 32.255], [-82.645, 32.243], [-82.633, 32.229], [-82.626, 32.207], [-82.629, 32.188], [-82.625, 32.179], [-82.622, 32.167], [-82.619, 32.146], [-82.63, 32.133], [-82.624, 32.114], [-82.613, 32.107], [-82.615, 32.098], [-82.618, 32.086], [-82.608, 32.073], [-82.61, 32.055], [-82.604, 32.04], [-82.6, 32.031], [-82.595, 32.018], [-82.592, 32.01], [-82.562, 31.99], [-82.555, 31.98], [-82.544, 31.959], [-82.544, 31.959], [-82.544, 31.959], [-82.544, 31.957], [-82.547, 31.956], [-82.555, 31.959], [-82.556, 31.955], [-82.563, 31.958], [-82.574, 31.951], [-82.579, 31.945], [-82.586, 31.939], [-82.589, 31.935], [-82.591, 31.937], [-82.594, 31.932], [-82.598, 31.935], [-82.604, 31.937], [-82.607, 31.933], [-82.613, 31.928], [-82.62, 31.927], [-82.622, 31.929], [-82.622, 31.926], [-82.627, 31.923], [-82.63, 31.924], [-82.632, 31.926], [-82.636, 31.925], [-82.64, 31.921], [-82.643, 31.921], [-82.645, 31.919], [-82.646, 31.919], [-82.646, 31.919], [-82.655, 31.926], [-82.674, 31.939], [-82.683, 31.948], [-82.696, 31.96], [-82.698, 31.967], [-82.704, 31.973], [-82.71, 31.979], [-82.716, 31.988], [-82.721, 31.994], [-82.723, 32.002], [-82.732, 32.007], [-82.746, 32.008], [-82.758, 32.01], [-82.77, 32.014]]]}, "properties": {"county_fips": "13309", "county_name": "Wheeler", "state": "GA"}}, {"type": "Feature", "id": "13315", "geometry": {"type": "Polygon", "coordinates": [[[-83.609, 32.096], [-83.609, 32.097], [-83.609, 32.105], [-83.609, 32.106], [-83.609, 32.11], [-83.609, 32.11], [-83.609, 32.111], [-83.609, 32.111], [-83.609, 32.112], [-83.609, 32.112], [-83.609, 32.112], [-83.609, 32.112], [-83.609, 32.112], [-83.608, 32.113], [-83.608, 32.117], [-83.609, 32.117], [-83.609, 32.117], [-83.609, 32.118], [-83.606, 32.118], [-83.571, 32.118], [-83.551, 32.126], [-83.527, 32.118], [-83.5, 32.118], [-83.469, 32.118], [-83.436, 32.119], [-83.417, 32.127], [-83.384, 32.132], [-83.369, 32.132], [-83.364, 32.131], [-83.364, 32.133], [-83.36, 32.132], [-83.363, 32.129], [-83.362, 32.126], [-83.36, 32.121], [-83.357, 32.119], [-83.355, 32.115], [-83.351, 32.113], [-83.353, 32.111], [-83.357, 32.108], [-83.359, 32.106], [-83.349, 32.103], [-83.347, 32.104], [-83.344, 32.107], [-83.339, 32.107], [-83.337, 32.106], [-83.337, 32.106], [-83.33, 32.103], [-83.324, 32.1], [-83.319, 32.088], [-83.306, 32.089], [-83.298, 32.08], [-83.305, 32.073], [-83.301, 32.055], [-83.305, 32.046], [-83.299, 32.042], [-83.297, 32.036], [-83.295, 32.028], [-83.292, 32.021], [-83.292, 32.006], [-83.29, 32.003], [-83.285, 31.998], [-83.285, 31.992], [-83.288, 31.984], [-83.278, 31.968], [-83.264, 31.955], [-83.243, 31.948], [-83.239, 31.948], [-83.227, 31.938], [-83.222, 31.928], [-83.218, 31.915], [-83.206, 31.9], [-83.206, 31.9], [-83.206, 31.9], [-83.207, 31.896], [-83.202, 31.894], [-83.201, 31.891], [-83.204, 31.891], [-83.202, 31.887], [-83.201, 31.886], [-83.204, 31.885], [-83.202, 31.884], [-83.198, 31.884], [-83.2, 31.881], [-83.195, 31.878], [-83.193, 31.88], [-83.192, 31.875], [-83.189, 31.875], [-83.187, 31.877], [-83.183, 31.878], [-83.181, 31.879], [-83.181, 31.875], [-83.179, 31.872], [-83.178, 31.87], [-83.177, 31.867], [-83.181, 31.861], [-83.181, 31.857], [-83.178, 31.853], [-83.177, 31.848], [-83.177, 31.848], [-83.178, 31.848], [-83.18, 31.849], [-83.18, 31.851], [-83.182, 31.851], [-83.183, 31.852], [-83.184, 31.852], [-83.185, 31.851], [-83.186, 31.85], [-83.188, 31.85], [-83.19, 31.849], [-83.191, 31.849], [-83.197, 31.849], [-83.202, 31.849], [-83.207, 31.848], [-83.211, 31.845], [-83.22, 31.845], [-83.265, 31.845], [-83.286, 31.846], [-83.309, 31.846], [-83.319, 31.846], [-83.348, 31.846], [-83.357, 31.847], [-83.368, 31.847], [-83.387, 31.846], [-83.436, 31.847], [-83.48, 31.847], [-83.48, 31.847], [-83.485, 31.847], [-83.489, 31.847], [-83.495, 31.847], [-83.498, 31.847], [-83.507, 31.848], [-83.508, 31.848], [-83.512, 31.848], [-83.514, 31.848], [-83.519, 31.848], [-83.531, 31.848], [-83.533, 31.848], [-83.534, 31.848], [-83.534, 31.848], [-83.543, 31.848], [-83.548, 31.848], [-83.551, 31.853], [-83.559, 31.853], [-83.565, 31.853], [-83.57, 31.853], [-83.573, 31.853], [-83.587, 31.854], [-83.587, 31.854], [-83.59, 31.854], [-83.594, 31.854], [-83.596, 31.854], [-83.612, 31.854], [-83.612, 31.854], [-83.612, 31.86], [-83.612, 31.88], [-83.612, 31.892], [-83.612, 31.892], [-83.612, 31.893], [-83.612, 31.901], [-83.612, 31.914], [-83.611, 31.925], [-83.611, 31.936], [-83.611, 31.941], [-83.611, 31.944], [-83.611, 31.945], [-83.611, 31.952], [-83.611, 31.953], [-83.611, 31.954], [-83.611, 31.954], [-83.611, 31.955], [-83.611, 31.959], [-83.611, 31.959], [-83.611, 31.959], [-83.611, 31.96], [-83.611, 31.972], [-83.61, 32.0], [-83.61, 32.02], [-83.61, 32.027], [-83.61, 32.028], [-83.61, 32.028], [-83.61, 32.036], [-83.609, 32.036], [-83.609, 32.036], [-83.609, 32.045], [-83.609, 32.062], [-83.609, 32.067], [-83.609, 32.078], [-83.609, 32.08], [-83.609, 32.081]]]}, "properties": {"county_fips": "13315", "county_name": "Wilcox", "state": "GA"}}, {"type": "Feature", "id": "13321", "geometry": {"type": "Polygon", "coordinates": [[[-83.998, 31.407], [-83.998, 31.411], [-83.998, 31.415], [-83.998, 31.421], [-83.998, 31.427], [-83.998, 31.432], [-83.998, 31.437], [-83.998, 31.438], [-83.998, 31.442], [-83.998, 31.444], [-83.998, 31.444], [-83.998, 31.453], [-83.998, 31.46], [-83.983, 31.473], [-83.997, 31.48], [-83.997, 31.5], [-83.997, 31.513], [-83.997, 31.521], [-83.997, 31.529], [-83.997, 31.54], [-83.997, 31.55], [-83.982, 31.556], [-83.997, 31.566], [-83.997, 31.572], [-83.996, 31.577], [-83.996, 31.58], [-83.996, 31.585], [-83.996, 31.593], [-83.997, 31.598], [-83.997, 31.599], [-83.998, 31.625], [-84.006, 31.625], [-84.013, 31.625], [-84.003, 31.639], [-83.993, 31.644], [-84.018, 31.65], [-84.018, 31.65], [-84.018, 31.65], [-84.015, 31.659], [-84.013, 31.665], [-84.018, 31.677], [-84.02, 31.692], [-84.024, 31.7], [-84.025, 31.708], [-84.033, 31.715], [-84.024, 31.721], [-84.016, 31.731], [-84.008, 31.736], [-84.004, 31.748], [-83.996, 31.757], [-83.986, 31.765], [-83.994, 31.777], [-83.996, 31.786], [-84.009, 31.796], [-84.003, 31.804], [-83.99, 31.807], [-83.977, 31.803], [-83.979, 31.814], [-83.973, 31.827], [-83.964, 31.835], [-83.957, 31.84], [-83.948, 31.848], [-83.94, 31.848], [-83.939, 31.848], [-83.939, 31.848], [-83.933, 31.845], [-83.924, 31.848], [-83.919, 31.848], [-83.914, 31.847], [-83.901, 31.842], [-83.897, 31.841], [-83.892, 31.841], [-83.884, 31.839], [-83.88, 31.837], [-83.875, 31.837], [-83.872, 31.838], [-83.867, 31.837], [-83.86, 31.837], [-83.855, 31.833], [-83.85, 31.82], [-83.845, 31.831], [-83.842, 31.826], [-83.84, 31.824], [-83.836, 31.819], [-83.829, 31.813], [-83.825, 31.811], [-83.816, 31.812], [-83.813, 31.807], [-83.808, 31.804], [-83.802, 31.804], [-83.802, 31.803], [-83.802, 31.803], [-83.799, 31.774], [-83.797, 31.72], [-83.797, 31.669], [-83.764, 31.623], [-83.717, 31.62], [-83.712, 31.62], [-83.707, 31.619], [-83.705, 31.615], [-83.702, 31.609], [-83.699, 31.603], [-83.693, 31.602], [-83.691, 31.599], [-83.684, 31.597], [-83.679, 31.6], [-83.676, 31.598], [-83.67, 31.595], [-83.668, 31.588], [-83.67, 31.584], [-83.672, 31.579], [-83.672, 31.573], [-83.666, 31.567], [-83.661, 31.566], [-83.657, 31.57], [-83.653, 31.57], [-83.65, 31.568], [-83.649, 31.568], [-83.649, 31.567], [-83.65, 31.554], [-83.65, 31.537], [-83.65, 31.533], [-83.65, 31.516], [-83.65, 31.503], [-83.656, 31.485], [-83.666, 31.479], [-83.666, 31.474], [-83.666, 31.472], [-83.666, 31.461], [-83.666, 31.452], [-83.667, 31.441], [-83.667, 31.435], [-83.657, 31.434], [-83.652, 31.424], [-83.652, 31.413], [-83.653, 31.405], [-83.653, 31.393], [-83.653, 31.385], [-83.653, 31.376], [-83.653, 31.374], [-83.653, 31.362], [-83.654, 31.353], [-83.654, 31.336], [-83.654, 31.331], [-83.654, 31.331], [-83.654, 31.331], [-83.677, 31.331], [-83.698, 31.331], [-83.714, 31.33], [-83.714, 31.322], [-83.718, 31.318], [-83.739, 31.319], [-83.756, 31.319], [-83.759, 31.332], [-83.776, 31.332], [-83.791, 31.333], [-83.81, 31.333], [-83.829, 31.333], [-83.849, 31.333], [-83.859, 31.333], [-83.873, 31.333], [-83.882, 31.333], [-83.893, 31.334], [-83.912, 31.334], [-83.926, 31.334], [-83.938, 31.334], [-83.946, 31.334], [-83.956, 31.334], [-83.969, 31.335], [-83.985, 31.335], [-83.999, 31.335], [-83.999, 31.335], [-83.999, 31.335], [-83.999, 31.338], [-83.999, 31.344], [-83.999, 31.348], [-83.999, 31.349], [-83.999, 31.351], [-83.999, 31.352], [-83.999, 31.356], [-83.999, 31.361], [-83.999, 31.363], [-83.999, 31.365], [-83.999, 31.367], [-83.999, 31.373], [-83.999, 31.387], [-83.999, 31.397], [-83.998, 31.399], [-83.998, 31.406]]]}, "properties": {"county_fips": "13321", "county_name": "Worth", "state": "GA"}}]}